{"type":"FeatureCollection","name":"nepal-local-levels","bbox":[80.0601,26.3474,88.2039,30.4473],"features":[{"type":"Feature","properties":{"province":1,"provinceName":"Koshi","district":"Taplejung","localLevel":"Aathrai Tribeni","type":"rural_municipality"},"geometry":{"type":"Polygon","coordinates":[[[87.6246,27.3621],[87.6087,27.3709],[87.5979,27.3497],[87.5996,27.3438],[87.5761,27.3341],[87.5524,27.3124],[87.5447,27.2928],[87.56,27.285],[87.6093,27.2833],[87.6539,27.2678],[87.6824,27.2707],[87.6845,27.2795],[87.6988,27.2911],[87.698,27.2944],[87.6521,27.336],[87.6384,27.3341],[87.6252,27.3519],[87.6237,27.3612],[87.6246,27.3621]]]}},{"type":"Feature","properties":{"province":1,"provinceName":"Koshi","district":"Taplejung","localLevel":"Maiwakhola","type":"rural_municipality"},"geometry":{"type":"Polygon","coordinates":[[[87.6087,27.3709],[87.5923,27.3746],[87.5746,27.369],[87.5597,27.3737],[87.5428,27.3965],[87.5222,27.4113],[87.519,27.4214],[87.5146,27.4206],[87.5114,27.427],[87.4945,27.4345],[87.4966,27.4464],[87.4797,27.4632],[87.4736,27.4757],[87.4669,27.4804],[87.4614,27.474],[87.4636,27.4464],[87.4587,27.4256],[87.447,27.4059],[87.4592,27.3864],[87.461,27.3713],[87.4691,27.3665],[87.4822,27.343],[87.4951,27.3322],[87.5,27.3136],[87.5169,27.3058],[87.5191,27.2964],[87.5389,27.2908],[87.5447,27.2928],[87.5524,27.3124],[87.5761,27.3341],[87.5996,27.3438],[87.5979,27.3497],[87.6087,27.3708],[87.6087,27.3709]]]}},{"type":"Feature","properties":{"province":1,"provinceName":"Koshi","district":"Taplejung","localLevel":"Meringden","type":"rural_municipality"},"geometry":{"type":"Polygon","coordinates":[[[87.63,27.3766],[87.6174,27.4199],[87.6175,27.4453],[87.6097,27.4583],[87.6146,27.4838],[87.5898,27.4962],[87.5782,27.5193],[87.5567,27.5224],[87.5526,27.529],[87.5268,27.5428],[87.5111,27.5647],[87.518,27.5761],[87.5173,27.5925],[87.5227,27.5964],[87.5153,27.5987],[87.4844,27.5669],[87.4846,27.5547],[87.4898,27.5462],[87.4832,27.543],[87.4775,27.5269],[87.4793,27.5134],[87.4712,27.5079],[87.469,27.4956],[87.4742,27.4884],[87.4669,27.4804],[87.4966,27.4464],[87.4945,27.4345],[87.5114,27.427],[87.5146,27.4206],[87.519,27.4214],[87.5222,27.4113],[87.5428,27.3965],[87.5597,27.3737],[87.5746,27.369],[87.6015,27.3736],[87.6191,27.3681],[87.6246,27.3621],[87.6293,27.3761],[87.63,27.3766]]]}},{"type":"Feature","properties":{"province":1,"provinceName":"Koshi","district":"Taplejung","localLevel":"Mikwakhola","type":"rural_municipality"},"geometry":{"type":"Polygon","coordinates":[[[87.6873,27.4083],[87.678,27.4057],[87.6707,27.4167],[87.6734,27.4186],[87.6601,27.4247],[87.6601,27.4466],[87.6545,27.4552],[87.6595,27.4792],[87.6736,27.4963],[87.6727,27.5163],[87.6667,27.5307],[87.7056,27.5508],[87.724,27.5742],[87.7392,27.5832],[87.7357,27.6108],[87.7255,27.6152],[87.7286,27.6234],[87.7235,27.6325],[87.7275,27.6359],[87.7299,27.653],[87.722,27.6584],[87.7243,27.6664],[87.7106,27.6773],[87.6962,27.7001],[87.6889,27.703],[87.6889,27.7094],[87.6678,27.7298],[87.6527,27.7372],[87.6438,27.7307],[87.6467,27.7269],[87.6405,27.7185],[87.6419,27.7098],[87.6252,27.7118],[87.6177,27.7043],[87.6189,27.6883],[87.6094,27.6744],[87.5932,27.6811],[87.5823,27.6759],[87.5772,27.6929],[87.5655,27.699],[87.5613,27.6954],[87.5519,27.6805],[87.5483,27.6596],[87.5348,27.6519],[87.5463,27.6462],[87.5475,27.6374],[87.5373,27.6317],[87.5386,27.6238],[87.5303,27.6028],[87.5319,27.5946],[87.5275,27.5926],[87.5227,27.5964],[87.5173,27.5925],[87.518,27.5761],[87.5111,27.5647],[87.5315,27.5375],[87.5473,27.5326],[87.5567,27.5224],[87.5782,27.5193],[87.5898,27.4962],[87.6146,27.4838],[87.6097,27.4583],[87.6175,27.4453],[87.6174,27.4199],[87.63,27.3766],[87.6645,27.3871],[87.6869,27.407],[87.6873,27.4083]]]}},{"type":"Feature","properties":{"province":1,"provinceName":"Koshi","district":"Taplejung","localLevel":"Phaktanglung","type":"rural_municipality"},"geometry":{"type":"Polygon","coordinates":[[[88.151,27.7017],[88.158,27.7172],[88.161,27.7406],[88.1812,27.7468],[88.1794,27.7581],[88.186,27.766],[88.1839,27.7756],[88.1999,27.7906],[88.1895,27.8012],[88.1879,27.8104],[88.1758,27.8202],[88.1901,27.8251],[88.1972,27.8355],[88.2039,27.8372],[88.1987,27.8541],[88.181,27.8565],[88.1668,27.8682],[88.1375,27.8815],[88.1291,27.8815],[88.115,27.8682],[88.0984,27.867],[88.0936,27.8712],[88.0921,27.8872],[88.0868,27.8953],[88.0746,27.8935],[88.0671,27.8861],[88.0608,27.8882],[88.0566,27.8966],[88.0327,27.9057],[88.0242,27.8964],[88.005,27.8979],[87.9874,27.8857],[87.9691,27.893],[87.9583,27.9088],[87.9417,27.9106],[87.9348,27.9177],[87.9104,27.9167],[87.9018,27.9109],[87.8905,27.9099],[87.8793,27.9146],[87.8685,27.9105],[87.8566,27.9285],[87.8619,27.9364],[87.8596,27.9477],[87.8496,27.9461],[87.8342,27.9526],[87.8272,27.9359],[87.8273,27.9199],[87.8162,27.9212],[87.8067,27.9087],[87.7872,27.8991],[87.778,27.8777],[87.7812,27.8657],[87.7687,27.8593],[87.756,27.8357],[87.7464,27.8349],[87.7365,27.8191],[87.739,27.8133],[87.7357,27.809],[87.7266,27.8051],[87.7123,27.8111],[87.6897,27.8121],[87.668,27.8066],[87.6799,27.7896],[87.6734,27.7804],[87.6742,27.7732],[87.6597,27.7614],[87.6663,27.75],[87.6527,27.7372],[87.6678,27.7298],[87.6889,27.7094],[87.6889,27.703],[87.6962,27.7001],[87.7106,27.6773],[87.7243,27.6664],[87.722,27.6584],[87.7299,27.653],[87.7275,27.6359],[87.7235,27.6325],[87.7286,27.6234],[87.7255,27.6152],[87.7357,27.6108],[87.7392,27.5832],[87.724,27.5742],[87.7056,27.5508],[87.6667,27.5307],[87.6727,27.5163],[87.6738,27.4983],[87.6562,27.469],[87.6545,27.4552],[87.6601,27.4466],[87.6601,27.4247],[87.6734,27.4186],[87.6707,27.4167],[87.6785,27.4057],[87.6873,27.4083],[87.7049,27.4277],[87.7305,27.4286],[87.7653,27.4208],[87.7677,27.4307],[87.7832,27.4407],[87.7944,27.4414],[87.8036,27.4565],[87.8149,27.4549],[87.8279,27.4637],[87.8473,27.4598],[87.8793,27.4906],[87.9011,27.5011],[87.9027,27.5088],[87.8967,27.5142],[87.9153,27.5259],[87.9243,27.5374],[87.952,27.5548],[87.9727,27.5597],[87.9915,27.5769],[88.0075,27.5843],[88.0504,27.5899],[88.0694,27.6136],[88.0727,27.6408],[88.0821,27.6591],[88.0948,27.6672],[88.1138,27.671],[88.1283,27.6883],[88.1504,27.7013],[88.151,27.7017]]]}},{"type":"Feature","properties":{"province":1,"provinceName":"Koshi","district":"Taplejung","localLevel":"Phungling","type":"municipality"},"geometry":{"type":"Polygon","coordinates":[[[87.7839,27.3554],[87.7866,27.3634],[87.7832,27.3903],[87.7857,27.3964],[87.7928,27.3969],[87.8012,27.4047],[87.7968,27.4249],[87.8032,27.4318],[87.8033,27.4462],[87.8085,27.4541],[87.8036,27.4565],[87.7944,27.4414],[87.7832,27.4407],[87.7677,27.4307],[87.7653,27.4208],[87.7305,27.4286],[87.7045,27.4275],[87.6645,27.3871],[87.6293,27.3761],[87.6235,27.3609],[87.6252,27.3519],[87.6384,27.3341],[87.6517,27.3362],[87.6812,27.3097],[87.6981,27.3288],[87.7104,27.3361],[87.7207,27.3494],[87.7121,27.3529],[87.7322,27.3625],[87.7372,27.3751],[87.7477,27.3773],[87.7567,27.3608],[87.7729,27.3565],[87.7805,27.3604],[87.7837,27.3556],[87.7839,27.3554]]]}},{"type":"Feature","properties":{"province":1,"provinceName":"Koshi","district":"Taplejung","localLevel":"Sidingba","type":"rural_municipality"},"geometry":{"type":"Polygon","coordinates":[[[87.8338,27.2835],[87.8552,27.2856],[87.8722,27.2788],[87.883,27.2839],[87.8938,27.2818],[87.897,27.2861],[87.9198,27.2858],[87.9277,27.2803],[87.9566,27.2846],[87.9711,27.3004],[87.9766,27.3012],[87.9935,27.3238],[88.0064,27.3288],[88.0201,27.3539],[88.0276,27.389],[88.0365,27.4081],[88.0527,27.4267],[88.0705,27.439],[88.0602,27.4419],[88.0469,27.429],[88.0258,27.4195],[87.9996,27.4288],[87.9866,27.4384],[87.9709,27.4272],[87.9603,27.4266],[87.9244,27.3989],[87.9131,27.3808],[87.8639,27.3609],[87.8542,27.3461],[87.8592,27.3281],[87.8491,27.3174],[87.8502,27.3117],[87.8349,27.2908],[87.8346,27.2843],[87.8338,27.2835]]]}},{"type":"Feature","properties":{"province":1,"provinceName":"Koshi","district":"Taplejung","localLevel":"Sirijangha","type":"rural_municipality"},"geometry":{"type":"Polygon","coordinates":[[[88.0705,27.439],[88.0751,27.445],[88.0671,27.4535],[88.0697,27.4576],[88.0466,27.4782],[88.0463,27.4957],[88.0642,27.5118],[88.06,27.5176],[88.064,27.525],[88.0698,27.5261],[88.0616,27.5348],[88.0711,27.5461],[88.0718,27.5556],[88.0837,27.5646],[88.0778,27.5718],[88.0846,27.5847],[88.0923,27.5949],[88.1163,27.6104],[88.1227,27.6453],[88.1472,27.6654],[88.1514,27.6838],[88.1574,27.6904],[88.151,27.7017],[88.1283,27.6883],[88.1138,27.671],[88.0948,27.6672],[88.0821,27.6591],[88.0727,27.6408],[88.0694,27.6136],[88.0504,27.5899],[88.0107,27.5855],[87.9915,27.5769],[87.9727,27.5597],[87.952,27.5548],[87.8967,27.5142],[87.9027,27.5088],[87.9011,27.5011],[87.8793,27.4906],[87.8473,27.4598],[87.8279,27.4637],[87.8085,27.4541],[87.8033,27.4462],[87.8032,27.4318],[87.7968,27.4249],[87.801,27.4042],[87.7928,27.3969],[87.7857,27.3964],[87.7832,27.3903],[87.7866,27.3634],[87.7777,27.3404],[87.7778,27.3291],[87.79,27.3317],[87.807,27.3217],[87.8013,27.3097],[87.8358,27.2922],[87.8502,27.3117],[87.8491,27.3174],[87.8571,27.3229],[87.8594,27.3288],[87.8545,27.3476],[87.8659,27.3631],[87.9131,27.3808],[87.9244,27.3989],[87.9603,27.4266],[87.9709,27.4272],[87.9866,27.4384],[87.9996,27.4288],[88.0258,27.4195],[88.0469,27.429],[88.0602,27.4419],[88.0697,27.4392],[88.0705,27.439]]]}},{"type":"Feature","properties":{"province":1,"provinceName":"Koshi","district":"Taplejung","localLevel":"Pathibhara Yangwarak","type":"rural_municipality"},"geometry":{"type":"Polygon","coordinates":[[[87.7839,27.3554],[87.7805,27.3604],[87.7729,27.3565],[87.7567,27.3608],[87.7477,27.3773],[87.7372,27.3751],[87.7322,27.3625],[87.7121,27.3529],[87.7207,27.3494],[87.6816,27.3083],[87.6879,27.3071],[87.6988,27.2911],[87.7267,27.2858],[87.7344,27.2783],[87.7578,27.2807],[87.7835,27.2724],[87.8286,27.281],[87.8354,27.2852],[87.8358,27.2922],[87.8013,27.3097],[87.807,27.3217],[87.79,27.3317],[87.778,27.3287],[87.7777,27.3404],[87.7841,27.3549],[87.7839,27.3554]]]}},{"type":"Feature","properties":{"province":1,"provinceName":"Koshi","district":"Panchthar","localLevel":"Falelung","type":"rural_municipality"},"geometry":{"type":"Polygon","coordinates":[[[88.0151,27.2165],[87.9997,27.2207],[87.9759,27.216],[87.9526,27.2249],[87.9416,27.2224],[87.9317,27.2349],[87.9072,27.2441],[87.892,27.2297],[87.8848,27.235],[87.8703,27.2344],[87.8609,27.2235],[87.8384,27.2289],[87.8341,27.2102],[87.8445,27.1974],[87.8405,27.1881],[87.8326,27.1868],[87.8384,27.1685],[87.8375,27.1559],[87.8667,27.1512],[87.8724,27.1467],[87.8753,27.1351],[87.8926,27.1201],[87.9194,27.1141],[87.9059,27.0931],[87.9171,27.0941],[87.9203,27.0995],[87.9302,27.1023],[87.9463,27.0993],[87.9544,27.1058],[87.9648,27.1008],[87.9859,27.1022],[87.9942,27.1051],[87.99,27.119],[87.9938,27.1305],[88.01,27.143],[88.0136,27.1655],[88.022,27.1707],[88.0151,27.1773],[88.0186,27.1929],[88.0149,27.216],[88.0151,27.2165]]]}},{"type":"Feature","properties":{"province":1,"provinceName":"Koshi","district":"Panchthar","localLevel":"Falgunanda","type":"rural_municipality"},"geometry":{"type":"Polygon","coordinates":[[[87.8474,27.0543],[87.831,27.0609],[87.8174,27.0582],[87.8124,27.0669],[87.7932,27.0642],[87.7898,27.0689],[87.7459,27.0768],[87.7402,27.0826],[87.7379,27.1044],[87.725,27.0908],[87.7085,27.0973],[87.693,27.0955],[87.6845,27.1006],[87.6885,27.0932],[87.6773,27.0891],[87.671,27.0798],[87.6742,27.0653],[87.6899,27.0388],[87.676,27.0404],[87.6722,27.0319],[87.695,27.0172],[87.7144,26.9919],[87.7212,27],[87.7352,27.006],[87.742,27.0193],[87.7573,27.02],[87.7666,27.0129],[87.7805,27.0125],[87.7993,27.0268],[87.8435,27.0474],[87.8472,27.0535],[87.8474,27.0543]]]}},{"type":"Feature","properties":{"province":1,"provinceName":"Koshi","district":"Panchthar","localLevel":"Hilihang","type":"rural_municipality"},"geometry":{"type":"Polygon","coordinates":[[[87.7804,27.2729],[87.7578,27.2807],[87.7344,27.2783],[87.7267,27.2858],[87.7005,27.291],[87.6914,27.2883],[87.6845,27.2795],[87.6824,27.2707],[87.6886,27.2616],[87.7257,27.2417],[87.7539,27.2173],[87.7541,27.2081],[87.7472,27.1987],[87.7206,27.1873],[87.7148,27.1761],[87.7126,27.1554],[87.7165,27.1572],[87.7242,27.1501],[87.7432,27.1538],[87.755,27.1648],[87.7835,27.1635],[87.8045,27.1813],[87.8331,27.1833],[87.8327,27.187],[87.8407,27.1884],[87.8444,27.1988],[87.8344,27.2092],[87.8384,27.2289],[87.8315,27.2424],[87.7702,27.2496],[87.7804,27.2727],[87.7804,27.2729]]]}},{"type":"Feature","properties":{"province":1,"provinceName":"Koshi","district":"Panchthar","localLevel":"Kummayak","type":"rural_municipality"},"geometry":{"type":"Polygon","coordinates":[[[87.6873,27.101],[87.6939,27.1083],[87.6915,27.1133],[87.6971,27.1267],[87.6931,27.1292],[87.6965,27.1345],[87.6903,27.1383],[87.6936,27.1429],[87.6796,27.1426],[87.6657,27.1325],[87.6475,27.1324],[87.6473,27.1264],[87.6368,27.1184],[87.6149,27.1122],[87.5916,27.0993],[87.5729,27.0694],[87.5452,27.0509],[87.5374,27.0402],[87.5525,27.0336],[87.5634,27.0362],[87.5859,27.0309],[87.6085,27.0325],[87.6122,27.0112],[87.6225,27.0049],[87.6434,27.0052],[87.6633,27.0139],[87.6729,27.0084],[87.6913,27.0144],[87.695,27.0172],[87.6722,27.0319],[87.676,27.0404],[87.6899,27.0387],[87.6742,27.0653],[87.671,27.0798],[87.6773,27.0891],[87.6885,27.0932],[87.6842,27.1001],[87.6871,27.1006],[87.6873,27.101]]]}},{"type":"Feature","properties":{"province":1,"provinceName":"Koshi","district":"Panchthar","localLevel":"Miklajung","type":"rural_municipality"},"geometry":{"type":"Polygon","coordinates":[[[87.7144,26.9919],[87.6951,27.0165],[87.6743,27.0086],[87.6633,27.0139],[87.6436,27.0052],[87.6316,27.0055],[87.6374,27.0014],[87.6374,26.986],[87.6574,26.9794],[87.6572,26.9585],[87.6397,26.9449],[87.6223,26.9437],[87.5917,26.9266],[87.5808,26.9311],[87.567,26.9287],[87.5555,26.9456],[87.5374,26.9591],[87.5272,26.9601],[87.529,26.9454],[87.5234,26.9343],[87.5336,26.9135],[87.5343,26.9016],[87.5248,26.8845],[87.5468,26.8888],[87.5622,26.8845],[87.5699,26.8717],[87.5771,26.871],[87.5862,26.8595],[87.6143,26.8634],[87.6392,26.8603],[87.6496,26.8676],[87.6908,26.8807],[87.6929,26.8995],[87.7008,26.9115],[87.6965,26.9222],[87.7089,26.929],[87.6798,26.9517],[87.6928,26.9744],[87.7052,26.9791],[87.7127,26.9894],[87.7144,26.9919]]]}},{"type":"Feature","properties":{"province":1,"provinceName":"Koshi","district":"Panchthar","localLevel":"Phidim","type":"municipality"},"geometry":{"type":"Polygon","coordinates":[[[87.8326,27.1833],[87.8045,27.1813],[87.7897,27.1659],[87.7594,27.162],[87.755,27.1648],[87.7432,27.1538],[87.724,27.1501],[87.7165,27.1572],[87.7121,27.1551],[87.6911,27.1404],[87.6971,27.1267],[87.6915,27.1133],[87.6939,27.1083],[87.6873,27.101],[87.693,27.0955],[87.7085,27.0973],[87.725,27.0908],[87.7379,27.1044],[87.7402,27.0826],[87.7476,27.076],[87.7898,27.0689],[87.7932,27.0642],[87.8124,27.0669],[87.8174,27.0582],[87.831,27.0609],[87.8474,27.0543],[87.8548,27.0622],[87.8629,27.0618],[87.8838,27.082],[87.9077,27.0947],[87.9199,27.1135],[87.9134,27.1182],[87.8926,27.1201],[87.8753,27.1351],[87.8698,27.1496],[87.8375,27.1559],[87.8384,27.1685],[87.8327,27.1829],[87.8326,27.1833]]]}},{"type":"Feature","properties":{"province":1,"provinceName":"Koshi","district":"Panchthar","localLevel":"Tumbewa","type":"rural_municipality"},"geometry":{"type":"Polygon","coordinates":[[[87.6316,27.0055],[87.6128,27.0103],[87.6085,27.0325],[87.5859,27.0309],[87.5634,27.0362],[87.5525,27.0336],[87.5374,27.0402],[87.5356,27.0343],[87.542,27.0334],[87.5447,27.024],[87.5385,27.0132],[87.5226,27.0023],[87.514,26.9903],[87.5032,26.9837],[87.4951,26.985],[87.5148,26.9647],[87.5374,26.9591],[87.5555,26.9456],[87.567,26.9287],[87.5808,26.9311],[87.5917,26.9266],[87.6223,26.9437],[87.6397,26.9449],[87.6572,26.9585],[87.6574,26.9794],[87.6374,26.986],[87.6374,27.0014],[87.6318,27.0054],[87.6316,27.0055]]]}},{"type":"Feature","properties":{"province":1,"provinceName":"Koshi","district":"Panchthar","localLevel":"Yangwarak","type":"rural_municipality"},"geometry":{"type":"Polygon","coordinates":[[[88.0151,27.2165],[88.0215,27.2247],[88.0218,27.2356],[88.0274,27.237],[88.0335,27.2497],[88.0343,27.2859],[88.0474,27.2934],[88.0441,27.3041],[88.0551,27.3242],[88.0692,27.3356],[88.0602,27.3554],[88.052,27.3591],[88.0443,27.3718],[88.0532,27.4127],[88.0697,27.425],[88.0827,27.4264],[88.0812,27.4318],[88.0706,27.438],[88.0527,27.4267],[88.0369,27.4089],[88.0276,27.389],[88.0201,27.3539],[88.0064,27.3288],[87.9935,27.3238],[87.9766,27.3012],[87.9711,27.3004],[87.9535,27.2826],[87.9277,27.2803],[87.9198,27.2858],[87.897,27.2861],[87.8938,27.2818],[87.883,27.2839],[87.8722,27.2788],[87.8423,27.2859],[87.8107,27.2757],[87.7804,27.2729],[87.7702,27.2496],[87.8285,27.2441],[87.8394,27.2282],[87.8609,27.2235],[87.8703,27.2344],[87.8848,27.235],[87.8921,27.2297],[87.9065,27.2442],[87.9317,27.2349],[87.9416,27.2224],[87.9526,27.2249],[87.9759,27.216],[87.9997,27.2207],[88.0148,27.2165],[88.0151,27.2165]]]}},{"type":"Feature","properties":{"province":1,"provinceName":"Koshi","district":"Ilam","localLevel":"Chulachuli","type":"rural_municipality"},"geometry":{"type":"Polygon","coordinates":[[[87.7914,26.7457],[87.7848,26.741],[87.7665,26.7432],[87.7509,26.7285],[87.7436,26.7354],[87.7146,26.7371],[87.717,26.7426],[87.7103,26.7532],[87.6957,26.7569],[87.7049,26.7818],[87.6936,26.7891],[87.6855,26.7884],[87.6849,26.7969],[87.6784,26.8018],[87.6804,26.8132],[87.6916,26.8251],[87.679,26.8424],[87.651,26.8605],[87.6487,26.867],[87.6392,26.8603],[87.6021,26.8618],[87.6246,26.8425],[87.6369,26.8402],[87.6447,26.8299],[87.6504,26.8306],[87.655,26.8185],[87.6641,26.8145],[87.6586,26.7979],[87.6818,26.7812],[87.6657,26.7604],[87.6781,26.752],[87.6929,26.7563],[87.6897,26.7497],[87.7042,26.7316],[87.7109,26.6943],[87.721,26.6928],[87.7676,26.6649],[87.7933,26.6659],[87.7959,26.6801],[87.8206,26.6939],[87.8061,26.7082],[87.7997,26.738],[87.7915,26.7456],[87.7914,26.7457]]]}},{"type":"Feature","properties":{"province":1,"provinceName":"Koshi","district":"Ilam","localLevel":"Deumai","type":"municipality"},"geometry":{"type":"Polygon","coordinates":[[[87.8661,26.8237],[87.8695,26.8282],[87.8671,26.8478],[87.8551,26.8621],[87.8635,26.879],[87.8719,26.8818],[87.8658,26.8942],[87.8721,26.9049],[87.8702,26.9176],[87.8765,26.9156],[87.8898,26.922],[87.9037,26.9136],[87.9141,26.9146],[87.9085,26.9207],[87.9107,26.9249],[87.9064,26.9254],[87.9114,26.934],[87.9052,26.9408],[87.9056,26.9495],[87.8799,26.9587],[87.877,26.9669],[87.8538,26.9831],[87.8623,27.0037],[87.8549,27.0193],[87.8539,27.0381],[87.8438,27.0484],[87.7871,27.0172],[87.81,27.0012],[87.82,26.982],[87.8167,26.9778],[87.8198,26.9636],[87.8024,26.9544],[87.7701,26.9139],[87.7733,26.9006],[87.7851,26.8915],[87.7821,26.8834],[87.785,26.8793],[87.7804,26.8745],[87.7846,26.8711],[87.7747,26.8607],[87.7779,26.8537],[87.7718,26.846],[87.7774,26.8421],[87.7751,26.8389],[87.7798,26.8287],[87.7863,26.8294],[87.7897,26.8236],[87.7975,26.8287],[87.7977,26.8167],[87.8043,26.8222],[87.8092,26.818],[87.8085,26.8232],[87.8155,26.8222],[87.8169,26.8274],[87.8457,26.819],[87.8645,26.8233],[87.8661,26.8237]]]}},{"type":"Feature","properties":{"province":1,"provinceName":"Koshi","district":"Ilam","localLevel":"Fakphokthum","type":"rural_municipality"},"geometry":{"type":"Polygon","coordinates":[[[87.7871,27.0172],[87.7805,27.0125],[87.7675,27.0127],[87.7573,27.02],[87.742,27.0193],[87.7352,27.006],[87.7212,27],[87.7063,26.98],[87.6925,26.9741],[87.6798,26.9517],[87.7089,26.929],[87.6965,26.9222],[87.6999,26.9101],[87.7254,26.9111],[87.7643,26.9263],[87.7701,26.9139],[87.8024,26.9544],[87.8196,26.9631],[87.8167,26.9778],[87.82,26.982],[87.81,27.0012],[87.7873,27.0171],[87.7871,27.0172]]]}},{"type":"Feature","properties":{"province":1,"provinceName":"Koshi","district":"Ilam","localLevel":"Illam","type":"municipality"},"geometry":{"type":"Polygon","coordinates":[[[87.8629,27.0618],[87.8548,27.0622],[87.8438,27.0484],[87.8539,27.0381],[87.8549,27.0193],[87.8623,27.0037],[87.8538,26.9831],[87.877,26.9669],[87.8799,26.9587],[87.9056,26.9495],[87.9052,26.9408],[87.9114,26.934],[87.9064,26.9254],[87.9107,26.9249],[87.9085,26.9207],[87.9141,26.9146],[87.9037,26.9136],[87.8898,26.922],[87.8698,26.9166],[87.8721,26.9049],[87.8658,26.8942],[87.8719,26.8818],[87.8635,26.879],[87.8551,26.8621],[87.8671,26.8478],[87.8695,26.8282],[87.8661,26.8237],[87.8869,26.816],[87.9022,26.8248],[87.8984,26.8285],[87.9098,26.8357],[87.9058,26.8404],[87.9144,26.8486],[87.9123,26.8538],[87.9178,26.8643],[87.9213,26.8642],[87.9214,26.8582],[87.9371,26.8616],[87.9347,26.8698],[87.9487,26.8636],[87.9637,26.8753],[87.9891,26.871],[88,26.8606],[88.0139,26.8726],[88.0039,26.8932],[87.9921,26.8973],[87.9663,26.8873],[87.9535,26.8885],[87.9573,26.8908],[87.9501,26.909],[87.9542,26.9165],[87.9478,26.9364],[87.9523,26.9501],[87.9495,26.9539],[87.9689,26.973],[87.9648,26.979],[87.9698,26.9893],[87.9349,27.0079],[87.9304,27.0002],[87.935,26.9891],[87.9165,26.9878],[87.918,26.993],[87.9117,27.0027],[87.9033,27.0062],[87.9031,27.0144],[87.8961,27.0171],[87.8975,27.0349],[87.8817,27.0387],[87.8642,27.061],[87.8629,27.0618]]]}},{"type":"Feature","properties":{"province":1,"provinceName":"Koshi","district":"Ilam","localLevel":"Mai","type":"municipality"},"geometry":{"type":"Polygon","coordinates":[[[87.935,26.8608],[87.9214,26.8582],[87.9213,26.8642],[87.9143,26.8624],[87.9144,26.8486],[87.9058,26.8404],[87.9098,26.8357],[87.8984,26.8285],[87.9022,26.8248],[87.8869,26.816],[87.8689,26.8238],[87.8599,26.8249],[87.8543,26.8191],[87.8457,26.819],[87.8169,26.8274],[87.8155,26.8222],[87.8085,26.8232],[87.8092,26.818],[87.8043,26.8222],[87.7977,26.8167],[87.7975,26.8287],[87.7897,26.8236],[87.7855,26.8297],[87.7576,26.8109],[87.7699,26.8033],[87.7611,26.7958],[87.7671,26.793],[87.7612,26.7884],[87.7593,26.7792],[87.7714,26.7665],[87.7836,26.7655],[87.7876,26.7468],[87.7962,26.7442],[87.7997,26.738],[87.8015,26.7216],[87.8117,26.699],[87.8361,26.6874],[87.8477,26.6746],[87.8705,26.6717],[87.8645,26.6874],[87.8697,26.6918],[87.8819,26.6842],[87.9265,26.6971],[87.9364,26.6884],[87.9386,26.6923],[87.936,26.7085],[87.9296,26.7142],[87.9381,26.7261],[87.9529,26.7284],[87.9512,26.7394],[87.9603,26.7498],[87.9569,26.7611],[87.9498,26.7668],[87.9597,26.7678],[87.9653,26.7912],[87.9517,26.8163],[87.9541,26.8225],[87.9433,26.8273],[87.9597,26.8463],[87.9351,26.8604],[87.935,26.8608]]]}},{"type":"Feature","properties":{"province":1,"provinceName":"Koshi","district":"Ilam","localLevel":"Maijogmai","type":"rural_municipality"},"geometry":{"type":"Polygon","coordinates":[[[88.0911,27.0078],[88.0911,27.0153],[88.0802,27.035],[88.0623,27.0288],[88.0524,27.0342],[88.0483,27.0252],[88.0447,27.0273],[88.0406,27.023],[88.0358,27.027],[88.0283,27.0103],[87.9702,27.0004],[87.9714,26.9886],[87.9648,26.979],[87.9689,26.973],[87.9495,26.9539],[87.9523,26.9501],[87.9478,26.9364],[87.9542,26.9165],[87.9501,26.909],[87.9573,26.8908],[87.9535,26.8885],[87.9663,26.8873],[87.9835,26.8958],[87.9976,26.8969],[88.0261,26.9159],[88.0287,26.9129],[88.031,26.9165],[88.044,26.9154],[88.0581,26.9218],[88.062,26.9337],[88.0524,26.9464],[88.0561,26.9545],[88.0528,26.9621],[88.0566,26.9717],[88.0736,26.9772],[88.0831,26.9925],[88.0905,26.9963],[88.0909,27.0076],[88.0911,27.0078]]]}},{"type":"Feature","properties":{"province":1,"provinceName":"Koshi","district":"Ilam","localLevel":"Mangsebung","type":"rural_municipality"},"geometry":{"type":"Polygon","coordinates":[[[87.7701,26.9139],[87.7643,26.9263],[87.7254,26.9111],[87.7033,26.9125],[87.6943,26.9035],[87.6908,26.8807],[87.6487,26.867],[87.651,26.8605],[87.679,26.8424],[87.6859,26.8282],[87.6912,26.826],[87.6802,26.8129],[87.6784,26.802],[87.6849,26.7969],[87.6855,26.7884],[87.6936,26.7891],[87.7049,26.7818],[87.6959,26.7566],[87.7103,26.7532],[87.717,26.7426],[87.7146,26.7371],[87.7436,26.7354],[87.7505,26.7285],[87.7665,26.7432],[87.7848,26.741],[87.7914,26.7457],[87.7851,26.7512],[87.7836,26.7655],[87.7714,26.7665],[87.7593,26.7792],[87.7612,26.7884],[87.7671,26.793],[87.7611,26.7958],[87.7699,26.8033],[87.7576,26.8109],[87.7704,26.8165],[87.7715,26.8234],[87.7828,26.8268],[87.7716,26.85],[87.7777,26.8533],[87.7747,26.8607],[87.7846,26.8711],[87.7804,26.8745],[87.785,26.8793],[87.7821,26.8834],[87.7851,26.8915],[87.7733,26.9006],[87.7702,26.9135],[87.7701,26.9139]]]}},{"type":"Feature","properties":{"province":1,"provinceName":"Koshi","district":"Ilam","localLevel":"Rong","type":"rural_municipality"},"geometry":{"type":"Polygon","coordinates":[[[88.1751,26.8256],[88.1612,26.8311],[88.1611,26.8428],[88.1509,26.8365],[88.1464,26.841],[88.1325,26.8399],[88.126,26.8441],[88.1158,26.8239],[88.0968,26.8321],[88.089,26.8313],[88.0869,26.8417],[88.0807,26.8464],[88.0622,26.8454],[88.0529,26.8492],[88.0483,26.8435],[88.0425,26.8537],[88.0238,26.8497],[88.0097,26.8649],[88.0069,26.8572],[88.013,26.8398],[87.9936,26.8124],[87.9809,26.8075],[87.9702,26.7954],[87.9655,26.7773],[87.9741,26.7726],[87.9817,26.7777],[87.9783,26.7693],[87.9829,26.763],[87.981,26.758],[87.9839,26.7521],[87.9901,26.7521],[87.9995,26.7533],[88.0011,26.7696],[88.0069,26.7796],[88.0105,26.7668],[88.0222,26.7696],[88.0294,26.778],[88.0293,26.7663],[88.0379,26.7639],[88.0491,26.7449],[88.0606,26.7589],[88.0698,26.7913],[88.0797,26.783],[88.0953,26.8011],[88.0994,26.7953],[88.095,26.7899],[88.1009,26.7762],[88.0977,26.7745],[88.0993,26.7615],[88.1072,26.7482],[88.1142,26.7456],[88.128,26.7583],[88.1339,26.7779],[88.1387,26.7653],[88.1477,26.7691],[88.1573,26.7952],[88.1531,26.8055],[88.1615,26.799],[88.1685,26.7832],[88.1763,26.7802],[88.1875,26.7828],[88.1802,26.8033],[88.1815,26.8162],[88.1753,26.8255],[88.1751,26.8256]]]}},{"type":"Feature","properties":{"province":1,"provinceName":"Koshi","district":"Ilam","localLevel":"Sandakpur","type":"rural_municipality"},"geometry":{"type":"Polygon","coordinates":[[[88.0524,27.0342],[88.0406,27.036],[88.0329,27.0466],[88.0189,27.0735],[88.0237,27.0874],[88.0186,27.0881],[88.0046,27.1047],[87.9648,27.1008],[87.9552,27.1059],[87.9463,27.0993],[87.9266,27.1015],[87.9171,27.0941],[87.8981,27.0922],[87.8629,27.0618],[87.8817,27.0387],[87.8975,27.0349],[87.8961,27.0171],[87.9031,27.0144],[87.9033,27.0062],[87.9117,27.0027],[87.9171,26.9876],[87.935,26.9891],[87.9304,27.0002],[87.9349,27.0079],[87.9709,26.9877],[87.9702,27.0004],[88.0283,27.0103],[88.0358,27.027],[88.0406,27.023],[88.0447,27.0273],[88.0483,27.0252],[88.0523,27.034],[88.0524,27.0342]]]}},{"type":"Feature","properties":{"province":1,"provinceName":"Koshi","district":"Ilam","localLevel":"Suryodaya","type":"municipality"},"geometry":{"type":"Polygon","coordinates":[[[88.1751,26.8256],[88.1768,26.8332],[88.1702,26.8372],[88.1733,26.8449],[88.17,26.8493],[88.1773,26.8531],[88.1748,26.8686],[88.1692,26.8701],[88.1594,26.885],[88.139,26.8984],[88.1486,26.9207],[88.1231,26.9501],[88.1252,26.968],[88.1381,26.9846],[88.1177,26.9885],[88.0911,27.0078],[88.0905,26.9963],[88.0831,26.9925],[88.0736,26.9772],[88.0566,26.9717],[88.0528,26.9621],[88.0561,26.9545],[88.0524,26.9464],[88.062,26.9337],[88.0581,26.9218],[88.044,26.9154],[88.031,26.9165],[88.0287,26.9129],[88.0261,26.9159],[87.9976,26.8969],[87.9921,26.8973],[88.0042,26.8928],[88.0136,26.871],[88,26.8606],[87.9891,26.871],[87.9637,26.8753],[87.9487,26.8636],[87.9347,26.8698],[87.9329,26.8667],[87.9485,26.8497],[87.9597,26.8463],[87.9433,26.8273],[87.9541,26.8225],[87.9517,26.8163],[87.9653,26.7879],[87.9805,26.8072],[87.9936,26.8124],[88.013,26.8398],[88.0069,26.8572],[88.0097,26.8649],[88.0238,26.8497],[88.0425,26.8537],[88.0483,26.8435],[88.0529,26.8492],[88.0622,26.8454],[88.0807,26.8464],[88.0869,26.8417],[88.089,26.8313],[88.0968,26.8321],[88.1158,26.8239],[88.126,26.8441],[88.1325,26.8399],[88.1464,26.841],[88.1509,26.8365],[88.1611,26.8428],[88.1612,26.8311],[88.1748,26.8257],[88.1751,26.8256]]]}},{"type":"Feature","properties":{"province":1,"provinceName":"Koshi","district":"Jhapa","localLevel":"Arjundhara","type":"municipality"},"geometry":{"type":"Polygon","coordinates":[[[88.0315,26.7637],[88.0295,26.7779],[88.0222,26.7696],[88.0105,26.7668],[88.0067,26.7702],[88.0075,26.7798],[88.0011,26.7696],[87.9995,26.7533],[87.9839,26.7521],[87.9783,26.7693],[87.9817,26.7777],[87.9741,26.7726],[87.9659,26.7769],[87.9673,26.7896],[87.9614,26.7816],[87.9597,26.7678],[87.9498,26.7668],[87.9569,26.7611],[87.9603,26.7498],[87.9512,26.7394],[87.9529,26.7284],[87.9381,26.7261],[87.9291,26.7119],[87.936,26.7085],[87.939,26.7008],[87.9365,26.6879],[87.949,26.6691],[87.9421,26.6526],[87.9483,26.6506],[87.948,26.6403],[87.9672,26.6428],[87.9718,26.6529],[88.003,26.6552],[88.0082,26.6461],[88.0335,26.6495],[88.0419,26.6573],[88.0455,26.6799],[88.0401,26.7035],[88,26.7087],[87.9953,26.7126],[88.0193,26.7346],[88.0315,26.7632],[88.0315,26.7637]]]}},{"type":"Feature","properties":{"province":1,"provinceName":"Koshi","district":"Jhapa","localLevel":"Barhadashi","type":"rural_municipality"},"geometry":{"type":"Polygon","coordinates":[[[87.9436,26.6001],[87.9233,26.6018],[87.9235,26.6071],[87.9137,26.6027],[87.8947,26.6054],[87.8945,26.6093],[87.8897,26.6041],[87.8987,26.5938],[87.8997,26.5778],[87.9059,26.5764],[87.9016,26.5482],[87.9102,26.5307],[87.903,26.5228],[87.9039,26.5166],[87.9179,26.5065],[87.9111,26.4919],[87.9098,26.4708],[87.9256,26.4612],[87.9215,26.4497],[87.9406,26.4464],[87.9504,26.449],[87.9421,26.4579],[87.9489,26.4636],[87.9465,26.4686],[87.9546,26.4737],[87.9512,26.4758],[87.9534,26.4789],[87.9588,26.4803],[87.9559,26.4903],[87.9604,26.4924],[87.9592,26.5],[87.9748,26.5127],[87.9556,26.5137],[87.9497,26.5194],[87.9539,26.5207],[87.9507,26.5227],[87.9533,26.5294],[87.9388,26.5279],[87.9405,26.5495],[87.9646,26.5553],[87.9642,26.5598],[87.9699,26.5631],[87.9593,26.5715],[87.9645,26.5851],[87.9615,26.5911],[87.9437,26.5999],[87.9436,26.6001]]]}},{"type":"Feature","properties":{"province":1,"provinceName":"Koshi","district":"Jhapa","localLevel":"Bhadrapur","type":"municipality"},"geometry":{"type":"Polygon","coordinates":[[[88.108,26.5606],[88.1096,26.5675],[88.0985,26.5764],[88.1009,26.5867],[88.0934,26.5929],[88.0898,26.604],[88.0796,26.6129],[88.0763,26.6112],[88.0748,26.6166],[88.0644,26.6092],[88.0656,26.6022],[88.0523,26.6013],[88.0466,26.5961],[88.048,26.5878],[88.0523,26.5864],[88.0411,26.5753],[88.0467,26.5727],[88.0455,26.5657],[88.0509,26.5628],[88.0488,26.5507],[88.0524,26.5499],[88.0522,26.5374],[88.0573,26.5322],[88.0527,26.5304],[88.056,26.5281],[88.0493,26.5199],[88.0487,26.5112],[88.0566,26.5053],[88.0534,26.4976],[88.0629,26.4843],[88.0527,26.4845],[88.0485,26.4724],[88.0401,26.4688],[88.0337,26.4564],[88.0508,26.4544],[88.059,26.4626],[88.0641,26.4388],[88.0912,26.4339],[88.0984,26.4392],[88.0995,26.4519],[88.0945,26.4627],[88.1058,26.4655],[88.1005,26.4723],[88.1098,26.4752],[88.1029,26.4795],[88.1083,26.4892],[88.1029,26.4942],[88.1013,26.5054],[88.0929,26.5068],[88.0991,26.5109],[88.0977,26.5161],[88.1057,26.5186],[88.1063,26.536],[88.1009,26.5375],[88.1141,26.5449],[88.108,26.5504],[88.1079,26.5575],[88.108,26.5606]]]}},{"type":"Feature","properties":{"province":1,"provinceName":"Koshi","district":"Jhapa","localLevel":"Birtamod","type":"municipality"},"geometry":{"type":"Polygon","coordinates":[[[88.0335,26.6495],[88.008,26.6461],[88.003,26.6552],[87.9718,26.6529],[87.9672,26.6428],[87.959,26.6443],[87.9551,26.6405],[87.9585,26.6356],[87.9522,26.6312],[87.9529,26.6184],[87.944,26.6093],[87.9431,26.6023],[87.9631,26.5888],[87.9593,26.5715],[87.9696,26.5658],[87.968,26.5534],[87.9982,26.5599],[87.9999,26.5833],[88.011,26.5774],[88.0136,26.5815],[88.0216,26.5785],[88.0258,26.5818],[88.0396,26.5704],[88.0468,26.5718],[88.0412,26.5759],[88.0523,26.5864],[88.048,26.5878],[88.0465,26.5957],[88.0523,26.6013],[88.0361,26.6212],[88.0374,26.6443],[88.0338,26.649],[88.0335,26.6495]]]}},{"type":"Feature","properties":{"province":1,"provinceName":"Koshi","district":"Jhapa","localLevel":"Buddhashanti","type":"rural_municipality"},"geometry":{"type":"Polygon","coordinates":[[[88.1142,26.7456],[88.1072,26.7482],[88.0993,26.7615],[88.0977,26.7745],[88.1009,26.7762],[88.095,26.7899],[88.0993,26.796],[88.0949,26.8012],[88.0797,26.783],[88.0698,26.7913],[88.0606,26.7589],[88.0494,26.745],[88.0379,26.7639],[88.0315,26.7637],[88.0193,26.7346],[87.9953,26.7126],[88,26.7087],[88.0399,26.7036],[88.0423,26.6858],[88.0508,26.684],[88.0514,26.6889],[88.0595,26.691],[88.0836,26.6845],[88.0862,26.692],[88.0786,26.7047],[88.0838,26.7129],[88.0832,26.7225],[88.0973,26.7241],[88.107,26.7075],[88.1094,26.6894],[88.1182,26.679],[88.1261,26.7103],[88.1198,26.7122],[88.1169,26.7188],[88.1188,26.7217],[88.1236,26.7172],[88.125,26.7251],[88.1205,26.7402],[88.1143,26.7453],[88.1142,26.7456]]]}},{"type":"Feature","properties":{"province":1,"provinceName":"Koshi","district":"Jhapa","localLevel":"Damak","type":"municipality"},"geometry":{"type":"Polygon","coordinates":[[[87.7112,26.6942],[87.7042,26.7316],[87.6897,26.7497],[87.6809,26.7299],[87.6577,26.7157],[87.6554,26.6854],[87.645,26.6667],[87.644,26.6537],[87.6565,26.6331],[87.658,26.6155],[87.6498,26.6079],[87.6492,26.5996],[87.6409,26.5973],[87.6416,26.5892],[87.6523,26.5983],[87.6709,26.6024],[87.6789,26.6106],[87.6854,26.6338],[87.7124,26.6577],[87.7194,26.6761],[87.7115,26.6937],[87.7112,26.6942]]]}},{"type":"Feature","properties":{"province":1,"provinceName":"Koshi","district":"Jhapa","localLevel":"Gauradhaha","type":"municipality"},"geometry":{"type":"Polygon","coordinates":[[[87.7872,26.5216],[87.784,26.5337],[87.7775,26.5352],[87.7734,26.5435],[87.7412,26.5439],[87.748,26.5585],[87.7338,26.5682],[87.7335,26.5744],[87.7215,26.5879],[87.7201,26.5976],[87.7284,26.616],[87.7216,26.62],[87.7219,26.6276],[87.7141,26.6262],[87.7149,26.6165],[87.7085,26.6148],[87.7097,26.6037],[87.7019,26.6008],[87.7,26.5907],[87.6837,26.5922],[87.6759,26.5823],[87.6728,26.5876],[87.6647,26.5861],[87.6583,26.5937],[87.6383,26.5804],[87.6434,26.5753],[87.6484,26.5489],[87.6431,26.5291],[87.6451,26.5071],[87.651,26.4968],[87.6526,26.4808],[87.6625,26.4695],[87.6715,26.4738],[87.6828,26.4691],[87.6905,26.4869],[87.6886,26.4965],[87.6959,26.4959],[87.7021,26.4858],[87.6991,26.4821],[87.7054,26.4761],[87.7145,26.4773],[87.7192,26.4848],[87.7268,26.4859],[87.735,26.4808],[87.7581,26.4844],[87.7652,26.4774],[87.7586,26.4768],[87.7613,26.4737],[87.7945,26.4888],[87.795,26.4927],[87.7904,26.4912],[87.7861,26.4962],[87.7913,26.4997],[87.7877,26.5076],[87.7824,26.5074],[87.783,26.5203],[87.787,26.5211],[87.7872,26.5216]]]}},{"type":"Feature","properties":{"province":1,"provinceName":"Koshi","district":"Jhapa","localLevel":"Gauriganj","type":"rural_municipality"},"geometry":{"type":"Polygon","coordinates":[[[87.8302,26.5229],[87.7903,26.5276],[87.7932,26.5232],[87.7884,26.5251],[87.7899,26.5183],[87.7883,26.522],[87.7833,26.5208],[87.7817,26.5127],[87.7824,26.5074],[87.7873,26.5081],[87.791,26.5013],[87.7863,26.4958],[87.7904,26.4912],[87.795,26.4927],[87.7945,26.4888],[87.7588,26.473],[87.7591,26.4773],[87.7652,26.4774],[87.7577,26.4846],[87.7438,26.4805],[87.7203,26.4851],[87.7145,26.4773],[87.7054,26.4761],[87.6991,26.4821],[87.7021,26.4858],[87.6959,26.4959],[87.6883,26.4964],[87.6905,26.4871],[87.6828,26.4691],[87.6671,26.4731],[87.6597,26.4615],[87.6754,26.4495],[87.6777,26.436],[87.6946,26.4353],[87.701,26.4279],[87.7137,26.427],[87.7249,26.4189],[87.7254,26.4122],[87.7362,26.4075],[87.7416,26.4173],[87.75,26.4175],[87.7563,26.4078],[87.7672,26.41],[87.7701,26.4185],[87.7787,26.4215],[87.7756,26.4201],[87.7786,26.4249],[87.773,26.4272],[87.7779,26.4269],[87.7751,26.4298],[87.7803,26.4355],[87.7755,26.4358],[87.7803,26.4424],[87.7764,26.4501],[87.7815,26.4504],[87.7803,26.4534],[87.7911,26.4612],[87.7889,26.4677],[87.814,26.4615],[87.8288,26.4788],[87.8331,26.4905],[87.825,26.5],[87.8301,26.5228],[87.8302,26.5229]]]}},{"type":"Feature","properties":{"province":1,"provinceName":"Koshi","district":"Jhapa","localLevel":"Haldibari","type":"rural_municipality"},"geometry":{"type":"Polygon","coordinates":[[[88.045,26.5696],[88.033,26.5738],[88.0258,26.5818],[88.0216,26.5785],[88.0136,26.5815],[88.011,26.5774],[88,26.5833],[87.9981,26.5598],[87.968,26.5534],[87.9695,26.5588],[87.9647,26.5603],[87.9646,26.5553],[87.9405,26.5495],[87.9388,26.5279],[87.9533,26.5294],[87.9507,26.5227],[87.9539,26.5207],[87.9497,26.5194],[87.9556,26.5137],[87.9748,26.513],[87.9592,26.5],[87.9604,26.4924],[87.9559,26.4903],[87.9589,26.4804],[87.9512,26.4759],[87.955,26.4744],[87.9518,26.4676],[87.9689,26.4666],[87.975,26.4618],[87.9763,26.4504],[87.982,26.4486],[87.9866,26.4502],[87.9849,26.4532],[87.9905,26.451],[88.0012,26.4618],[88.0037,26.4552],[88.0379,26.4625],[88.0401,26.4688],[88.0485,26.4724],[88.0527,26.4845],[88.0629,26.4843],[88.0534,26.4976],[88.0566,26.5053],[88.0487,26.5112],[88.0493,26.5199],[88.056,26.5281],[88.0527,26.5304],[88.0573,26.5322],[88.0522,26.5374],[88.0483,26.558],[88.0511,26.5619],[88.0454,26.5696],[88.045,26.5696]]]}},{"type":"Feature","properties":{"province":1,"provinceName":"Koshi","district":"Jhapa","localLevel":"Jhapa","type":"rural_municipality"},"geometry":{"type":"Polygon","coordinates":[[[87.8997,26.5778],[87.887,26.5766],[87.89,26.5827],[87.8852,26.5883],[87.8756,26.5848],[87.8732,26.5899],[87.8699,26.5657],[87.8471,26.563],[87.8493,26.5519],[87.8391,26.5352],[87.8319,26.5322],[87.8342,26.5267],[87.829,26.521],[87.8255,26.5034],[87.8328,26.4884],[87.814,26.4615],[87.8322,26.4499],[87.8307,26.4398],[87.8512,26.4362],[87.8535,26.445],[87.8639,26.4486],[87.8607,26.4633],[87.8881,26.4762],[87.8907,26.4864],[87.9026,26.4771],[87.9089,26.4643],[87.9154,26.4664],[87.9083,26.4784],[87.9179,26.5065],[87.9039,26.5166],[87.903,26.5228],[87.9102,26.5307],[87.9016,26.5482],[87.9059,26.5764],[87.9001,26.5777],[87.8997,26.5778]]]}},{"type":"Feature","properties":{"province":1,"provinceName":"Koshi","district":"Jhapa","localLevel":"Kachankawal","type":"rural_municipality"},"geometry":{"type":"Polygon","coordinates":[[[88.0386,26.463],[88.0037,26.4552],[88.0012,26.4618],[87.9905,26.451],[87.9849,26.4532],[87.9866,26.4502],[87.9816,26.4485],[87.9763,26.4504],[87.975,26.4618],[87.9689,26.4666],[87.9468,26.4687],[87.9489,26.4636],[87.9421,26.4572],[87.9504,26.449],[87.9406,26.4464],[87.9215,26.4497],[87.9256,26.4612],[87.9154,26.4664],[87.9089,26.4643],[87.9122,26.4575],[87.9012,26.4485],[87.9266,26.4463],[87.9281,26.4401],[87.9185,26.4315],[87.9286,26.4274],[87.9298,26.4176],[87.9683,26.3968],[87.9942,26.3922],[87.995,26.3693],[88.0104,26.3608],[88.0326,26.3646],[88.0297,26.3707],[88.0339,26.3782],[88.0297,26.3815],[88.0368,26.3917],[88.0476,26.3956],[88.0499,26.4008],[88.058,26.4004],[88.0626,26.4094],[88.074,26.4077],[88.0721,26.4129],[88.0912,26.4339],[88.0632,26.4393],[88.059,26.4626],[88.0506,26.4544],[88.0337,26.4564],[88.0386,26.4628],[88.0386,26.463]]]}},{"type":"Feature","properties":{"province":1,"provinceName":"Koshi","district":"Jhapa","localLevel":"Kamal","type":"rural_municipality"},"geometry":{"type":"Polygon","coordinates":[[[87.7933,26.6659],[87.7676,26.6649],[87.7115,26.6969],[87.7194,26.6761],[87.7124,26.6577],[87.6854,26.6338],[87.6789,26.6106],[87.6709,26.6024],[87.6523,26.5983],[87.642,26.5877],[87.6446,26.5839],[87.6583,26.5937],[87.6647,26.5861],[87.6728,26.5876],[87.6759,26.5823],[87.6837,26.5922],[87.7,26.5907],[87.7019,26.6008],[87.7097,26.6037],[87.7085,26.6148],[87.7149,26.6165],[87.7141,26.6262],[87.7228,26.6273],[87.7216,26.62],[87.7284,26.616],[87.7201,26.5976],[87.7215,26.5879],[87.7335,26.5744],[87.7338,26.5682],[87.748,26.5585],[87.7412,26.5439],[87.7734,26.5435],[87.7775,26.5352],[87.784,26.5337],[87.7901,26.5184],[87.7883,26.5249],[87.7932,26.5232],[87.79,26.5272],[87.7953,26.5359],[87.794,26.5478],[87.784,26.555],[87.7826,26.5643],[87.7678,26.5841],[87.7726,26.5966],[87.7694,26.6132],[87.7717,26.6369],[87.7856,26.6474],[87.7931,26.6656],[87.7933,26.6659]]]}},{"type":"Feature","properties":{"province":1,"provinceName":"Koshi","district":"Jhapa","localLevel":"Kankai","type":"municipality"},"geometry":{"type":"Polygon","coordinates":[[[87.9364,26.6884],[87.9267,26.6971],[87.8817,26.6843],[87.8862,26.6747],[87.8736,26.6585],[87.8722,26.6421],[87.8594,26.6213],[87.858,26.6065],[87.8721,26.6019],[87.8714,26.591],[87.8756,26.5848],[87.8852,26.5883],[87.89,26.5827],[87.887,26.5766],[87.8997,26.5778],[87.8987,26.5938],[87.89,26.6023],[87.8945,26.6093],[87.8947,26.6054],[87.9137,26.6027],[87.9235,26.6071],[87.9233,26.6018],[87.9424,26.5996],[87.9438,26.6088],[87.9529,26.6184],[87.952,26.6306],[87.9586,26.6362],[87.948,26.6403],[87.9483,26.6506],[87.9421,26.6526],[87.949,26.6691],[87.9365,26.6879],[87.9364,26.6884]]]}},{"type":"Feature","properties":{"province":1,"provinceName":"Koshi","district":"Jhapa","localLevel":"Mechinagar","type":"municipality"},"geometry":{"type":"Polygon","coordinates":[[[88.1875,26.7828],[88.1763,26.7802],[88.1685,26.7832],[88.1615,26.799],[88.1532,26.8055],[88.1573,26.7952],[88.1477,26.7691],[88.1387,26.7653],[88.1339,26.7779],[88.128,26.7583],[88.1142,26.7456],[88.1205,26.7402],[88.125,26.7251],[88.1236,26.7172],[88.1188,26.7217],[88.1169,26.7188],[88.1198,26.7122],[88.1261,26.7103],[88.1183,26.6791],[88.1094,26.6894],[88.107,26.7075],[88.0979,26.7236],[88.0899,26.725],[88.0832,26.7225],[88.0838,26.7129],[88.0786,26.7052],[88.0862,26.692],[88.0836,26.6845],[88.0595,26.691],[88.0514,26.6889],[88.0508,26.684],[88.0437,26.6858],[88.042,26.6575],[88.0333,26.6517],[88.04,26.6124],[88.0507,26.6023],[88.0584,26.6011],[88.0657,26.6023],[88.0644,26.6092],[88.0718,26.6164],[88.0763,26.6112],[88.0802,26.6125],[88.1009,26.5867],[88.0985,26.5764],[88.1049,26.5745],[88.112,26.5567],[88.1162,26.5584],[88.1132,26.5617],[88.1177,26.5655],[88.1142,26.5647],[88.1158,26.5722],[88.1215,26.5678],[88.1202,26.5743],[88.1256,26.5719],[88.1278,26.5773],[88.1328,26.5734],[88.1299,26.5816],[88.1345,26.5929],[88.1325,26.601],[88.1417,26.6065],[88.1446,26.6255],[88.1631,26.6363],[88.1606,26.6398],[88.1657,26.6457],[88.1697,26.6992],[88.1846,26.7192],[88.189,26.7382],[88.1875,26.7828],[88.1875,26.7828]]]}},{"type":"Feature","properties":{"province":1,"provinceName":"Koshi","district":"Jhapa","localLevel":"Shivasataxi","type":"municipality"},"geometry":{"type":"Polygon","coordinates":[[[87.8206,26.6934],[87.7959,26.6801],[87.7892,26.6529],[87.7725,26.6387],[87.7694,26.6132],[87.7725,26.5956],[87.7678,26.5835],[87.7826,26.5643],[87.7841,26.5548],[87.7925,26.5515],[87.7953,26.5359],[87.7916,26.5294],[87.8302,26.5229],[87.8342,26.5267],[87.832,26.5323],[87.8391,26.5352],[87.8493,26.5519],[87.8473,26.5633],[87.86,26.562],[87.8715,26.5687],[87.8727,26.6011],[87.8583,26.6054],[87.8593,26.621],[87.8722,26.6421],[87.8736,26.6585],[87.8864,26.6757],[87.8718,26.6916],[87.8645,26.6874],[87.8686,26.6713],[87.8585,26.6758],[87.8477,26.6746],[87.8361,26.6874],[87.8208,26.6933],[87.8206,26.6934]]]}},{"type":"Feature","properties":{"province":1,"provinceName":"Koshi","district":"Morang","localLevel":"Belbari","type":"municipality"},"geometry":{"type":"Polygon","coordinates":[[[87.4945,26.6751],[87.4734,26.6791],[87.4796,26.6892],[87.4806,26.702],[87.4487,26.7183],[87.4294,26.7038],[87.417,26.6825],[87.4035,26.6778],[87.4002,26.6578],[87.4041,26.6545],[87.4055,26.6355],[87.4107,26.6302],[87.4006,26.6144],[87.391,26.6084],[87.3935,26.6048],[87.3866,26.6023],[87.3873,26.597],[87.3953,26.592],[87.3915,26.58],[87.3996,26.5756],[87.3936,26.5715],[87.4016,26.5632],[87.4021,26.5542],[87.4074,26.5519],[87.403,26.5453],[87.4064,26.5415],[87.4127,26.545],[87.4119,26.5498],[87.4313,26.5565],[87.4573,26.554],[87.4644,26.5675],[87.4712,26.5711],[87.4842,26.5639],[87.4868,26.5741],[87.4788,26.5811],[87.4752,26.6051],[87.4799,26.6081],[87.478,26.6204],[87.4824,26.6379],[87.4905,26.6491],[87.495,26.6748],[87.4945,26.6751]]]}},{"type":"Feature","properties":{"province":1,"provinceName":"Koshi","district":"Morang","localLevel":"Biratnagar","type":"metropolitan_city"},"geometry":{"type":"Polygon","coordinates":[[[87.3266,26.5056],[87.326,26.5102],[87.3008,26.5118],[87.2949,26.5081],[87.2931,26.4994],[87.2891,26.5092],[87.2739,26.5103],[87.2639,26.5035],[87.2546,26.5046],[87.2477,26.4908],[87.2464,26.4763],[87.2411,26.4696],[87.2475,26.4648],[87.2495,26.4533],[87.2467,26.442],[87.2506,26.4319],[87.245,26.4179],[87.2524,26.4091],[87.2587,26.4108],[87.2686,26.4053],[87.2684,26.3735],[87.2924,26.3731],[87.3082,26.3826],[87.2997,26.386],[87.3038,26.4054],[87.298,26.4099],[87.3078,26.4239],[87.3014,26.4319],[87.3058,26.4493],[87.3004,26.4511],[87.302,26.4556],[87.2935,26.466],[87.2912,26.4787],[87.2978,26.4847],[87.3113,26.4814],[87.3209,26.4841],[87.3201,26.4949],[87.3267,26.505],[87.3266,26.5056]]]}},{"type":"Feature","properties":{"province":1,"provinceName":"Koshi","district":"Morang","localLevel":"Budhiganga","type":"rural_municipality"},"geometry":{"type":"Polygon","coordinates":[[[87.3561,26.6066],[87.3484,26.6092],[87.3439,26.6041],[87.3289,26.6077],[87.3267,26.6245],[87.3194,26.6137],[87.3029,26.6172],[87.2879,26.5927],[87.2938,26.5762],[87.2865,26.5588],[87.2802,26.5587],[87.2686,26.5484],[87.2633,26.5341],[87.2565,26.5362],[87.2579,26.529],[87.2486,26.5212],[87.25,26.5153],[87.253,26.5216],[87.2566,26.5195],[87.2524,26.5111],[87.2546,26.5046],[87.2639,26.5035],[87.2739,26.5103],[87.2889,26.5092],[87.2956,26.5],[87.2944,26.5069],[87.3042,26.5181],[87.3046,26.5305],[87.313,26.54],[87.3166,26.5574],[87.3415,26.5756],[87.3458,26.5863],[87.3444,26.5986],[87.3559,26.6064],[87.3561,26.6066]]]}},{"type":"Feature","properties":{"province":1,"provinceName":"Koshi","district":"Morang","localLevel":"Dhanpalthan","type":"rural_municipality"},"geometry":{"type":"Polygon","coordinates":[[[87.4057,26.5157],[87.3941,26.5142],[87.3958,26.5097],[87.3805,26.4929],[87.376,26.4775],[87.3682,26.4769],[87.3586,26.4663],[87.3622,26.4567],[87.358,26.4385],[87.366,26.437],[87.3713,26.4077],[87.3786,26.4067],[87.391,26.4187],[87.4303,26.4221],[87.4688,26.444],[87.4619,26.4459],[87.4634,26.4539],[87.4572,26.4575],[87.4576,26.4655],[87.4301,26.4693],[87.4208,26.4782],[87.4214,26.502],[87.4097,26.506],[87.4104,26.5136],[87.4057,26.5156],[87.4057,26.5157]]]}},{"type":"Feature","properties":{"province":1,"provinceName":"Koshi","district":"Morang","localLevel":"Gramthan","type":"rural_municipality"},"geometry":{"type":"Polygon","coordinates":[[[87.3914,26.6073],[87.3756,26.6082],[87.3716,26.6013],[87.3561,26.6066],[87.3463,26.6014],[87.3427,26.5772],[87.3166,26.5574],[87.3006,26.5117],[87.326,26.5102],[87.3266,26.5056],[87.3365,26.5097],[87.3337,26.5014],[87.3469,26.5021],[87.3475,26.5226],[87.3716,26.5241],[87.3673,26.5296],[87.3694,26.5349],[87.3777,26.5379],[87.383,26.537],[87.3787,26.5287],[87.3812,26.5242],[87.3868,26.5264],[87.3904,26.5208],[87.398,26.5194],[87.4033,26.524],[87.4088,26.534],[87.403,26.5448],[87.4075,26.5515],[87.4021,26.5542],[87.4016,26.5632],[87.3936,26.5715],[87.3996,26.5753],[87.3916,26.5795],[87.3953,26.592],[87.3871,26.5973],[87.3916,26.6072],[87.3914,26.6073]]]}},{"type":"Feature","properties":{"province":1,"provinceName":"Koshi","district":"Morang","localLevel":"Jahada","type":"rural_municipality"},"geometry":{"type":"Polygon","coordinates":[[[87.3603,26.4693],[87.3488,26.4667],[87.3503,26.4631],[87.3418,26.4594],[87.3432,26.4557],[87.33,26.446],[87.3275,26.4385],[87.3039,26.4417],[87.3014,26.4319],[87.3078,26.4239],[87.298,26.4099],[87.3038,26.4054],[87.2997,26.386],[87.3082,26.3826],[87.2921,26.3741],[87.3038,26.3659],[87.3148,26.3711],[87.3435,26.3474],[87.3608,26.3607],[87.3558,26.3717],[87.3589,26.3879],[87.3713,26.4077],[87.366,26.437],[87.358,26.4385],[87.3622,26.4567],[87.36,26.4688],[87.3603,26.4693]]]}},{"type":"Feature","properties":{"province":1,"provinceName":"Koshi","district":"Morang","localLevel":"Kanepokhari","type":"rural_municipality"},"geometry":{"type":"Polygon","coordinates":[[[87.5358,26.667],[87.4965,26.6674],[87.4945,26.6751],[87.4905,26.6491],[87.4824,26.6379],[87.478,26.6204],[87.4817,26.6145],[87.4752,26.6051],[87.4788,26.5811],[87.4868,26.5741],[87.4844,26.5644],[87.4717,26.5712],[87.4644,26.5675],[87.4632,26.5599],[87.457,26.5572],[87.4608,26.5491],[87.4544,26.5422],[87.4554,26.5266],[87.4758,26.5327],[87.4879,26.5291],[87.4899,26.5377],[87.5027,26.5468],[87.5074,26.5409],[87.5154,26.5407],[87.5163,26.5315],[87.5226,26.5287],[87.5308,26.532],[87.5267,26.543],[87.5345,26.5526],[87.5286,26.5555],[87.533,26.5647],[87.5253,26.5724],[87.5311,26.5743],[87.5252,26.5827],[87.5301,26.5905],[87.524,26.5985],[87.5309,26.6195],[87.5354,26.6178],[87.5374,26.6286],[87.5426,26.6319],[87.5381,26.6517],[87.5401,26.6626],[87.5358,26.6667],[87.5358,26.667]]]}},{"type":"Feature","properties":{"province":1,"provinceName":"Koshi","district":"Morang","localLevel":"Katahari","type":"rural_municipality"},"geometry":{"type":"Polygon","coordinates":[[[87.4064,26.5278],[87.3984,26.5195],[87.3916,26.5202],[87.3869,26.5263],[87.3792,26.5269],[87.3828,26.5376],[87.3703,26.5364],[87.3673,26.5296],[87.3718,26.5242],[87.3474,26.5225],[87.3469,26.5021],[87.3337,26.5014],[87.3372,26.5091],[87.3325,26.5093],[87.3201,26.4949],[87.3203,26.4837],[87.2938,26.483],[87.2932,26.4668],[87.2998,26.4617],[87.3021,26.4554],[87.2991,26.4545],[87.3056,26.4498],[87.3057,26.4427],[87.3275,26.4385],[87.33,26.446],[87.3432,26.4557],[87.3418,26.4594],[87.3503,26.4631],[87.3488,26.4667],[87.3559,26.4709],[87.3619,26.4676],[87.3678,26.4767],[87.3758,26.4773],[87.3805,26.4929],[87.3958,26.5097],[87.3941,26.5142],[87.4067,26.5155],[87.4069,26.5218],[87.4117,26.5195],[87.4137,26.5261],[87.4064,26.5276],[87.4064,26.5278]]]}},{"type":"Feature","properties":{"province":1,"provinceName":"Koshi","district":"Morang","localLevel":"Kerabari","type":"rural_municipality"},"geometry":{"type":"Polygon","coordinates":[[[87.5117,26.8572],[87.51,26.8693],[87.5055,26.8731],[87.4765,26.8672],[87.4745,26.8615],[87.463,26.8638],[87.4554,26.8578],[87.4517,26.864],[87.4316,26.8632],[87.4239,26.8702],[87.4033,26.863],[87.3945,26.8655],[87.3869,26.8533],[87.3715,26.8454],[87.35,26.8493],[87.3564,26.8387],[87.3493,26.8252],[87.3516,26.8201],[87.3261,26.7873],[87.3264,26.7743],[87.3409,26.7526],[87.3419,26.737],[87.3326,26.7286],[87.3276,26.7148],[87.3752,26.7021],[87.381,26.7092],[87.4032,26.7064],[87.3985,26.6897],[87.4035,26.6778],[87.417,26.6825],[87.4294,26.7038],[87.4602,26.7287],[87.461,26.7399],[87.4498,26.7495],[87.452,26.7665],[87.446,26.7797],[87.4532,26.8008],[87.4494,26.8079],[87.4441,26.8085],[87.4475,26.8133],[87.4433,26.823],[87.465,26.8267],[87.4894,26.8187],[87.4989,26.8361],[87.506,26.8364],[87.5129,26.8433],[87.5131,26.8499],[87.5092,26.8516],[87.5115,26.8572],[87.5117,26.8572]]]}},{"type":"Feature","properties":{"province":1,"provinceName":"Koshi","district":"Morang","localLevel":"Letang","type":"municipality"},"geometry":{"type":"Polygon","coordinates":[[[87.5485,26.8619],[87.5368,26.8623],[87.5316,26.8568],[87.5229,26.8618],[87.5107,26.857],[87.5129,26.8433],[87.506,26.8364],[87.4989,26.8361],[87.4894,26.8187],[87.465,26.8267],[87.4433,26.823],[87.4475,26.8133],[87.4441,26.8085],[87.4494,26.8079],[87.4532,26.8008],[87.446,26.7797],[87.452,26.7665],[87.4498,26.7495],[87.4563,26.7474],[87.4612,26.7393],[87.4602,26.7287],[87.4487,26.7183],[87.4806,26.702],[87.4796,26.6892],[87.4734,26.6791],[87.4957,26.6747],[87.4965,26.6674],[87.576,26.6677],[87.5797,26.6689],[87.5703,26.6841],[87.5743,26.6893],[87.5949,26.6905],[87.6134,26.6785],[87.6166,26.6826],[87.6117,26.6869],[87.6103,26.6987],[87.5869,26.7252],[87.5541,26.7481],[87.5665,26.7907],[87.5621,26.8133],[87.5678,26.8231],[87.5573,26.8317],[87.5636,26.8468],[87.5499,26.8537],[87.5485,26.8617],[87.5485,26.8619]]]}},{"type":"Feature","properties":{"province":1,"provinceName":"Koshi","district":"Morang","localLevel":"Miklajung","type":"rural_municipality"},"geometry":{"type":"Polygon","coordinates":[[[87.5826,26.861],[87.5757,26.8566],[87.561,26.8631],[87.5485,26.8619],[87.5499,26.8537],[87.5636,26.8468],[87.5573,26.8317],[87.5678,26.8231],[87.5621,26.8133],[87.5665,26.7907],[87.5541,26.7481],[87.5869,26.7252],[87.6099,26.6992],[87.6217,26.7035],[87.6243,26.7098],[87.6212,26.7159],[87.6282,26.7217],[87.6566,26.7106],[87.6591,26.7171],[87.6812,26.7302],[87.6865,26.7464],[87.6934,26.7526],[87.6879,26.7572],[87.6781,26.752],[87.6657,26.7604],[87.6762,26.7712],[87.6812,26.7842],[87.6586,26.7979],[87.6641,26.8145],[87.655,26.8185],[87.6504,26.8306],[87.6447,26.8299],[87.6369,26.8402],[87.6246,26.8425],[87.6021,26.8618],[87.583,26.8611],[87.5826,26.861]]]}},{"type":"Feature","properties":{"province":1,"provinceName":"Koshi","district":"Morang","localLevel":"Patahrishanishchare","type":"municipality"},"geometry":{"type":"Polygon","coordinates":[[[87.5797,26.6689],[87.5358,26.667],[87.5401,26.6626],[87.5381,26.6517],[87.5426,26.6319],[87.5374,26.6286],[87.5354,26.6178],[87.5309,26.6195],[87.524,26.5985],[87.5301,26.5905],[87.5252,26.5831],[87.5293,26.5797],[87.527,26.5771],[87.5344,26.5757],[87.5348,26.57],[87.5455,26.5635],[87.561,26.5623],[87.559,26.555],[87.5688,26.5509],[87.5753,26.5565],[87.5902,26.5568],[87.5946,26.5677],[87.603,26.5723],[87.5967,26.5844],[87.5968,26.5981],[87.6055,26.6176],[87.6085,26.6443],[87.6005,26.6559],[87.5846,26.6625],[87.5801,26.6688],[87.5797,26.6689]]]}},{"type":"Feature","properties":{"province":1,"provinceName":"Koshi","district":"Morang","localLevel":"Rangeli","type":"municipality"},"geometry":{"type":"Polygon","coordinates":[[[87.4573,26.554],[87.4313,26.5565],[87.4119,26.5498],[87.4127,26.545],[87.4064,26.5415],[87.4066,26.5271],[87.4137,26.5256],[87.411,26.5187],[87.4061,26.5215],[87.4057,26.5153],[87.4104,26.5136],[87.4097,26.506],[87.4214,26.502],[87.4205,26.4786],[87.4301,26.4693],[87.4576,26.4655],[87.4572,26.4575],[87.4634,26.4539],[87.4619,26.4459],[87.4688,26.4452],[87.4648,26.4389],[87.5189,26.4306],[87.5393,26.4207],[87.5458,26.4258],[87.5447,26.4318],[87.5395,26.434],[87.5302,26.4607],[87.5262,26.461],[87.5231,26.4545],[87.5195,26.4619],[87.5133,26.4624],[87.5101,26.4762],[87.5003,26.481],[87.511,26.4968],[87.5172,26.4945],[87.5262,26.5],[87.5191,26.5094],[87.5299,26.5198],[87.5298,26.5257],[87.5225,26.5253],[87.5148,26.5337],[87.5154,26.5407],[87.5074,26.5409],[87.5051,26.5469],[87.4899,26.5377],[87.4879,26.5291],[87.4758,26.5327],[87.4554,26.5266],[87.4544,26.5422],[87.4608,26.5491],[87.4574,26.5537],[87.4573,26.554]]]}},{"type":"Feature","properties":{"province":1,"provinceName":"Koshi","district":"Morang","localLevel":"Ratuwamai","type":"municipality"},"geometry":{"type":"Polygon","coordinates":[[[87.6439,26.5579],[87.6362,26.5643],[87.6354,26.575],[87.6298,26.5758],[87.6263,26.5888],[87.5993,26.5885],[87.5967,26.5844],[87.6029,26.5719],[87.5942,26.5671],[87.59,26.5489],[87.5816,26.5418],[87.5832,26.535],[87.5905,26.5362],[87.5919,26.5275],[87.5791,26.5112],[87.5854,26.5011],[87.5771,26.5008],[87.5768,26.478],[87.5816,26.4724],[87.5788,26.4549],[87.5942,26.4466],[87.5898,26.4388],[87.6026,26.437],[87.6003,26.424],[87.6082,26.4095],[87.5965,26.3973],[87.5865,26.3953],[87.5904,26.392],[87.5896,26.3818],[87.6097,26.3808],[87.6146,26.3898],[87.6292,26.3934],[87.6544,26.3932],[87.6528,26.4055],[87.6808,26.4155],[87.6817,26.4361],[87.6746,26.4413],[87.6754,26.4495],[87.6603,26.4599],[87.6623,26.4711],[87.6526,26.4808],[87.651,26.4968],[87.6451,26.5071],[87.6431,26.5291],[87.6484,26.5489],[87.6439,26.5577],[87.6439,26.5579]]]}},{"type":"Feature","properties":{"province":1,"provinceName":"Koshi","district":"Morang","localLevel":"Sundarharaicha","type":"municipality"},"geometry":{"type":"Polygon","coordinates":[[[87.3276,26.7148],[87.322,26.7157],[87.3241,26.7113],[87.3165,26.7053],[87.3065,26.6763],[87.2964,26.6676],[87.2918,26.6699],[87.2888,26.6627],[87.2874,26.6515],[87.3035,26.6302],[87.3029,26.6172],[87.3194,26.6137],[87.3267,26.6245],[87.33,26.6073],[87.3439,26.6041],[87.3501,26.6092],[87.3695,26.6012],[87.3756,26.6082],[87.3911,26.6071],[87.4107,26.6302],[87.4055,26.6355],[87.4041,26.6545],[87.4002,26.6578],[87.4044,26.6751],[87.3985,26.6897],[87.4032,26.7064],[87.381,26.7092],[87.3752,26.7021],[87.3281,26.7148],[87.3276,26.7148]]]}},{"type":"Feature","properties":{"province":1,"provinceName":"Koshi","district":"Morang","localLevel":"Sunwarshi","type":"municipality"},"geometry":{"type":"Polygon","coordinates":[[[87.5902,26.5568],[87.5753,26.5565],[87.5681,26.551],[87.5589,26.5551],[87.561,26.5623],[87.5399,26.566],[87.5341,26.5759],[87.5255,26.5731],[87.533,26.5647],[87.5287,26.5551],[87.5345,26.5526],[87.5267,26.543],[87.5308,26.532],[87.5218,26.527],[87.5301,26.5251],[87.5299,26.5198],[87.5191,26.5094],[87.5262,26.5],[87.5172,26.4945],[87.511,26.4968],[87.5003,26.481],[87.5101,26.4762],[87.5133,26.4624],[87.5195,26.4619],[87.5231,26.4545],[87.5262,26.461],[87.5302,26.4607],[87.5395,26.434],[87.5447,26.4318],[87.5458,26.4258],[87.5393,26.4207],[87.55,26.4182],[87.5553,26.4054],[87.586,26.3933],[87.6082,26.4089],[87.6001,26.4251],[87.6026,26.437],[87.5898,26.4388],[87.5942,26.4466],[87.5788,26.4552],[87.5816,26.4724],[87.5768,26.478],[87.5771,26.5008],[87.5854,26.5011],[87.5791,26.5112],[87.5919,26.5275],[87.5905,26.5362],[87.5832,26.535],[87.5816,26.5418],[87.5898,26.5485],[87.5901,26.5562],[87.5902,26.5568]]]}},{"type":"Feature","properties":{"province":1,"provinceName":"Koshi","district":"Morang","localLevel":"Uralabari","type":"municipality"},"geometry":{"type":"Polygon","coordinates":[[[87.6566,26.7106],[87.6274,26.7214],[87.6212,26.7159],[87.6243,26.7098],[87.6217,26.7035],[87.6099,26.6992],[87.6149,26.6787],[87.5943,26.6905],[87.5743,26.6893],[87.5703,26.6842],[87.5769,26.6701],[87.6005,26.6559],[87.6085,26.6443],[87.6086,26.6315],[87.5962,26.5874],[87.6263,26.5888],[87.6295,26.5764],[87.6353,26.5752],[87.6361,26.5644],[87.6432,26.5579],[87.6434,26.5753],[87.6382,26.5803],[87.6447,26.5835],[87.6408,26.5967],[87.6492,26.5996],[87.6498,26.6079],[87.658,26.6155],[87.6565,26.6331],[87.644,26.6535],[87.645,26.6667],[87.6554,26.6854],[87.6566,26.7104],[87.6566,26.7106]]]}},{"type":"Feature","properties":{"province":1,"provinceName":"Koshi","district":"Sunsari","localLevel":"Barah","type":"municipality"},"geometry":{"type":"Polygon","coordinates":[[[87.2023,26.8657],[87.1873,26.8706],[87.1817,26.8768],[87.1606,26.875],[87.1551,26.8689],[87.1521,26.8467],[87.1446,26.8351],[87.1445,26.8153],[87.1076,26.7545],[87.0714,26.7501],[87.0665,26.7441],[87.0454,26.756],[87.0368,26.7503],[87.027,26.7294],[87.0164,26.7219],[87.0163,26.7164],[87.0317,26.709],[87.0421,26.7095],[87.0642,26.701],[87.0628,26.6913],[87.078,26.678],[87.0363,26.6282],[87.0614,26.6362],[87.0639,26.63],[87.0764,26.6293],[87.0835,26.6475],[87.1123,26.6625],[87.1314,26.6909],[87.1302,26.695],[87.1389,26.6967],[87.1519,26.7171],[87.1677,26.7204],[87.1709,26.7275],[87.1694,26.7185],[87.1873,26.7161],[87.1965,26.7283],[87.2053,26.7311],[87.2143,26.7714],[87.2349,26.8029],[87.2053,26.8085],[87.2159,26.8391],[87.2106,26.8477],[87.202,26.851],[87.2021,26.8654],[87.2023,26.8657]]]}},{"type":"Feature","properties":{"province":1,"provinceName":"Koshi","district":"Sunsari","localLevel":"Barju","type":"rural_municipality"},"geometry":{"type":"Polygon","coordinates":[[[87.2109,26.5018],[87.1976,26.4986],[87.1952,26.516],[87.1877,26.5087],[87.1899,26.5138],[87.1808,26.5179],[87.1701,26.5059],[87.1711,26.5017],[87.165,26.5015],[87.1593,26.494],[87.1668,26.4831],[87.1663,26.4762],[87.1774,26.4682],[87.1722,26.4557],[87.1867,26.4321],[87.1889,26.4139],[87.2138,26.4128],[87.2214,26.4029],[87.2313,26.4134],[87.2476,26.4139],[87.2495,26.4533],[87.2475,26.4648],[87.2411,26.4696],[87.2481,26.4859],[87.2408,26.4885],[87.2362,26.4972],[87.2265,26.4951],[87.2233,26.4839],[87.2087,26.4863],[87.2136,26.4966],[87.211,26.5015],[87.2109,26.5018]]]}},{"type":"Feature","properties":{"province":1,"provinceName":"Koshi","district":"Sunsari","localLevel":"Bhokraha Narsingh","type":"rural_municipality"},"geometry":{"type":"Polygon","coordinates":[[[87.1116,26.6618],[87.0852,26.6492],[87.0741,26.6259],[87.0777,26.617],[87.0727,26.604],[87.0802,26.5881],[87.0744,26.584],[87.0751,26.5416],[87.0823,26.5229],[87.0998,26.522],[87.096,26.5277],[87.1009,26.5318],[87.0979,26.5374],[87.1097,26.547],[87.1238,26.5454],[87.1175,26.5606],[87.1242,26.5622],[87.1244,26.5676],[87.1317,26.5682],[87.1357,26.5748],[87.1363,26.5832],[87.1309,26.5841],[87.1348,26.5869],[87.1303,26.5904],[87.1304,26.6087],[87.1203,26.6185],[87.1164,26.6381],[87.1125,26.6407],[87.1149,26.6502],[87.1116,26.6615],[87.1116,26.6618]]]}},{"type":"Feature","properties":{"province":1,"provinceName":"Koshi","district":"Sunsari","localLevel":"Dewanganj","type":"rural_municipality"},"geometry":{"type":"Polygon","coordinates":[[[87.1654,26.5016],[87.1631,26.5113],[87.1667,26.518],[87.1556,26.5178],[87.1464,26.5013],[87.14,26.503],[87.1309,26.4924],[87.1158,26.4851],[87.1312,26.4751],[87.1318,26.449],[87.1293,26.4444],[87.1109,26.4434],[87.1108,26.4388],[87.1415,26.4146],[87.1591,26.4061],[87.1915,26.4052],[87.1867,26.4321],[87.1722,26.4557],[87.1774,26.4682],[87.1663,26.4762],[87.1668,26.4831],[87.1593,26.494],[87.1653,26.5015],[87.1654,26.5016]]]}},{"type":"Feature","properties":{"province":1,"provinceName":"Koshi","district":"Sunsari","localLevel":"Dharan","type":"sub_metropolitan_city"},"geometry":{"type":"Polygon","coordinates":[[[87.35,26.8493],[87.336,26.855],[87.3263,26.8538],[87.313,26.8701],[87.3039,26.8688],[87.2994,26.8746],[87.2589,26.8656],[87.2361,26.8784],[87.2205,26.8633],[87.2023,26.8657],[87.202,26.851],[87.2106,26.8477],[87.2159,26.8391],[87.2053,26.8085],[87.2349,26.8029],[87.2199,26.783],[87.2094,26.75],[87.216,26.7423],[87.2462,26.7339],[87.2563,26.7169],[87.2678,26.7213],[87.2791,26.7116],[87.2863,26.7372],[87.3327,26.7241],[87.3372,26.7354],[87.3418,26.7362],[87.3409,26.7524],[87.3264,26.7743],[87.3261,26.7873],[87.3516,26.8201],[87.3493,26.8252],[87.3564,26.8387],[87.35,26.849],[87.35,26.8493]]]}},{"type":"Feature","properties":{"province":1,"provinceName":"Koshi","district":"Sunsari","localLevel":"Duhabi","type":"municipality"},"geometry":{"type":"Polygon","coordinates":[[[87.2982,26.6098],[87.277,26.6121],[87.2734,26.62],[87.2644,26.6183],[87.2588,26.6061],[87.2391,26.5893],[87.2292,26.5741],[87.207,26.5595],[87.2152,26.5542],[87.2115,26.5442],[87.2163,26.5411],[87.2129,26.535],[87.2185,26.5308],[87.2087,26.4863],[87.2233,26.4839],[87.2265,26.4951],[87.2362,26.4972],[87.2426,26.4869],[87.2489,26.4866],[87.2567,26.5188],[87.253,26.5216],[87.25,26.5153],[87.2486,26.5212],[87.2579,26.529],[87.2565,26.5362],[87.2633,26.5341],[87.2686,26.5484],[87.2802,26.5587],[87.2865,26.5588],[87.2938,26.5762],[87.2879,26.5927],[87.2977,26.6094],[87.2982,26.6098]]]}},{"type":"Feature","properties":{"province":1,"provinceName":"Koshi","district":"Sunsari","localLevel":"Gadhi","type":"rural_municipality"},"geometry":{"type":"Polygon","coordinates":[[[87.2626,26.6152],[87.2561,26.6179],[87.2601,26.6292],[87.2392,26.6254],[87.2296,26.6291],[87.2281,26.6244],[87.2376,26.6174],[87.231,26.6144],[87.2287,26.6061],[87.2121,26.6037],[87.2073,26.5936],[87.1846,26.5849],[87.174,26.5759],[87.1573,26.573],[87.1518,26.5584],[87.1553,26.5381],[87.149,26.528],[87.1568,26.518],[87.1667,26.518],[87.1631,26.5113],[87.1654,26.5016],[87.1711,26.5017],[87.1701,26.5059],[87.1813,26.5179],[87.1899,26.5138],[87.1877,26.5087],[87.1952,26.516],[87.1976,26.4986],[87.2109,26.5018],[87.213,26.5142],[87.2176,26.5159],[87.2153,26.5262],[87.2185,26.5308],[87.2129,26.535],[87.2163,26.5411],[87.2115,26.5442],[87.2152,26.5542],[87.207,26.5595],[87.2292,26.5741],[87.2626,26.615],[87.2626,26.6152]]]}},{"type":"Feature","properties":{"province":1,"provinceName":"Koshi","district":"Sunsari","localLevel":"Harinagar","type":"rural_municipality"},"geometry":{"type":"Polygon","coordinates":[[[87.1568,26.518],[87.149,26.528],[87.1553,26.5381],[87.1517,26.548],[87.1443,26.5391],[87.1362,26.5414],[87.1299,26.5377],[87.1247,26.5394],[87.1238,26.5454],[87.1097,26.547],[87.0978,26.5372],[87.1009,26.5318],[87.096,26.5277],[87.1011,26.5248],[87.0995,26.5218],[87.0823,26.5229],[87.094,26.45],[87.1115,26.4368],[87.1109,26.4434],[87.1293,26.4444],[87.1318,26.4494],[87.1312,26.4751],[87.1158,26.4851],[87.1309,26.4924],[87.14,26.503],[87.1464,26.5013],[87.1567,26.5179],[87.1568,26.518]]]}},{"type":"Feature","properties":{"province":1,"provinceName":"Koshi","district":"Sunsari","localLevel":"Inaruwa","type":"municipality"},"geometry":{"type":"Polygon","coordinates":[[[87.2086,26.6447],[87.2113,26.653],[87.192,26.6513],[87.1877,26.6459],[87.1824,26.6513],[87.1756,26.6363],[87.1505,26.6354],[87.148,26.6394],[87.1396,26.6395],[87.1369,26.6475],[87.1248,26.6531],[87.1236,26.6616],[87.1147,26.657],[87.1125,26.6407],[87.1164,26.6381],[87.1203,26.6185],[87.1304,26.6087],[87.1303,26.5904],[87.1348,26.5869],[87.1309,26.5837],[87.1363,26.5832],[87.1328,26.5693],[87.1175,26.5606],[87.1247,26.5394],[87.1443,26.5391],[87.1533,26.5499],[87.1518,26.5584],[87.1574,26.5731],[87.174,26.5759],[87.1846,26.5849],[87.2073,26.5936],[87.2121,26.6037],[87.2287,26.6061],[87.231,26.6144],[87.2352,26.6136],[87.2375,26.6175],[87.2281,26.6244],[87.2296,26.6291],[87.2247,26.6266],[87.2049,26.6338],[87.2083,26.6445],[87.2086,26.6447]]]}},{"type":"Feature","properties":{"province":1,"provinceName":"Koshi","district":"Sunsari","localLevel":"Itahari","type":"sub_metropolitan_city"},"geometry":{"type":"Polygon","coordinates":[[[87.3308,26.7238],[87.2863,26.7372],[87.2809,26.7115],[87.2674,26.7212],[87.2556,26.716],[87.245,26.7026],[87.2292,26.7032],[87.2215,26.6926],[87.2174,26.6938],[87.2257,26.6779],[87.2152,26.6711],[87.2116,26.6572],[87.2174,26.6552],[87.2195,26.6598],[87.2242,26.6501],[87.2083,26.6445],[87.2049,26.6338],[87.2247,26.6266],[87.2367,26.6293],[87.2392,26.6254],[87.2556,26.6304],[87.2601,26.6292],[87.2563,26.6173],[87.2626,26.6152],[87.2734,26.62],[87.277,26.6121],[87.2982,26.6098],[87.3034,26.6154],[87.3037,26.6292],[87.2874,26.6515],[87.2888,26.6627],[87.2918,26.6699],[87.2964,26.6676],[87.3065,26.6763],[87.3165,26.7053],[87.3241,26.7113],[87.3224,26.7161],[87.3276,26.7147],[87.3303,26.7236],[87.3308,26.7238]]]}},{"type":"Feature","properties":{"province":1,"provinceName":"Koshi","district":"Sunsari","localLevel":"Koshi","type":"rural_municipality"},"geometry":{"type":"Polygon","coordinates":[[[87.0764,26.6293],[87.0639,26.63],[87.0614,26.6362],[87.036,26.6287],[86.9929,26.5673],[86.9763,26.5577],[86.9649,26.5435],[86.9357,26.5332],[86.9192,26.5121],[86.9187,26.5011],[86.9065,26.488],[86.9323,26.4893],[86.9351,26.5165],[86.9618,26.52],[86.9637,26.5235],[86.9775,26.5197],[86.9818,26.5248],[86.9933,26.5228],[87.0177,26.5318],[87.0448,26.568],[87.0471,26.587],[87.0744,26.584],[87.0802,26.5878],[87.0727,26.604],[87.0777,26.617],[87.0762,26.6289],[87.0764,26.6293]]]}},{"type":"Feature","properties":{"province":1,"provinceName":"Koshi","district":"Sunsari","localLevel":"Ramdhuni","type":"municipality"},"geometry":{"type":"Polygon","coordinates":[[[87.2568,26.7167],[87.2462,26.7339],[87.216,26.7423],[87.21,26.7498],[87.2053,26.7311],[87.1965,26.7283],[87.1881,26.7165],[87.1697,26.7184],[87.1709,26.7275],[87.1677,26.7204],[87.1519,26.7171],[87.1389,26.6967],[87.1302,26.695],[87.1314,26.6909],[87.1132,26.6681],[87.1134,26.6538],[87.1236,26.6616],[87.1248,26.6531],[87.1369,26.6475],[87.1396,26.6395],[87.148,26.6394],[87.1505,26.6354],[87.1756,26.6363],[87.1824,26.6513],[87.1877,26.6459],[87.192,26.6513],[87.2112,26.653],[87.2086,26.6447],[87.213,26.6445],[87.2242,26.6503],[87.2195,26.6598],[87.2174,26.6552],[87.2116,26.6572],[87.2152,26.6711],[87.2257,26.6779],[87.2175,26.6941],[87.2215,26.6926],[87.2295,26.7034],[87.245,26.7026],[87.2565,26.7165],[87.2568,26.7167]]]}},{"type":"Feature","properties":{"province":1,"provinceName":"Koshi","district":"Dhankuta","localLevel":"Chaubise","type":"rural_municipality"},"geometry":{"type":"Polygon","coordinates":[[[87.5272,26.9601],[87.5053,26.9713],[87.4926,26.9853],[87.4854,26.9811],[87.4866,26.9754],[87.4736,26.9772],[87.4663,26.9677],[87.4506,26.9735],[87.437,26.9678],[87.4303,26.9565],[87.4042,26.9557],[87.4117,26.9416],[87.4115,26.9322],[87.4053,26.9229],[87.4117,26.9044],[87.409,26.8945],[87.4142,26.8756],[87.4311,26.8634],[87.4494,26.8647],[87.4549,26.8578],[87.463,26.8638],[87.4745,26.8615],[87.4765,26.8672],[87.5049,26.8732],[87.51,26.8693],[87.5117,26.8572],[87.5229,26.8618],[87.5316,26.8568],[87.537,26.8624],[87.5607,26.8632],[87.5684,26.8573],[87.5782,26.857],[87.5826,26.861],[87.5776,26.8704],[87.5702,26.8714],[87.5622,26.8845],[87.5468,26.8888],[87.5248,26.8845],[87.5343,26.9016],[87.5336,26.9135],[87.5234,26.9343],[87.5284,26.9411],[87.5274,26.9599],[87.5272,26.9601]]]}},{"type":"Feature","properties":{"province":1,"provinceName":"Koshi","district":"Dhankuta","localLevel":"Chhathar Jorpati","type":"rural_municipality"},"geometry":{"type":"Polygon","coordinates":[[[87.4413,26.9708],[87.4389,26.9833],[87.4438,26.992],[87.4437,27.0058],[87.433,27.0139],[87.4292,27.046],[87.409,27.0656],[87.3953,27.1001],[87.3776,27.0832],[87.3616,27.0777],[87.3444,27.0836],[87.3353,27.0927],[87.3124,27.0972],[87.3259,27.0484],[87.3572,27.0463],[87.3787,27.0344],[87.3818,27.004],[87.3722,26.987],[87.3747,26.9784],[87.3716,26.9699],[87.3846,26.9563],[87.3843,26.9446],[87.405,26.9562],[87.4303,26.9565],[87.4414,26.9706],[87.4413,26.9708]]]}},{"type":"Feature","properties":{"province":1,"provinceName":"Koshi","district":"Dhankuta","localLevel":"Dhankuta","type":"municipality"},"geometry":{"type":"Polygon","coordinates":[[[87.3843,26.9446],[87.3846,26.9563],[87.3716,26.9699],[87.3747,26.9784],[87.3722,26.987],[87.3818,27.004],[87.3787,27.0344],[87.3572,27.0463],[87.3328,27.049],[87.3186,27.0456],[87.3096,27.0352],[87.2983,27.0305],[87.3111,27.02],[87.284,26.9916],[87.2826,26.9796],[87.274,26.9717],[87.2828,26.9186],[87.2907,26.9178],[87.2948,26.9266],[87.3076,26.919],[87.3144,26.9301],[87.3235,26.9277],[87.3347,26.9306],[87.3369,26.9352],[87.3555,26.9349],[87.3703,26.9442],[87.3833,26.9444],[87.3843,26.9446]]]}},{"type":"Feature","properties":{"province":1,"provinceName":"Koshi","district":"Dhankuta","localLevel":"Shahidbhumi","type":"rural_municipality"},"geometry":{"type":"Polygon","coordinates":[[[87.2816,26.9859],[87.2747,26.9816],[87.2539,26.9825],[87.2415,26.9895],[87.2395,27.0014],[87.2261,27.012],[87.2009,27.0073],[87.1989,26.9984],[87.1824,26.9888],[87.1807,26.9829],[87.1758,26.983],[87.1718,26.9716],[87.1627,26.9665],[87.1665,26.9595],[87.1599,26.9549],[87.1638,26.9457],[87.1508,26.9374],[87.1607,26.9295],[87.1562,26.9254],[87.1589,26.9131],[87.1648,26.9094],[87.1679,26.9238],[87.1891,26.9162],[87.1919,26.91],[87.212,26.9056],[87.2302,26.9105],[87.2274,26.9169],[87.2379,26.9245],[87.2495,26.9179],[87.2592,26.9207],[87.2603,26.9268],[87.2657,26.9209],[87.2828,26.9186],[87.2741,26.9689],[87.2771,26.9773],[87.2826,26.9796],[87.2814,26.9851],[87.2816,26.9859]]]}},{"type":"Feature","properties":{"province":1,"provinceName":"Koshi","district":"Dhankuta","localLevel":"Mahalaxmi","type":"municipality"},"geometry":{"type":"Polygon","coordinates":[[[87.4093,27.1361],[87.3922,27.1476],[87.3886,27.1588],[87.3767,27.1669],[87.3786,27.1792],[87.3686,27.1877],[87.3595,27.1906],[87.331,27.188],[87.3149,27.182],[87.29,27.1901],[87.2668,27.1815],[87.2656,27.1771],[87.275,27.1743],[87.2781,27.1577],[87.2725,27.1501],[87.2746,27.1447],[87.2598,27.1303],[87.2492,27.1279],[87.2662,27.1066],[87.284,27.0983],[87.3353,27.0927],[87.3444,27.0836],[87.3616,27.0777],[87.3776,27.0832],[87.3953,27.1001],[87.3972,27.1231],[87.4092,27.1358],[87.4093,27.1361]]]}},{"type":"Feature","properties":{"province":1,"provinceName":"Koshi","district":"Dhankuta","localLevel":"Pakhribas","type":"municipality"},"geometry":{"type":"Polygon","coordinates":[[[87.3124,27.0972],[87.285,27.0978],[87.2662,27.1066],[87.2492,27.1279],[87.2476,27.1179],[87.22,27.1068],[87.2048,27.0875],[87.1934,27.0846],[87.1938,27.0778],[87.1856,27.0742],[87.1816,27.0568],[87.2009,27.0073],[87.2261,27.012],[87.2395,27.0014],[87.2415,26.9895],[87.2539,26.9825],[87.2747,26.9816],[87.2816,26.9859],[87.3113,27.0206],[87.2983,27.0305],[87.3268,27.0479],[87.3126,27.097],[87.3124,27.0972]]]}},{"type":"Feature","properties":{"province":1,"provinceName":"Koshi","district":"Dhankuta","localLevel":"Sangurigadhi","type":"rural_municipality"},"geometry":{"type":"Polygon","coordinates":[[[87.4231,26.87],[87.4142,26.8756],[87.41,26.8864],[87.4118,26.9041],[87.4067,26.9106],[87.4053,26.9247],[87.4115,26.9322],[87.4117,26.9416],[87.4042,26.9557],[87.3865,26.9443],[87.3703,26.9442],[87.3555,26.9349],[87.3369,26.9352],[87.3347,26.9306],[87.323,26.9277],[87.3137,26.9298],[87.3076,26.919],[87.2948,26.9266],[87.2873,26.9169],[87.2657,26.9209],[87.2603,26.9268],[87.2592,26.9207],[87.2495,26.9179],[87.2379,26.9245],[87.2274,26.9169],[87.2302,26.9105],[87.212,26.9056],[87.1919,26.91],[87.1891,26.9162],[87.1681,26.9238],[87.1651,26.9162],[87.1707,26.8992],[87.1673,26.8776],[87.1817,26.8768],[87.2029,26.8652],[87.2205,26.8633],[87.2361,26.8784],[87.2589,26.8656],[87.2994,26.8746],[87.3039,26.8688],[87.313,26.8701],[87.3263,26.8538],[87.336,26.855],[87.3463,26.8489],[87.3699,26.8453],[87.386,26.8525],[87.3945,26.8655],[87.4033,26.863],[87.4231,26.87],[87.4231,26.87]]]}},{"type":"Feature","properties":{"province":1,"provinceName":"Koshi","district":"Terhathum","localLevel":"Aathrai","type":"rural_municipality"},"geometry":{"type":"Polygon","coordinates":[[[87.6824,27.2707],[87.6539,27.2678],[87.6093,27.2833],[87.5555,27.2857],[87.5935,27.2535],[87.6047,27.2246],[87.6155,27.2116],[87.6234,27.1701],[87.6404,27.15],[87.6446,27.1292],[87.6657,27.1325],[87.6783,27.1421],[87.6947,27.1429],[87.7086,27.1502],[87.7137,27.1566],[87.7136,27.1713],[87.7206,27.1873],[87.7472,27.1987],[87.7541,27.2081],[87.7539,27.2173],[87.7486,27.224],[87.683,27.2683],[87.6824,27.2707]]]}},{"type":"Feature","properties":{"province":1,"provinceName":"Koshi","district":"Terhathum","localLevel":"Chhathar","type":"rural_municipality"},"geometry":{"type":"Polygon","coordinates":[[[87.5166,27.0896],[87.4948,27.0893],[87.4703,27.101],[87.4548,27.0856],[87.4366,27.0759],[87.3989,27.0941],[87.409,27.0656],[87.4292,27.046],[87.433,27.0139],[87.4437,27.0058],[87.4438,26.992],[87.4389,26.9833],[87.4414,26.9708],[87.4523,26.9736],[87.4662,26.9677],[87.4736,26.9772],[87.4864,26.9753],[87.4875,26.9835],[87.5032,26.9837],[87.514,26.9903],[87.5442,27.0213],[87.5435,27.0311],[87.5359,27.034],[87.5357,27.0381],[87.5452,27.0509],[87.5656,27.0621],[87.5169,27.0887],[87.5166,27.0896]]]}},{"type":"Feature","properties":{"province":1,"provinceName":"Koshi","district":"Terhathum","localLevel":"Laligurans","type":"municipality"},"geometry":{"type":"Polygon","coordinates":[[[87.5166,27.0896],[87.5037,27.1306],[87.4813,27.1438],[87.4838,27.1646],[87.48,27.1743],[87.4566,27.1836],[87.4537,27.1791],[87.424,27.1767],[87.4143,27.1672],[87.4083,27.1549],[87.4119,27.1457],[87.4092,27.1358],[87.3972,27.1231],[87.3945,27.1022],[87.3989,27.0941],[87.4366,27.0759],[87.4548,27.0856],[87.4703,27.101],[87.4948,27.0893],[87.5163,27.0896],[87.5166,27.0896]]]}},{"type":"Feature","properties":{"province":1,"provinceName":"Koshi","district":"Terhathum","localLevel":"Menchayam","type":"rural_municipality"},"geometry":{"type":"Polygon","coordinates":[[[87.5447,27.2928],[87.5389,27.2908],[87.5192,27.2965],[87.4837,27.2525],[87.4712,27.2202],[87.4941,27.2062],[87.5144,27.2041],[87.5196,27.1957],[87.5357,27.1893],[87.5358,27.1859],[87.537,27.2067],[87.5672,27.2253],[87.5629,27.2451],[87.5691,27.2522],[87.5536,27.2777],[87.555,27.2857],[87.5457,27.2926],[87.5447,27.2928]]]}},{"type":"Feature","properties":{"province":1,"provinceName":"Koshi","district":"Terhathum","localLevel":"Myanglung","type":"municipality"},"geometry":{"type":"Polygon","coordinates":[[[87.5358,27.1859],[87.5357,27.1893],[87.5196,27.1957],[87.5144,27.2041],[87.4941,27.2062],[87.4712,27.2202],[87.4726,27.1976],[87.4566,27.1836],[87.4804,27.1737],[87.4838,27.1646],[87.4813,27.1438],[87.5037,27.1306],[87.5169,27.0887],[87.5656,27.0621],[87.5916,27.0993],[87.6133,27.1101],[87.5937,27.1193],[87.5833,27.1186],[87.5568,27.1344],[87.5468,27.16],[87.5389,27.1689],[87.5422,27.1708],[87.5358,27.1857],[87.5358,27.1859]]]}},{"type":"Feature","properties":{"province":1,"provinceName":"Koshi","district":"Terhathum","localLevel":"Phedap","type":"rural_municipality"},"geometry":{"type":"Polygon","coordinates":[[[87.6481,27.1295],[87.6435,27.131],[87.6404,27.15],[87.6234,27.1701],[87.6209,27.1981],[87.595,27.244],[87.5935,27.2535],[87.555,27.2857],[87.5536,27.2777],[87.5691,27.2522],[87.5629,27.2451],[87.5672,27.2251],[87.5417,27.2111],[87.5351,27.2015],[87.5387,27.1944],[87.5373,27.1765],[87.5422,27.1708],[87.5389,27.1689],[87.5468,27.16],[87.5567,27.1346],[87.5833,27.1186],[87.5937,27.1193],[87.6133,27.1101],[87.6368,27.1184],[87.6481,27.1293],[87.6481,27.1295]]]}},{"type":"Feature","properties":{"province":1,"provinceName":"Koshi","district":"Sankhuwasabha","localLevel":"Bhotkhola","type":"rural_municipality"},"geometry":{"type":"Polygon","coordinates":[[[87.668,27.8066],[87.6656,27.8224],[87.6723,27.8298],[87.6676,27.8362],[87.6384,27.8341],[87.6346,27.8245],[87.6194,27.8187],[87.6147,27.8103],[87.6041,27.8209],[87.5928,27.8196],[87.5889,27.8526],[87.5813,27.8618],[87.5739,27.8611],[87.565,27.8668],[87.5547,27.8649],[87.5502,27.853],[87.5385,27.8429],[87.4926,27.8462],[87.4523,27.8221],[87.4061,27.8338],[87.4114,27.8386],[87.4343,27.8422],[87.4282,27.8586],[87.4211,27.8623],[87.4051,27.8517],[87.3764,27.8451],[87.3601,27.8276],[87.3404,27.8297],[87.3204,27.8255],[87.307,27.8352],[87.3061,27.8432],[87.263,27.8507],[87.2412,27.8392],[87.2282,27.8195],[87.2203,27.8233],[87.1753,27.8211],[87.176,27.8165],[87.2333,27.7846],[87.2715,27.781],[87.2794,27.7599],[87.3056,27.7354],[87.3089,27.7258],[87.3067,27.7135],[87.2877,27.6966],[87.2965,27.6713],[87.3054,27.6702],[87.3118,27.6581],[87.3307,27.6437],[87.3527,27.6405],[87.358,27.6306],[87.3822,27.6307],[87.3939,27.6352],[87.4119,27.6479],[87.4287,27.6732],[87.4599,27.6877],[87.5054,27.6862],[87.5185,27.6906],[87.5129,27.6727],[87.5159,27.664],[87.5329,27.6518],[87.548,27.6592],[87.5519,27.6805],[87.5649,27.6989],[87.5772,27.6929],[87.5823,27.6759],[87.5932,27.6811],[87.603,27.6788],[87.604,27.6739],[87.6099,27.6746],[87.6189,27.6883],[87.6177,27.7043],[87.6252,27.7118],[87.6419,27.7098],[87.6405,27.7185],[87.6467,27.7269],[87.6438,27.7307],[87.6583,27.7394],[87.6663,27.75],[87.6597,27.7614],[87.6742,27.7732],[87.6734,27.7804],[87.6799,27.7902],[87.6686,27.806],[87.668,27.8066]]]}},{"type":"Feature","properties":{"province":1,"provinceName":"Koshi","district":"Sankhuwasabha","localLevel":"Chainpur","type":"municipality"},"geometry":{"type":"Polygon","coordinates":[[[87.5191,27.2964],[87.5169,27.3058],[87.5,27.3136],[87.4951,27.3322],[87.4822,27.343],[87.4691,27.3665],[87.461,27.3713],[87.4592,27.3864],[87.447,27.4059],[87.4349,27.3893],[87.4009,27.3669],[87.3843,27.3624],[87.3594,27.3307],[87.3306,27.319],[87.2954,27.3115],[87.2847,27.3043],[87.2566,27.304],[87.2448,27.2997],[87.2272,27.3036],[87.2123,27.2935],[87.2167,27.2905],[87.2119,27.2843],[87.2157,27.2759],[87.2093,27.2711],[87.212,27.2661],[87.202,27.2669],[87.1997,27.2634],[87.2067,27.26],[87.2052,27.2458],[87.2136,27.2434],[87.2186,27.2331],[87.2293,27.2292],[87.2408,27.211],[87.2463,27.2198],[87.2528,27.2188],[87.2505,27.2225],[87.2686,27.2399],[87.3077,27.2535],[87.3336,27.2681],[87.3458,27.2818],[87.3711,27.2923],[87.4345,27.3017],[87.4617,27.283],[87.4961,27.2708],[87.5176,27.2946],[87.5191,27.2964]]]}},{"type":"Feature","properties":{"province":1,"provinceName":"Koshi","district":"Sankhuwasabha","localLevel":"Chichila","type":"rural_municipality"},"geometry":{"type":"Polygon","coordinates":[[[87.2991,27.5111],[87.2889,27.5129],[87.2802,27.5073],[87.2588,27.5057],[87.2439,27.5119],[87.2396,27.5263],[87.22,27.5248],[87.1986,27.5165],[87.1963,27.4967],[87.1912,27.4902],[87.1667,27.4831],[87.1474,27.4635],[87.1529,27.4578],[87.1565,27.4622],[87.1913,27.4594],[87.191,27.4522],[87.202,27.4465],[87.2128,27.4445],[87.227,27.4489],[87.2409,27.4373],[87.2733,27.4509],[87.2848,27.4476],[87.2996,27.4764],[87.299,27.5096],[87.2991,27.5111]]]}},{"type":"Feature","properties":{"province":1,"provinceName":"Koshi","district":"Sankhuwasabha","localLevel":"Dharmadevi","type":"municipality"},"geometry":{"type":"Polygon","coordinates":[[[87.47,27.2013],[87.4444,27.2085],[87.4349,27.2055],[87.4061,27.225],[87.3798,27.2296],[87.3453,27.2493],[87.3286,27.2664],[87.2915,27.2455],[87.2686,27.2399],[87.2505,27.2225],[87.2528,27.2188],[87.2463,27.2198],[87.2408,27.211],[87.2495,27.1912],[87.2637,27.1768],[87.2677,27.1822],[87.2878,27.1899],[87.3149,27.182],[87.331,27.188],[87.3595,27.1906],[87.3686,27.1877],[87.3786,27.1792],[87.3767,27.1669],[87.3886,27.1588],[87.3922,27.1476],[87.4093,27.1361],[87.4119,27.1457],[87.4083,27.1549],[87.4147,27.1677],[87.4247,27.1769],[87.4542,27.1793],[87.4726,27.1976],[87.4701,27.2011],[87.47,27.2013]]]}},{"type":"Feature","properties":{"province":1,"provinceName":"Koshi","district":"Sankhuwasabha","localLevel":"Khandbari","type":"municipality"},"geometry":{"type":"Polygon","coordinates":[[[87.2555,27.441],[87.2409,27.4373],[87.227,27.4489],[87.2091,27.445],[87.1912,27.452],[87.1913,27.4594],[87.1565,27.4622],[87.1504,27.4529],[87.1441,27.4519],[87.1264,27.4265],[87.1326,27.409],[87.1275,27.4021],[87.1335,27.3948],[87.1445,27.3936],[87.1572,27.3809],[87.1711,27.3756],[87.1947,27.3521],[87.187,27.3362],[87.1937,27.3267],[87.1846,27.3157],[87.2035,27.3023],[87.2093,27.2705],[87.2158,27.2761],[87.2119,27.2843],[87.2167,27.2909],[87.2096,27.3028],[87.2157,27.3112],[87.2045,27.3247],[87.2039,27.332],[87.2438,27.3612],[87.2372,27.3896],[87.26,27.4086],[87.2557,27.4408],[87.2555,27.441]]]}},{"type":"Feature","properties":{"province":1,"provinceName":"Koshi","district":"Sankhuwasabha","localLevel":"Madi","type":"municipality"},"geometry":{"type":"Polygon","coordinates":[[[87.4967,27.271],[87.4663,27.2809],[87.4483,27.2954],[87.4283,27.3016],[87.3947,27.2985],[87.3536,27.2865],[87.3286,27.2664],[87.3453,27.2493],[87.3798,27.2296],[87.4061,27.225],[87.4349,27.2055],[87.4444,27.2085],[87.47,27.2013],[87.4702,27.2186],[87.4803,27.2367],[87.4822,27.2499],[87.4951,27.2693],[87.4967,27.271]]]}},{"type":"Feature","properties":{"province":1,"provinceName":"Koshi","district":"Sankhuwasabha","localLevel":"Makalu","type":"rural_municipality"},"geometry":{"type":"Polygon","coordinates":[[[87.1753,27.8211],[87.1592,27.8242],[87.143,27.8369],[87.1288,27.834],[87.1184,27.8401],[87.1106,27.8541],[87.1097,27.8747],[87.0913,27.8824],[87.091,27.8893],[87.0803,27.9026],[87.0808,27.9154],[87.0559,27.9264],[87.0416,27.9502],[87.0267,27.9498],[87.0182,27.9575],[87.0113,27.9532],[86.9947,27.9546],[86.9858,27.9492],[86.9817,27.9359],[86.9836,27.9196],[86.9754,27.915],[86.9695,27.9024],[86.9758,27.895],[86.9765,27.8771],[86.9931,27.8467],[86.9922,27.8392],[86.9792,27.8256],[87.0004,27.8242],[87.0126,27.8145],[86.9961,27.7949],[86.9856,27.7911],[86.9887,27.7804],[86.9819,27.7751],[86.9855,27.7558],[86.9814,27.75],[86.9962,27.7419],[87.0007,27.7295],[87.0399,27.7237],[87.0603,27.7079],[87.0682,27.69],[87.0973,27.6636],[87.1117,27.6297],[87.1316,27.607],[87.1409,27.6055],[87.1587,27.5924],[87.1602,27.5791],[87.1784,27.5682],[87.1828,27.5547],[87.1889,27.5545],[87.168,27.5379],[87.1709,27.5212],[87.1959,27.513],[87.2351,27.5277],[87.24,27.5259],[87.2439,27.5119],[87.2582,27.5058],[87.2802,27.5073],[87.2889,27.5129],[87.3048,27.5122],[87.3158,27.5],[87.408,27.5004],[87.4365,27.5103],[87.478,27.5111],[87.4775,27.5269],[87.4832,27.543],[87.4898,27.5462],[87.4846,27.5547],[87.4844,27.5669],[87.5153,27.5987],[87.5316,27.5941],[87.5373,27.6317],[87.5475,27.6374],[87.5423,27.6507],[87.5321,27.6521],[87.5159,27.664],[87.5129,27.6727],[87.5185,27.6906],[87.5074,27.6863],[87.4748,27.6884],[87.449,27.6839],[87.4287,27.6732],[87.4119,27.6479],[87.3939,27.6352],[87.3822,27.6307],[87.358,27.6306],[87.3527,27.6405],[87.3307,27.6437],[87.3118,27.6581],[87.3054,27.6702],[87.2965,27.6713],[87.2877,27.6966],[87.3067,27.7135],[87.3089,27.7258],[87.3056,27.7354],[87.2794,27.7599],[87.2715,27.781],[87.2333,27.7846],[87.1754,27.8194],[87.1753,27.8211]]]}},{"type":"Feature","properties":{"province":1,"provinceName":"Koshi","district":"Sankhuwasabha","localLevel":"Panchakhapan","type":"municipality"},"geometry":{"type":"Polygon","coordinates":[[[87.4454,27.4053],[87.4268,27.4057],[87.3746,27.3911],[87.3339,27.4008],[87.3136,27.3973],[87.2973,27.4106],[87.2833,27.3997],[87.2839,27.3939],[87.2644,27.3738],[87.2459,27.3677],[87.2289,27.3475],[87.2066,27.3362],[87.2045,27.3247],[87.2157,27.3112],[87.2101,27.2979],[87.2125,27.2938],[87.2272,27.3036],[87.2448,27.2997],[87.2566,27.304],[87.2847,27.3043],[87.2954,27.3115],[87.3306,27.319],[87.3584,27.3303],[87.3843,27.3624],[87.4009,27.3669],[87.4349,27.3893],[87.4449,27.4044],[87.4454,27.4053]]]}},{"type":"Feature","properties":{"province":1,"provinceName":"Koshi","district":"Sankhuwasabha","localLevel":"Sabhapokhari","type":"rural_municipality"},"geometry":{"type":"Polygon","coordinates":[[[87.473,27.5089],[87.4365,27.5103],[87.408,27.5004],[87.3158,27.5],[87.3048,27.5122],[87.2991,27.5111],[87.2996,27.4764],[87.2876,27.45],[87.2733,27.4509],[87.2555,27.441],[87.26,27.4086],[87.2372,27.3896],[87.2422,27.3629],[87.2719,27.3802],[87.2839,27.3939],[87.2833,27.3997],[87.2973,27.4106],[87.3136,27.3973],[87.3339,27.4008],[87.3746,27.3911],[87.4268,27.4057],[87.447,27.4059],[87.4587,27.4256],[87.4636,27.4464],[87.4612,27.4735],[87.4738,27.4864],[87.469,27.4956],[87.4719,27.5086],[87.473,27.5089]]]}},{"type":"Feature","properties":{"province":1,"provinceName":"Koshi","district":"Sankhuwasabha","localLevel":"Silichong","type":"rural_municipality"},"geometry":{"type":"Polygon","coordinates":[[[87.1959,27.513],[87.1709,27.5212],[87.1676,27.533],[87.1709,27.5417],[87.1833,27.5467],[87.1889,27.5545],[87.1828,27.5547],[87.1784,27.5682],[87.1602,27.5791],[87.1592,27.5918],[87.1545,27.5966],[87.1316,27.607],[87.1117,27.6297],[87.0973,27.6636],[87.0682,27.69],[87.0613,27.7068],[87.0399,27.7237],[87.0213,27.7286],[87.0107,27.7257],[87.0076,27.7112],[86.9899,27.6868],[86.9862,27.646],[86.9707,27.6326],[86.9562,27.6044],[86.9594,27.5889],[86.9559,27.5721],[86.9683,27.5612],[86.9692,27.5413],[86.9504,27.5276],[86.9453,27.5089],[86.9654,27.4832],[86.9504,27.4748],[86.9426,27.4589],[86.9573,27.4579],[86.9829,27.4416],[87.0125,27.4358],[87.0446,27.4476],[87.0594,27.4407],[87.0745,27.4597],[87.0967,27.4552],[87.1109,27.4633],[87.113,27.4586],[87.1404,27.4525],[87.1428,27.4472],[87.152,27.4549],[87.1471,27.4652],[87.1572,27.4753],[87.1959,27.4957],[87.1957,27.5128],[87.1959,27.513]]]}},{"type":"Feature","properties":{"province":1,"provinceName":"Koshi","district":"Bhojpur","localLevel":"Aamchowk","type":"rural_municipality"},"geometry":{"type":"Polygon","coordinates":[[[87.0607,27.0235],[87.0462,27.0134],[87.0377,27.0139],[87.0275,27.0252],[87.0184,27.0263],[87.018,27.033],[87.0104,27.0304],[86.9973,27.0463],[86.9722,27.0482],[86.9671,27.0577],[86.9645,27.0501],[86.9566,27.0482],[86.9471,27.0201],[86.9696,27.0071],[86.9685,26.9917],[86.9595,26.9851],[86.9609,26.9807],[86.97,26.9809],[86.9748,26.9737],[86.9754,26.957],[86.9671,26.9412],[86.9675,26.9274],[86.9585,26.9228],[86.954,26.9043],[86.9713,26.9005],[86.98,26.9062],[86.9828,26.8956],[87.0046,26.8861],[87.0079,26.8915],[87.0165,26.8918],[87.0348,26.9033],[87.0416,26.9011],[87.0441,26.907],[87.0531,26.9021],[87.0642,26.9106],[87.0682,26.907],[87.0852,26.9119],[87.095,26.9095],[87.0955,26.916],[87.1125,26.9176],[87.119,26.9229],[87.0985,26.9347],[87.1001,26.9384],[87.0939,26.9448],[87.0987,26.9784],[87.0884,26.9853],[87.0889,26.9927],[87.0815,27.0026],[87.0667,27.0092],[87.0609,27.023],[87.0607,27.0235]]]}},{"type":"Feature","properties":{"province":1,"provinceName":"Koshi","district":"Bhojpur","localLevel":"Arun","type":"rural_municipality"},"geometry":{"type":"Polygon","coordinates":[[[87.208,27.2541],[87.1673,27.2659],[87.1405,27.2601],[87.1283,27.2441],[87.1159,27.2008],[87.1247,27.1977],[87.1314,27.2023],[87.1517,27.1925],[87.1629,27.1926],[87.1607,27.17],[87.1685,27.1458],[87.2168,27.1124],[87.2196,27.1059],[87.2476,27.1179],[87.2471,27.1261],[87.2598,27.1303],[87.2736,27.1428],[87.2725,27.1501],[87.278,27.1597],[87.2742,27.1758],[87.2626,27.1772],[87.2607,27.1837],[87.2495,27.1912],[87.24,27.217],[87.2293,27.2292],[87.218,27.2336],[87.2136,27.2434],[87.2052,27.2458],[87.2081,27.2534],[87.208,27.2541]]]}},{"type":"Feature","properties":{"province":1,"provinceName":"Koshi","district":"Bhojpur","localLevel":"Bhojpur","type":"municipality"},"geometry":{"type":"Polygon","coordinates":[[[87.1405,27.2601],[87.117,27.261],[87.1016,27.2533],[87.0926,27.2598],[87.0654,27.2663],[87.0557,27.2804],[87.0379,27.2585],[87.0223,27.2673],[87.0166,27.2607],[87.0177,27.2537],[87,27.251],[86.9866,27.2265],[86.9958,27.1986],[87.0193,27.1704],[87.0216,27.1559],[87.0432,27.1388],[87.0571,27.1191],[87.0789,27.121],[87.0774,27.1174],[87.092,27.1111],[87.1037,27.0954],[87.098,27.1179],[87.0996,27.125],[87.1074,27.1296],[87.1027,27.1387],[87.1056,27.1547],[87.095,27.1623],[87.094,27.1732],[87.1067,27.2002],[87.1173,27.1975],[87.1283,27.2441],[87.1403,27.26],[87.1405,27.2601]]]}},{"type":"Feature","properties":{"province":1,"provinceName":"Koshi","district":"Bhojpur","localLevel":"Hatuwagadhi","type":"rural_municipality"},"geometry":{"type":"Polygon","coordinates":[[[87.1858,27.0433],[87.1644,27.0492],[87.1551,27.0644],[87.1337,27.0746],[87.1183,27.0678],[87.1073,27.0682],[87.1057,27.0629],[87.0891,27.0656],[87.0826,27.0609],[87.0769,27.0496],[87.0787,27.038],[87.0708,27.0357],[87.0607,27.0235],[87.0667,27.0092],[87.0815,27.0026],[87.0889,26.9927],[87.0884,26.9853],[87.0987,26.9784],[87.0939,26.9448],[87.0977,26.9434],[87.0993,26.9337],[87.1119,26.9302],[87.119,26.9229],[87.147,26.9268],[87.1586,26.9153],[87.1562,26.9254],[87.1607,26.9295],[87.1508,26.9374],[87.1638,26.9457],[87.1599,26.9549],[87.1665,26.9595],[87.1627,26.9665],[87.1718,26.9716],[87.1758,26.983],[87.1808,26.983],[87.1824,26.9888],[87.1996,27],[87.198,27.019],[87.1859,27.0432],[87.1858,27.0433]]]}},{"type":"Feature","properties":{"province":1,"provinceName":"Koshi","district":"Bhojpur","localLevel":"Pauwadungma","type":"rural_municipality"},"geometry":{"type":"Polygon","coordinates":[[[87.2196,27.1059],[87.2168,27.1124],[87.1685,27.1458],[87.1607,27.17],[87.1628,27.1926],[87.1517,27.1925],[87.1314,27.2023],[87.1247,27.1977],[87.1067,27.2002],[87.0933,27.1673],[87.0997,27.1566],[87.1056,27.1547],[87.1027,27.1387],[87.1074,27.1296],[87.0996,27.125],[87.098,27.1179],[87.1039,27.0945],[87.1182,27.0857],[87.1151,27.0817],[87.1205,27.0754],[87.146,27.0705],[87.1611,27.0592],[87.1644,27.0492],[87.1856,27.0433],[87.1812,27.0529],[87.1856,27.0742],[87.1937,27.0775],[87.1943,27.0854],[87.2048,27.0875],[87.2194,27.1052],[87.2196,27.1059]]]}},{"type":"Feature","properties":{"province":1,"provinceName":"Koshi","district":"Bhojpur","localLevel":"Ramprasad Rai","type":"rural_municipality"},"geometry":{"type":"Polygon","coordinates":[[[87.1037,27.0954],[87.092,27.1111],[87.0774,27.1174],[87.0789,27.121],[87.0571,27.1191],[87.0432,27.1388],[87.0274,27.1486],[86.9836,27.135],[86.962,27.1218],[86.9468,27.121],[86.9194,27.0988],[86.9258,27.0914],[86.9487,27.0856],[86.9717,27.0485],[87.0012,27.0445],[87.0104,27.0304],[87.018,27.033],[87.0184,27.0263],[87.0275,27.0252],[87.0377,27.0139],[87.0458,27.0134],[87.0597,27.0216],[87.0708,27.0357],[87.0787,27.038],[87.077,27.0498],[87.0885,27.0654],[87.1057,27.0629],[87.1073,27.0682],[87.1183,27.0678],[87.127,27.0733],[87.1152,27.0815],[87.1179,27.0861],[87.1038,27.0952],[87.1037,27.0954]]]}},{"type":"Feature","properties":{"province":1,"provinceName":"Koshi","district":"Bhojpur","localLevel":"Salpasilichho","type":"rural_municipality"},"geometry":{"type":"Polygon","coordinates":[[[87.1428,27.4472],[87.1404,27.4525],[87.113,27.4586],[87.1109,27.4633],[87.0967,27.4552],[87.0745,27.4597],[87.0594,27.4407],[87.0446,27.4476],[87.0125,27.4358],[86.9829,27.4416],[86.9573,27.4579],[86.9427,27.459],[86.9426,27.4503],[86.9356,27.4429],[86.9183,27.44],[86.9087,27.4297],[86.917,27.3993],[86.9234,27.3887],[86.9332,27.3843],[86.9263,27.3703],[86.934,27.357],[86.9492,27.3515],[86.9537,27.3429],[86.9511,27.336],[86.9895,27.3053],[87.0125,27.3095],[87.0142,27.3225],[87.0339,27.3494],[87.0247,27.3562],[87.0296,27.3861],[87.0477,27.3899],[87.0664,27.4014],[87.0736,27.4004],[87.104,27.4195],[87.1232,27.4194],[87.1291,27.4118],[87.1267,27.4274],[87.1428,27.4471],[87.1428,27.4472]]]}},{"type":"Feature","properties":{"province":1,"provinceName":"Koshi","district":"Bhojpur","localLevel":"Shadananda","type":"municipality"},"geometry":{"type":"Polygon","coordinates":[[[87.1304,27.4138],[87.1265,27.4108],[87.1232,27.4194],[87.104,27.4195],[87.0736,27.4004],[87.0664,27.4014],[87.0477,27.3899],[87.0296,27.3861],[87.0247,27.3562],[87.0339,27.3494],[87.0142,27.3225],[87.0146,27.3118],[87.0521,27.2871],[87.0505,27.2768],[87.0557,27.2804],[87.0654,27.2663],[87.0926,27.2598],[87.1016,27.2533],[87.1168,27.261],[87.1342,27.2579],[87.1673,27.2659],[87.208,27.2541],[87.2067,27.26],[87.1997,27.2634],[87.2123,27.2671],[87.2071,27.2729],[87.2093,27.2811],[87.2022,27.2942],[87.2039,27.3016],[87.1846,27.3157],[87.1937,27.3267],[87.187,27.3362],[87.1947,27.3521],[87.1711,27.3756],[87.1572,27.3809],[87.1445,27.3936],[87.1337,27.3945],[87.1275,27.4021],[87.1326,27.4082],[87.1305,27.4135],[87.1304,27.4138]]]}},{"type":"Feature","properties":{"province":1,"provinceName":"Koshi","district":"Bhojpur","localLevel":"Tyamkemaiyung","type":"rural_municipality"},"geometry":{"type":"Polygon","coordinates":[[[87.0505,27.2768],[87.0521,27.2871],[87.032,27.2974],[87.0167,27.3132],[87.0017,27.3063],[86.9878,27.308],[86.9723,27.2997],[86.9677,27.2948],[86.968,27.2843],[86.9507,27.2658],[86.92,27.268],[86.9023,27.2562],[86.8976,27.2495],[86.9031,27.2491],[86.9157,27.2315],[86.9308,27.2229],[86.9321,27.2035],[86.9189,27.1843],[86.9153,27.1698],[86.9252,27.1562],[86.9196,27.1287],[86.9092,27.126],[86.8972,27.1146],[86.9056,27.1044],[86.9198,27.0969],[86.9285,27.1086],[86.9468,27.121],[86.9609,27.1214],[87.0045,27.1431],[87.0303,27.1475],[87.0213,27.1563],[87.0193,27.1704],[86.9958,27.1986],[86.9866,27.2265],[87,27.251],[87.0177,27.2537],[87.0166,27.2607],[87.0223,27.2673],[87.0379,27.2585],[87.0503,27.2765],[87.0505,27.2768]]]}},{"type":"Feature","properties":{"province":1,"provinceName":"Koshi","district":"Solukhumbu","localLevel":"Thulung Dudhkoshi","type":"rural_municipality"},"geometry":{"type":"Polygon","coordinates":[[[86.7263,27.4737],[86.7127,27.4849],[86.6941,27.4906],[86.6603,27.4582],[86.6326,27.4616],[86.6264,27.466],[86.6186,27.4632],[86.6148,27.4673],[86.6135,27.4514],[86.6174,27.4432],[86.612,27.4298],[86.6203,27.4287],[86.6234,27.4157],[86.632,27.4125],[86.6337,27.4041],[86.6296,27.4013],[86.6461,27.3887],[86.6548,27.3714],[86.6612,27.3726],[86.6773,27.3641],[86.6847,27.3726],[86.6833,27.3899],[86.6867,27.3923],[86.7436,27.3972],[86.7542,27.3942],[86.773,27.4112],[86.791,27.4072],[86.8083,27.4177],[86.8164,27.4334],[86.7901,27.4379],[86.7736,27.4572],[86.7636,27.4628],[86.7343,27.4565],[86.7285,27.4514],[86.7256,27.472],[86.7263,27.4737]]]}},{"type":"Feature","properties":{"province":1,"provinceName":"Koshi","district":"Solukhumbu","localLevel":"Dudhkoshi","type":"rural_municipality"},"geometry":{"type":"Polygon","coordinates":[[[86.7908,27.6028],[86.7812,27.6089],[86.7711,27.6087],[86.7631,27.6164],[86.7566,27.607],[86.76,27.6],[86.7562,27.5784],[86.7464,27.5719],[86.7229,27.5803],[86.7324,27.5879],[86.7361,27.5861],[86.7325,27.6001],[86.7287,27.6008],[86.7243,27.5929],[86.7074,27.5971],[86.7045,27.6016],[86.7071,27.6077],[86.6977,27.6162],[86.6784,27.5886],[86.6798,27.5662],[86.669,27.5595],[86.6321,27.56],[86.6308,27.546],[86.6257,27.5442],[86.6293,27.5276],[86.6168,27.5115],[86.6089,27.488],[86.6097,27.4684],[86.6186,27.4632],[86.6264,27.466],[86.6326,27.4616],[86.6603,27.4582],[86.6941,27.4906],[86.7127,27.4849],[86.7263,27.4737],[86.737,27.4977],[86.7605,27.5206],[86.7617,27.5402],[86.7756,27.5716],[86.7852,27.5778],[86.7909,27.6011],[86.7908,27.6028]]]}},{"type":"Feature","properties":{"province":1,"provinceName":"Koshi","district":"Solukhumbu","localLevel":"Khumbupasanglahmu","type":"rural_municipality"},"geometry":{"type":"Polygon","coordinates":[[[86.9858,27.9492],[86.9359,27.9623],[86.9355,27.9778],[86.9278,27.9876],[86.8924,27.9967],[86.8755,28.0103],[86.875,28.0219],[86.8699,28.025],[86.8545,28.0275],[86.8498,28.0196],[86.8383,28.0151],[86.8051,28.0234],[86.7925,28.0187],[86.7758,28.0378],[86.7562,28.0372],[86.7493,28.0503],[86.7577,28.0679],[86.7674,28.0745],[86.7533,28.0811],[86.7508,28.0947],[86.7407,28.1035],[86.7179,28.1077],[86.6915,28.1084],[86.6711,28.1007],[86.6641,28.0957],[86.6604,28.0809],[86.638,28.0705],[86.6116,28.0752],[86.606,28.0834],[86.6104,28.0919],[86.6049,28.1017],[86.5788,28.1126],[86.5707,28.1116],[86.5648,28.1069],[86.5693,28.0916],[86.561,28.0776],[86.5678,28.0687],[86.5513,28.0505],[86.5389,28.0506],[86.5361,28.047],[86.5339,28.0269],[86.5236,28.0191],[86.5152,27.9845],[86.5226,27.9741],[86.5146,27.967],[86.5241,27.9402],[86.5361,27.9419],[86.5502,27.9302],[86.5571,27.9077],[86.5534,27.8759],[86.5565,27.8569],[86.5426,27.8157],[86.5448,27.8109],[86.5695,27.8037],[86.5685,27.7623],[86.5776,27.7538],[86.6023,27.7557],[86.6321,27.709],[86.6502,27.7039],[86.6669,27.7087],[86.6705,27.7058],[86.6822,27.6791],[86.6945,27.6664],[86.7076,27.6614],[86.6977,27.6162],[86.7071,27.6077],[86.705,27.5994],[86.7219,27.5928],[86.7325,27.6001],[86.7361,27.5861],[86.7324,27.5879],[86.7229,27.5803],[86.7464,27.5719],[86.7562,27.5784],[86.76,27.6],[86.7566,27.607],[86.7631,27.6164],[86.7711,27.6087],[86.7812,27.6089],[86.7908,27.6028],[86.7937,27.6113],[86.8086,27.622],[86.8166,27.6629],[86.8232,27.6769],[86.8234,27.7039],[86.8373,27.7279],[86.8502,27.7374],[86.8693,27.7388],[86.8737,27.7573],[86.8944,27.7691],[86.8922,27.7809],[86.9024,27.7852],[86.8912,27.8153],[86.8934,27.8329],[86.886,27.852],[86.9127,27.8714],[86.9275,27.8667],[86.9636,27.8722],[86.9761,27.8782],[86.9758,27.895],[86.97,27.9065],[86.9836,27.9196],[86.9817,27.9359],[86.9858,27.9492],[86.9858,27.9492]]]}},{"type":"Feature","properties":{"province":1,"provinceName":"Koshi","district":"Solukhumbu","localLevel":"Likhupike","type":"rural_municipality"},"geometry":{"type":"Polygon","coordinates":[[[86.4949,27.6135],[86.4721,27.6168],[86.4372,27.61],[86.4226,27.5984],[86.4158,27.5865],[86.4009,27.5832],[86.3906,27.5725],[86.3787,27.5678],[86.3716,27.5579],[86.372,27.5494],[86.3609,27.5395],[86.358,27.526],[86.3777,27.5157],[86.4039,27.5167],[86.4255,27.4872],[86.442,27.4855],[86.4373,27.4911],[86.4376,27.5],[86.456,27.506],[86.4752,27.5321],[86.4874,27.5354],[86.5015,27.5524],[86.4958,27.5697],[86.5133,27.5893],[86.5082,27.6026],[86.4951,27.6133],[86.4949,27.6135]]]}},{"type":"Feature","properties":{"province":1,"provinceName":"Koshi","district":"Solukhumbu","localLevel":"Mahakulung","type":"rural_municipality"},"geometry":{"type":"Polygon","coordinates":[[[87.0107,27.7257],[86.9978,27.7315],[86.9962,27.7419],[86.9814,27.75],[86.9855,27.7558],[86.9819,27.7751],[86.9887,27.7804],[86.9856,27.7911],[86.9961,27.7949],[87.0126,27.8145],[87.0004,27.8242],[86.9792,27.8256],[86.9932,27.8444],[86.9806,27.874],[86.9761,27.8782],[86.9636,27.8722],[86.9255,27.8665],[86.9127,27.8714],[86.886,27.852],[86.8934,27.8329],[86.8912,27.8153],[86.9024,27.7852],[86.8922,27.7809],[86.8944,27.7691],[86.8737,27.7573],[86.8702,27.7397],[86.8438,27.7346],[86.8277,27.7143],[86.8131,27.6324],[86.8082,27.6213],[86.8011,27.6188],[86.7908,27.604],[86.8079,27.5941],[86.8105,27.5697],[86.798,27.549],[86.7978,27.5172],[86.8088,27.4903],[86.8312,27.5007],[86.8483,27.4893],[86.8344,27.4839],[86.8397,27.4776],[86.8448,27.4596],[86.8432,27.4495],[86.8506,27.4341],[86.8616,27.4351],[86.8737,27.4279],[86.9333,27.4412],[86.9426,27.4503],[86.9429,27.4603],[86.9504,27.4748],[86.9654,27.4832],[86.9453,27.5089],[86.9504,27.5276],[86.9692,27.5413],[86.9683,27.5612],[86.9559,27.5721],[86.9594,27.5889],[86.9562,27.6044],[86.9707,27.6326],[86.9862,27.646],[86.9899,27.6868],[87.0076,27.7112],[87.0096,27.7222],[87.0107,27.7257]]]}},{"type":"Feature","properties":{"province":1,"provinceName":"Koshi","district":"Solukhumbu","localLevel":"Nechasalyan","type":"rural_municipality"},"geometry":{"type":"Polygon","coordinates":[[[86.612,27.4298],[86.5942,27.4414],[86.5604,27.447],[86.5644,27.4407],[86.5518,27.4111],[86.5543,27.4033],[86.5632,27.3984],[86.5586,27.3918],[86.5379,27.3883],[86.5668,27.3653],[86.5663,27.3531],[86.5732,27.3405],[86.5921,27.3434],[86.6374,27.3378],[86.6597,27.3395],[86.6731,27.3523],[86.681,27.3532],[86.682,27.3649],[86.6548,27.3714],[86.6461,27.3887],[86.6296,27.4013],[86.6337,27.4041],[86.632,27.4125],[86.6234,27.4157],[86.6203,27.4287],[86.6139,27.4279],[86.612,27.4298]]]}},{"type":"Feature","properties":{"province":1,"provinceName":"Koshi","district":"Solukhumbu","localLevel":"Solududhakunda","type":"municipality"},"geometry":{"type":"Polygon","coordinates":[[[86.6977,27.6162],[86.7076,27.6614],[86.6945,27.6664],[86.6822,27.6791],[86.6705,27.7058],[86.6669,27.7087],[86.6502,27.7039],[86.6321,27.709],[86.613,27.7357],[86.6092,27.7493],[86.6013,27.7563],[86.5752,27.7543],[86.5655,27.7494],[86.5534,27.7106],[86.5425,27.7007],[86.5404,27.67],[86.5295,27.6599],[86.5286,27.6501],[86.5161,27.6479],[86.5096,27.6403],[86.5023,27.6201],[86.4949,27.6135],[86.5082,27.6026],[86.5133,27.5893],[86.4958,27.5697],[86.5015,27.5524],[86.4874,27.5354],[86.4752,27.5321],[86.456,27.506],[86.4376,27.5],[86.4374,27.4909],[86.4569,27.4542],[86.4698,27.4453],[86.4627,27.4341],[86.467,27.4282],[86.4758,27.421],[86.4873,27.4222],[86.4919,27.427],[86.5034,27.4263],[86.5122,27.4105],[86.5344,27.3965],[86.5379,27.3883],[86.5586,27.3918],[86.5632,27.3984],[86.5543,27.4033],[86.5518,27.4111],[86.5644,27.4407],[86.5604,27.447],[86.5942,27.4414],[86.612,27.4298],[86.6174,27.4432],[86.6087,27.4869],[86.6168,27.5115],[86.6293,27.5276],[86.6257,27.5442],[86.6308,27.546],[86.6321,27.56],[86.669,27.5595],[86.6798,27.5662],[86.6784,27.5886],[86.6974,27.6155],[86.6977,27.6162]]]}},{"type":"Feature","properties":{"province":1,"provinceName":"Koshi","district":"Solukhumbu","localLevel":"Sotang","type":"rural_municipality"},"geometry":{"type":"Polygon","coordinates":[[[86.8506,27.4341],[86.8432,27.4495],[86.8448,27.4596],[86.8397,27.4776],[86.8344,27.4839],[86.8483,27.4893],[86.8312,27.5007],[86.8088,27.4903],[86.7978,27.5172],[86.798,27.549],[86.8105,27.5697],[86.8074,27.5948],[86.7908,27.6033],[86.7852,27.5778],[86.7756,27.5716],[86.7617,27.5402],[86.7605,27.5206],[86.733,27.4907],[86.7256,27.472],[86.7285,27.4514],[86.7343,27.4565],[86.7636,27.4628],[86.7947,27.4362],[86.817,27.4329],[86.8242,27.4399],[86.8376,27.4306],[86.8506,27.4341],[86.8506,27.4341]]]}},{"type":"Feature","properties":{"province":1,"provinceName":"Koshi","district":"Okhaldhunga","localLevel":"Champadevi","type":"rural_municipality"},"geometry":{"type":"Polygon","coordinates":[[[86.34,27.3768],[86.3246,27.374],[86.3162,27.3794],[86.3065,27.3781],[86.2995,27.361],[86.2807,27.3595],[86.2692,27.365],[86.2609,27.361],[86.2542,27.3485],[86.2604,27.3362],[86.2596,27.3234],[86.2665,27.3188],[86.2473,27.303],[86.2404,27.3028],[86.2378,27.2959],[86.2429,27.2883],[86.2162,27.2686],[86.2059,27.25],[86.2325,27.2371],[86.2683,27.2608],[86.269,27.2533],[86.2848,27.2456],[86.2834,27.2537],[86.2901,27.2579],[86.2945,27.2737],[86.3021,27.2814],[86.2985,27.2893],[86.319,27.2786],[86.3309,27.2839],[86.3475,27.2814],[86.3488,27.2909],[86.361,27.2953],[86.3719,27.3105],[86.3499,27.3285],[86.3509,27.3408],[86.3644,27.345],[86.3664,27.3546],[86.3501,27.3559],[86.3409,27.3673],[86.3403,27.3765],[86.34,27.3768]]]}},{"type":"Feature","properties":{"province":1,"provinceName":"Koshi","district":"Okhaldhunga","localLevel":"Chisankhugadhi","type":"rural_municipality"},"geometry":{"type":"Polygon","coordinates":[[[86.681,27.3532],[86.6731,27.3523],[86.6597,27.3395],[86.6374,27.3378],[86.5921,27.3434],[86.5732,27.3405],[86.5663,27.3531],[86.5668,27.3653],[86.5405,27.3867],[86.5399,27.372],[86.5483,27.3639],[86.5553,27.3444],[86.5531,27.3338],[86.5575,27.3234],[86.5529,27.3157],[86.5608,27.3059],[86.5621,27.2956],[86.5581,27.2867],[86.5844,27.2819],[86.5821,27.2792],[86.5883,27.2663],[86.5862,27.2546],[86.5948,27.2571],[86.6124,27.2507],[86.6346,27.25],[86.6383,27.2569],[86.6714,27.2692],[86.6691,27.2767],[86.6753,27.2884],[86.6697,27.2972],[86.6786,27.2982],[86.6886,27.3099],[86.6824,27.3243],[86.6853,27.3293],[86.6811,27.3366],[86.6811,27.3531],[86.681,27.3532]]]}},{"type":"Feature","properties":{"province":1,"provinceName":"Koshi","district":"Okhaldhunga","localLevel":"Khijidemba","type":"rural_municipality"},"geometry":{"type":"Polygon","coordinates":[[[86.442,27.4855],[86.4255,27.4872],[86.4039,27.5167],[86.3777,27.5157],[86.358,27.526],[86.3407,27.5198],[86.327,27.4994],[86.2974,27.4787],[86.2942,27.4699],[86.2665,27.4562],[86.2589,27.4428],[86.2764,27.4345],[86.2918,27.4382],[86.3033,27.4219],[86.3014,27.4178],[86.3104,27.4177],[86.3245,27.4007],[86.344,27.3925],[86.3409,27.3694],[86.3586,27.3714],[86.379,27.3872],[86.3806,27.395],[86.4032,27.4002],[86.3948,27.4085],[86.397,27.4107],[86.4479,27.4357],[86.4569,27.4582],[86.4423,27.4854],[86.442,27.4855]]]}},{"type":"Feature","properties":{"province":1,"provinceName":"Koshi","district":"Okhaldhunga","localLevel":"Likhu","type":"rural_municipality"},"geometry":{"type":"Polygon","coordinates":[[[86.34,27.3768],[86.3459,27.3868],[86.3438,27.3928],[86.3245,27.4007],[86.3104,27.4177],[86.3014,27.4178],[86.3033,27.4219],[86.2918,27.4382],[86.2764,27.4345],[86.2589,27.4428],[86.2506,27.4203],[86.2436,27.4179],[86.2245,27.3822],[86.2271,27.3703],[86.2214,27.3619],[86.2242,27.3597],[86.2195,27.3528],[86.218,27.3333],[86.2247,27.327],[86.2213,27.3228],[86.2313,27.3196],[86.2404,27.3028],[86.247,27.3028],[86.2665,27.3188],[86.2596,27.3234],[86.2604,27.3362],[86.2542,27.3485],[86.2609,27.361],[86.2692,27.365],[86.2807,27.3595],[86.2995,27.361],[86.3065,27.3781],[86.3162,27.3794],[86.3246,27.374],[86.3397,27.3769],[86.34,27.3768]]]}},{"type":"Feature","properties":{"province":1,"provinceName":"Koshi","district":"Okhaldhunga","localLevel":"Manebhanjyang","type":"rural_municipality"},"geometry":{"type":"Polygon","coordinates":[[[86.5628,27.2239],[86.564,27.2327],[86.5573,27.2394],[86.5625,27.2492],[86.5589,27.2511],[86.5604,27.2572],[86.5327,27.2598],[86.5044,27.2772],[86.4925,27.2685],[86.4334,27.2597],[86.4304,27.2445],[86.4117,27.2382],[86.4105,27.232],[86.404,27.232],[86.4052,27.2256],[86.3931,27.222],[86.3923,27.2013],[86.3852,27.2012],[86.3791,27.1937],[86.3881,27.1807],[86.4192,27.1657],[86.422,27.1506],[86.4308,27.1465],[86.4496,27.1639],[86.4703,27.1679],[86.4758,27.1763],[86.4931,27.1862],[86.5137,27.1865],[86.5277,27.1924],[86.5499,27.218],[86.5576,27.2184],[86.5548,27.2218],[86.5618,27.2251],[86.5628,27.2239]]]}},{"type":"Feature","properties":{"province":1,"provinceName":"Koshi","district":"Okhaldhunga","localLevel":"Molung","type":"rural_municipality"},"geometry":{"type":"Polygon","coordinates":[[[86.4469,27.2955],[86.45,27.3126],[86.4644,27.3182],[86.4835,27.3163],[86.4904,27.3303],[86.4993,27.3312],[86.5108,27.342],[86.4806,27.3426],[86.4823,27.3515],[86.4742,27.3549],[86.4918,27.3759],[86.4928,27.3889],[86.4776,27.399],[86.4632,27.3989],[86.4592,27.3939],[86.4477,27.4014],[86.4426,27.4153],[86.4492,27.4295],[86.4479,27.4357],[86.397,27.4107],[86.3948,27.4085],[86.4032,27.4002],[86.3806,27.395],[86.379,27.3872],[86.367,27.3757],[86.3409,27.3676],[86.3508,27.3556],[86.3685,27.356],[86.3772,27.345],[86.3941,27.336],[86.3909,27.3294],[86.398,27.3244],[86.4208,27.3292],[86.4366,27.3193],[86.4467,27.2958],[86.4469,27.2955]]]}},{"type":"Feature","properties":{"province":1,"provinceName":"Koshi","district":"Okhaldhunga","localLevel":"Siddhicharan","type":"municipality"},"geometry":{"type":"Polygon","coordinates":[[[86.5379,27.3883],[86.5344,27.3965],[86.5122,27.4105],[86.5034,27.4263],[86.4722,27.4226],[86.4627,27.4341],[86.4698,27.4453],[86.4569,27.4542],[86.4477,27.4401],[86.4492,27.4295],[86.4426,27.4153],[86.4477,27.4014],[86.4592,27.3939],[86.4632,27.3989],[86.4776,27.399],[86.4928,27.3889],[86.4918,27.3759],[86.4743,27.353],[86.4823,27.3515],[86.4806,27.3426],[86.5108,27.342],[86.4993,27.3312],[86.4904,27.3303],[86.4835,27.3163],[86.4644,27.3182],[86.4497,27.3124],[86.4469,27.2955],[86.4533,27.2913],[86.4352,27.2601],[86.4434,27.2584],[86.4925,27.2685],[86.5076,27.2771],[86.5327,27.2598],[86.5604,27.2572],[86.5589,27.2511],[86.5625,27.2492],[86.5573,27.2394],[86.5636,27.2337],[86.5633,27.2234],[86.5745,27.2269],[86.589,27.2237],[86.5999,27.2343],[86.6224,27.2354],[86.6236,27.2458],[86.6346,27.25],[86.6124,27.2507],[86.5948,27.2571],[86.5862,27.2546],[86.5883,27.2663],[86.5821,27.2792],[86.5844,27.2819],[86.5581,27.2867],[86.5621,27.2956],[86.5608,27.3059],[86.5529,27.3157],[86.5575,27.3234],[86.5531,27.3338],[86.5553,27.3444],[86.5483,27.3639],[86.5399,27.372],[86.5385,27.3872],[86.5379,27.3883]]]}},{"type":"Feature","properties":{"province":1,"provinceName":"Koshi","district":"Okhaldhunga","localLevel":"Sunkoshi","type":"rural_municipality"},"geometry":{"type":"Polygon","coordinates":[[[86.4469,27.2955],[86.4366,27.3193],[86.4211,27.3292],[86.4019,27.323],[86.3954,27.3257],[86.3909,27.3294],[86.3941,27.336],[86.3772,27.345],[86.3685,27.356],[86.3644,27.345],[86.3509,27.3408],[86.3499,27.3285],[86.3704,27.3132],[86.3715,27.3076],[86.361,27.2953],[86.3488,27.2909],[86.3469,27.2811],[86.3309,27.2839],[86.319,27.2786],[86.2985,27.2893],[86.3021,27.2812],[86.2839,27.2502],[86.2973,27.2381],[86.3126,27.2325],[86.3434,27.2287],[86.3423,27.21],[86.3459,27.2025],[86.3605,27.2011],[86.3748,27.1926],[86.3852,27.2012],[86.3923,27.2013],[86.3931,27.222],[86.4052,27.2256],[86.404,27.232],[86.4105,27.232],[86.4117,27.2382],[86.4306,27.2448],[86.433,27.2593],[86.4533,27.2913],[86.4477,27.2944],[86.4469,27.2955]]]}},{"type":"Feature","properties":{"province":1,"provinceName":"Koshi","district":"Khotang","localLevel":"Ainselukhark","type":"rural_municipality"},"geometry":{"type":"Polygon","coordinates":[[[86.8474,27.4329],[86.8348,27.4313],[86.8233,27.4397],[86.8132,27.4304],[86.8062,27.4151],[86.791,27.4072],[86.773,27.4112],[86.7542,27.3942],[86.7436,27.3972],[86.6836,27.3904],[86.6859,27.3807],[86.6807,27.3429],[86.685,27.3141],[86.7102,27.3208],[86.7232,27.3429],[86.7376,27.3457],[86.7473,27.3076],[86.7555,27.3161],[86.7601,27.3142],[86.7892,27.3425],[86.8256,27.3468],[86.8278,27.3526],[86.8234,27.3654],[86.8318,27.372],[86.8353,27.3969],[86.8521,27.4151],[86.8477,27.4326],[86.8474,27.4329]]]}},{"type":"Feature","properties":{"province":1,"provinceName":"Koshi","district":"Khotang","localLevel":"Barahapokhari","type":"rural_municipality"},"geometry":{"type":"Polygon","coordinates":[[[86.9193,26.8967],[86.9123,26.9166],[86.9064,26.9167],[86.9053,26.9242],[86.8811,26.9391],[86.8764,26.9688],[86.8665,26.9676],[86.8649,26.9582],[86.8397,26.9672],[86.8508,26.9729],[86.8437,26.9775],[86.8434,27.0008],[86.8369,27.0084],[86.8,27.0003],[86.7904,26.9883],[86.7804,26.994],[86.7657,26.9766],[86.7615,26.9798],[86.7574,26.9741],[86.7633,26.97],[86.7669,26.9572],[86.7633,26.9238],[86.7709,26.9002],[86.776,26.8966],[86.7746,26.8847],[86.7822,26.8874],[86.7871,26.8805],[86.8077,26.8726],[86.8252,26.8719],[86.8371,26.8748],[86.8409,26.8842],[86.8647,26.8948],[86.9188,26.8963],[86.9193,26.8967]]]}},{"type":"Feature","properties":{"province":1,"provinceName":"Koshi","district":"Khotang","localLevel":"Diprung","type":"rural_municipality"},"geometry":{"type":"Polygon","coordinates":[[[86.8031,27.1599],[86.7755,27.1589],[86.7625,27.1523],[86.7504,27.1392],[86.7482,27.1209],[86.7405,27.1179],[86.7419,27.1122],[86.701,27.0873],[86.7133,27.0728],[86.7137,27.0661],[86.7224,27.0618],[86.7292,27.0391],[86.765,27.0457],[86.7714,27.0518],[86.7775,27.0496],[86.7783,27.0556],[86.7872,27.0554],[86.8192,27.0778],[86.8606,27.0946],[86.8729,27.1042],[86.8801,27.1036],[86.8917,27.1412],[86.8726,27.1422],[86.8617,27.138],[86.852,27.1426],[86.8298,27.1422],[86.8031,27.1598],[86.8031,27.1599]]]}},{"type":"Feature","properties":{"province":1,"provinceName":"Koshi","district":"Khotang","localLevel":"Halesi Tuwachung","type":"municipality"},"geometry":{"type":"Polygon","coordinates":[[[86.706,27.2372],[86.6704,27.2244],[86.6577,27.2361],[86.6308,27.2406],[86.6243,27.2463],[86.6224,27.2354],[86.5999,27.2343],[86.5906,27.2241],[86.5745,27.2269],[86.5673,27.223],[86.5594,27.2265],[86.5547,27.2214],[86.558,27.2186],[86.5499,27.218],[86.5277,27.1924],[86.5137,27.1865],[86.4936,27.1864],[86.4758,27.1763],[86.4703,27.1679],[86.4496,27.1639],[86.4367,27.1522],[86.4402,27.1445],[86.4287,27.1332],[86.4475,27.1327],[86.4621,27.1173],[86.4618,27.1053],[86.4765,27.1019],[86.4848,27.1091],[86.4943,27.1044],[86.5048,27.1142],[86.5181,27.1144],[86.5356,27.1348],[86.5849,27.1521],[86.6079,27.1394],[86.6427,27.1327],[86.6712,27.1197],[86.7039,27.0881],[86.7059,27.0933],[86.7126,27.092],[86.7419,27.1122],[86.7403,27.1175],[86.7481,27.1206],[86.7487,27.1351],[86.7536,27.1407],[86.7357,27.1745],[86.7108,27.1742],[86.7029,27.1869],[86.695,27.1875],[86.6949,27.2124],[86.7044,27.2216],[86.7064,27.2371],[86.706,27.2372]]]}},{"type":"Feature","properties":{"province":1,"provinceName":"Koshi","district":"Khotang","localLevel":"Jantedhunga","type":"rural_municipality"},"geometry":{"type":"Polygon","coordinates":[[[86.9527,27.0313],[86.93,27.0435],[86.9228,27.037],[86.9272,27.0319],[86.9227,27.0315],[86.9192,27.0225],[86.9085,27.0234],[86.9037,27.0309],[86.8711,27.0138],[86.8405,27.0045],[86.8436,26.9778],[86.8508,26.9729],[86.8397,26.9672],[86.8649,26.9582],[86.8665,26.9676],[86.8764,26.9688],[86.8811,26.9391],[86.9053,26.9242],[86.9064,26.9167],[86.9123,26.9166],[86.9193,26.8967],[86.9338,26.9074],[86.954,26.9043],[86.9585,26.9228],[86.9675,26.9274],[86.9671,26.9412],[86.9754,26.9566],[86.9748,26.9737],[86.97,26.9809],[86.9609,26.9807],[86.9595,26.9851],[86.9685,26.9917],[86.9696,27.0071],[86.9471,27.0201],[86.9525,27.0306],[86.9527,27.0313]]]}},{"type":"Feature","properties":{"province":1,"provinceName":"Koshi","district":"Khotang","localLevel":"Kepilasagadhi","type":"rural_municipality"},"geometry":{"type":"Polygon","coordinates":[[[86.9085,27.4332],[86.8936,27.4348],[86.8737,27.4279],[86.8616,27.4351],[86.8474,27.4329],[86.8521,27.4151],[86.8353,27.3969],[86.8318,27.372],[86.8234,27.3654],[86.8278,27.3526],[86.8256,27.3468],[86.7892,27.3425],[86.7674,27.3225],[86.7972,27.3118],[86.8267,27.3092],[86.8404,27.302],[86.8773,27.3015],[86.8967,27.2901],[86.9159,27.2665],[86.9507,27.2658],[86.968,27.2843],[86.9682,27.2954],[86.9878,27.308],[86.9511,27.336],[86.9537,27.3429],[86.9492,27.3515],[86.934,27.357],[86.9263,27.3703],[86.9332,27.3843],[86.9225,27.3896],[86.9129,27.4073],[86.9089,27.4327],[86.9085,27.4332]]]}},{"type":"Feature","properties":{"province":1,"provinceName":"Koshi","district":"Khotang","localLevel":"Khotehang","type":"rural_municipality"},"geometry":{"type":"Polygon","coordinates":[[[86.9198,27.0969],[86.9056,27.1044],[86.9001,27.1133],[86.8939,27.1139],[86.883,27.1094],[86.8801,27.1036],[86.8729,27.1042],[86.8606,27.0946],[86.8188,27.0776],[86.7865,27.055],[86.7783,27.0556],[86.7775,27.0496],[86.7714,27.0518],[86.765,27.0457],[86.7292,27.0391],[86.7496,27.024],[86.7506,27.0119],[86.7559,27.0052],[86.7574,26.9741],[86.7615,26.9798],[86.7657,26.9766],[86.7804,26.994],[86.7907,26.9884],[86.8,27.0003],[86.8222,27.0026],[86.8338,27.0084],[86.843,27.0054],[86.8711,27.0138],[86.9037,27.0309],[86.9085,27.0234],[86.9192,27.0225],[86.9227,27.0315],[86.9272,27.0319],[86.9228,27.037],[86.93,27.0435],[86.9518,27.0304],[86.9564,27.0479],[86.9645,27.0501],[86.9671,27.0577],[86.9487,27.0856],[86.9207,27.0961],[86.9198,27.0969]]]}},{"type":"Feature","properties":{"province":1,"provinceName":"Koshi","district":"Khotang","localLevel":"Rawa Besi","type":"rural_municipality"},"geometry":{"type":"Polygon","coordinates":[[[86.7535,27.3136],[86.7451,27.3088],[86.7423,27.3371],[86.7376,27.3457],[86.7232,27.3429],[86.7136,27.3289],[86.7143,27.3237],[86.6899,27.3173],[86.6792,27.2987],[86.6697,27.2972],[86.6753,27.2884],[86.6691,27.2767],[86.6731,27.2718],[86.6704,27.2682],[86.6629,27.2685],[86.6592,27.262],[86.6516,27.2633],[86.6369,27.2561],[86.6334,27.2479],[86.6243,27.2463],[86.6308,27.2406],[86.6577,27.2361],[86.6708,27.2243],[86.6943,27.2356],[86.7117,27.2387],[86.7562,27.2642],[86.7863,27.2624],[86.7881,27.2687],[86.7829,27.2756],[86.7896,27.2843],[86.7754,27.2896],[86.7683,27.3027],[86.7542,27.314],[86.7535,27.3136]]]}},{"type":"Feature","properties":{"province":1,"provinceName":"Koshi","district":"Khotang","localLevel":"Rupakot Majhuwagadhi","type":"municipality"},"geometry":{"type":"Polygon","coordinates":[[[86.9159,27.2665],[86.8967,27.2901],[86.8773,27.3015],[86.8404,27.302],[86.8267,27.3092],[86.7972,27.3118],[86.7674,27.3225],[86.7601,27.3142],[86.7535,27.3136],[86.7683,27.3027],[86.7754,27.2896],[86.7896,27.2843],[86.7829,27.2756],[86.7881,27.2687],[86.7863,27.2624],[86.7562,27.2642],[86.706,27.2372],[86.7044,27.2216],[86.6949,27.2124],[86.6949,27.1878],[86.7029,27.1869],[86.7108,27.1742],[86.7357,27.1745],[86.746,27.1506],[86.7534,27.1444],[86.7751,27.1588],[86.8083,27.1598],[86.8558,27.194],[86.8648,27.1927],[86.8712,27.1996],[86.9005,27.2067],[86.8967,27.2273],[86.9021,27.2491],[86.8976,27.2495],[86.9148,27.2665],[86.9159,27.2665]]]}},{"type":"Feature","properties":{"province":1,"provinceName":"Koshi","district":"Khotang","localLevel":"Sakela","type":"rural_municipality"},"geometry":{"type":"Polygon","coordinates":[[[86.8972,27.1146],[86.9092,27.126],[86.9196,27.1287],[86.9252,27.1562],[86.9153,27.1698],[86.9189,27.1843],[86.9321,27.2028],[86.9308,27.2229],[86.9157,27.2315],[86.9019,27.25],[86.8967,27.2273],[86.9004,27.2066],[86.8712,27.1996],[86.8648,27.1927],[86.8558,27.194],[86.8405,27.1803],[86.8339,27.1814],[86.819,27.1663],[86.8031,27.1599],[86.8298,27.1422],[86.852,27.1426],[86.8617,27.138],[86.8726,27.1422],[86.8917,27.1412],[86.881,27.113],[86.8837,27.11],[86.8971,27.1144],[86.8972,27.1146]]]}},{"type":"Feature","properties":{"province":1,"provinceName":"Koshi","district":"Udayapur","localLevel":"Belaka","type":"municipality"},"geometry":{"type":"Polygon","coordinates":[[[87.1586,26.9153],[87.1515,26.9252],[87.1379,26.927],[87.0958,26.9162],[87.095,26.9095],[87.0852,26.9119],[87.0682,26.907],[87.0642,26.9106],[87.0531,26.9021],[87.0441,26.907],[87.0416,26.9011],[87.0348,26.9033],[87.0165,26.8918],[87.0079,26.8915],[87.0053,26.8862],[86.9933,26.8908],[86.9811,26.8749],[86.9713,26.8701],[86.9709,26.8558],[86.9627,26.8509],[86.962,26.8455],[86.9492,26.8487],[86.9507,26.8389],[86.9571,26.8388],[86.9561,26.8255],[86.9655,26.8119],[86.9607,26.8025],[86.9698,26.8026],[86.9736,26.7976],[86.9674,26.7857],[86.9455,26.7692],[86.9296,26.7682],[86.9272,26.7496],[86.9469,26.7326],[86.9695,26.7353],[86.9757,26.7213],[86.9903,26.709],[86.997,26.7287],[87.0163,26.7217],[87.027,26.7294],[87.0368,26.7503],[87.0454,26.756],[87.0665,26.7441],[87.0714,26.7501],[87.1063,26.7533],[87.1445,26.8153],[87.1446,26.8351],[87.1521,26.8467],[87.1551,26.8689],[87.1685,26.8797],[87.1705,26.9008],[87.1587,26.9148],[87.1586,26.9153]]]}},{"type":"Feature","properties":{"province":1,"provinceName":"Koshi","district":"Udayapur","localLevel":"Chaudandigadhi","type":"municipality"},"geometry":{"type":"Polygon","coordinates":[[[86.954,26.9043],[86.9338,26.9074],[86.9169,26.8954],[86.8874,26.8982],[86.8644,26.8947],[86.8409,26.8842],[86.8371,26.8748],[86.8294,26.8742],[86.8291,26.8687],[86.8408,26.8528],[86.8421,26.8179],[86.8357,26.821],[86.8334,26.832],[86.8268,26.8359],[86.8065,26.81],[86.7912,26.821],[86.7729,26.8198],[86.7763,26.8082],[86.7714,26.804],[86.7719,26.7967],[86.7842,26.7788],[86.8088,26.7737],[86.8081,26.7569],[86.8134,26.7396],[86.8031,26.7238],[86.804,26.7125],[86.8164,26.7074],[86.8258,26.7139],[86.8378,26.7108],[86.8429,26.6914],[86.8507,26.6909],[86.8532,26.6961],[86.8681,26.7003],[86.869,26.7096],[86.8737,26.7128],[86.8874,26.7117],[86.9065,26.7317],[86.9059,26.7356],[86.9132,26.7391],[86.9111,26.7589],[86.9232,26.7661],[86.9275,26.7636],[86.93,26.7685],[86.9455,26.7692],[86.9676,26.7859],[86.9739,26.799],[86.9607,26.8025],[86.9655,26.8119],[86.9561,26.8255],[86.9571,26.8388],[86.9507,26.8389],[86.9491,26.8486],[86.962,26.8455],[86.9627,26.8509],[86.9709,26.8558],[86.9713,26.8701],[86.9811,26.8749],[86.995,26.8912],[86.9824,26.8959],[86.98,26.9062],[86.9713,26.9005],[86.9546,26.9042],[86.954,26.9043]]]}},{"type":"Feature","properties":{"province":1,"provinceName":"Koshi","district":"Udayapur","localLevel":"Katari","type":"municipality"},"geometry":{"type":"Polygon","coordinates":[[[86.4359,27.1488],[86.4227,27.1497],[86.4192,27.1657],[86.3922,27.1796],[86.3761,27.1587],[86.3728,27.1507],[86.3766,27.1474],[86.3703,27.1403],[86.3615,27.1391],[86.3454,27.147],[86.3375,27.1338],[86.339,27.1263],[86.3286,27.1106],[86.3088,27.1086],[86.3255,27.0988],[86.3436,27.1062],[86.365,27.0992],[86.3594,27.0939],[86.3576,27.075],[86.3485,27.0657],[86.3532,27.0665],[86.3535,27.0613],[86.3657,27.0537],[86.3694,27.0372],[86.385,27.0312],[86.3764,27.023],[86.3765,27.007],[86.369,27],[86.3681,26.9813],[86.3561,26.9648],[86.3174,26.9631],[86.2858,26.9488],[86.2805,26.9341],[86.2635,26.9247],[86.2604,26.9125],[86.2486,26.9148],[86.2442,26.9052],[86.2266,26.9035],[86.2238,26.8883],[86.2023,26.9052],[86.1892,26.9061],[86.1598,26.9296],[86.1592,26.9171],[86.1709,26.9133],[86.1894,26.8943],[86.2298,26.8803],[86.2492,26.8635],[86.2736,26.8822],[86.2899,26.8864],[86.3166,26.8787],[86.3432,26.8798],[86.3684,26.8722],[86.3868,26.909],[86.4208,26.906],[86.4595,26.887],[86.4816,26.8878],[86.4789,26.9038],[86.4946,26.9072],[86.4724,26.9318],[86.4762,26.9409],[86.4934,26.9547],[86.4588,26.9847],[86.4603,26.9927],[86.4498,27.0022],[86.4564,27.0094],[86.4644,27.0032],[86.4712,27.0153],[86.4657,27.0447],[86.4882,27.0463],[86.4835,27.0605],[86.4779,27.0631],[86.4795,27.0722],[86.4731,27.0867],[86.4835,27.0884],[86.4841,27.0922],[86.4876,27.0897],[86.4931,27.1045],[86.4862,27.1093],[86.4765,27.1019],[86.4623,27.1049],[86.4621,27.1173],[86.448,27.1323],[86.4289,27.133],[86.4402,27.1445],[86.4361,27.1487],[86.4359,27.1488]]]}},{"type":"Feature","properties":{"province":1,"provinceName":"Koshi","district":"Udayapur","localLevel":"Rautamai","type":"rural_municipality"},"geometry":{"type":"Polygon","coordinates":[[[86.7292,27.0391],[86.7224,27.0618],[86.7137,27.0661],[86.6956,27.043],[86.6832,27.0408],[86.6887,27.0353],[86.6878,27.0281],[86.6799,27.0275],[86.6759,27.0324],[86.6656,27.0263],[86.6552,27.0318],[86.6566,27.0389],[86.6516,27.0445],[86.6315,27.0484],[86.6159,27.0478],[86.6012,27.0295],[86.5937,27.0269],[86.5872,27.0046],[86.5998,26.9964],[86.5998,26.9788],[86.6083,26.9715],[86.6054,26.9206],[86.618,26.9108],[86.6112,26.9057],[86.618,26.9004],[86.6142,26.8834],[86.6374,26.9005],[86.6456,26.9011],[86.6521,26.9129],[86.6605,26.9105],[86.6686,26.9275],[86.6915,26.9308],[86.7154,26.9406],[86.7326,26.9401],[86.7395,26.9447],[86.7588,26.9353],[86.7656,26.9391],[86.7669,26.9572],[86.7633,26.97],[86.7574,26.9741],[86.7559,27.0052],[86.7506,27.0119],[86.7496,27.024],[86.7298,27.0384],[86.7292,27.0391]]]}},{"type":"Feature","properties":{"province":1,"provinceName":"Koshi","district":"Udayapur","localLevel":"Sunkoshi","type":"rural_municipality"},"geometry":{"type":"Polygon","coordinates":[[[86.7021,27.0886],[86.6932,27.1016],[86.6841,27.104],[86.6712,27.1197],[86.6536,27.129],[86.6083,27.1393],[86.5877,27.1515],[86.5752,27.1482],[86.5826,27.1415],[86.5785,27.1223],[86.584,27.1177],[86.5835,27.107],[86.5948,27.0998],[86.602,27.0844],[86.6041,27.067],[86.5977,27.0588],[86.5984,27.0512],[86.6073,27.0389],[86.6159,27.0478],[86.6335,27.0484],[86.6523,27.044],[86.6568,27.0381],[86.6552,27.0318],[86.6656,27.0263],[86.6759,27.0324],[86.6799,27.0275],[86.6882,27.0283],[86.6887,27.0353],[86.6832,27.0408],[86.6956,27.043],[86.7137,27.0661],[86.7133,27.0728],[86.7014,27.0879],[86.7021,27.0886]]]}},{"type":"Feature","properties":{"province":1,"provinceName":"Koshi","district":"Udayapur","localLevel":"Tapli","type":"rural_municipality"},"geometry":{"type":"Polygon","coordinates":[[[86.6082,27.0386],[86.5984,27.0512],[86.5977,27.0588],[86.6041,27.067],[86.602,27.0844],[86.5948,27.0998],[86.5835,27.107],[86.584,27.1177],[86.5785,27.1223],[86.5826,27.1415],[86.5752,27.1482],[86.5356,27.1348],[86.5208,27.116],[86.5048,27.1142],[86.4931,27.1045],[86.4876,27.0897],[86.4841,27.0922],[86.4835,27.0884],[86.4731,27.0867],[86.4795,27.0722],[86.4779,27.0631],[86.4835,27.0605],[86.4881,27.0461],[86.5064,27.0398],[86.5224,27.0276],[86.5436,27.0229],[86.5686,27.0336],[86.5917,27.0212],[86.6076,27.0379],[86.6082,27.0386]]]}},{"type":"Feature","properties":{"province":1,"provinceName":"Koshi","district":"Udayapur","localLevel":"Triyuga","type":"municipality"},"geometry":{"type":"Polygon","coordinates":[[[86.7656,26.9391],[86.7588,26.9353],[86.7395,26.9447],[86.6676,26.9271],[86.6605,26.9105],[86.6521,26.9129],[86.6456,26.9011],[86.6374,26.9005],[86.6059,26.8784],[86.598,26.8668],[86.5802,26.8667],[86.582,26.8465],[86.5661,26.8315],[86.5606,26.8026],[86.5527,26.7879],[86.5666,26.7907],[86.5693,26.7805],[86.5803,26.784],[86.5751,26.7679],[86.5555,26.7458],[86.5763,26.7392],[86.5745,26.722],[86.5857,26.7118],[86.5836,26.7078],[86.589,26.696],[86.6043,26.6995],[86.6131,26.6887],[86.6184,26.6947],[86.6297,26.6896],[86.6362,26.6982],[86.6441,26.6979],[86.6519,26.6894],[86.659,26.6912],[86.6673,26.7041],[86.6729,26.6933],[86.6872,26.6877],[86.7052,26.699],[86.7087,26.7068],[86.7394,26.712],[86.7491,26.6966],[86.7556,26.6949],[86.7556,26.6859],[86.7623,26.695],[86.804,26.7125],[86.8031,26.7238],[86.8134,26.7396],[86.8081,26.7569],[86.8088,26.7737],[86.7842,26.7788],[86.7719,26.7967],[86.7714,26.804],[86.7763,26.8082],[86.7725,26.819],[86.7755,26.8223],[86.7912,26.821],[86.8065,26.81],[86.8268,26.8359],[86.8334,26.832],[86.8357,26.821],[86.8421,26.8179],[86.8408,26.8528],[86.8292,26.8682],[86.8294,26.8742],[86.8093,26.8723],[86.7871,26.8805],[86.7822,26.8874],[86.7741,26.885],[86.776,26.8966],[86.7709,26.9002],[86.7634,26.9233],[86.7659,26.9386],[86.7656,26.9391]]]}},{"type":"Feature","properties":{"province":1,"provinceName":"Koshi","district":"Udayapur","localLevel":"Udayapurgadhi","type":"rural_municipality"},"geometry":{"type":"Polygon","coordinates":[[[86.4881,27.0461],[86.4657,27.0447],[86.4712,27.0153],[86.4652,27.0037],[86.4564,27.0094],[86.45,27.0007],[86.4603,26.9927],[86.4588,26.9847],[86.4934,26.9547],[86.4762,26.9409],[86.4724,26.9318],[86.4946,26.9072],[86.4788,26.9037],[86.4821,26.9006],[86.4791,26.8969],[86.4823,26.8707],[86.4905,26.869],[86.4985,26.8563],[86.5072,26.8557],[86.5078,26.8479],[86.5141,26.8462],[86.5149,26.8401],[86.5201,26.8429],[86.522,26.8312],[86.5396,26.8312],[86.5491,26.8364],[86.557,26.8303],[86.5559,26.8145],[86.5325,26.7909],[86.5406,26.7874],[86.5403,26.7829],[86.5506,26.7816],[86.5606,26.8026],[86.5661,26.8315],[86.582,26.8465],[86.5802,26.8667],[86.598,26.8668],[86.5968,26.8699],[86.6012,26.8693],[86.6043,26.8769],[86.6129,26.8808],[86.6168,26.891],[86.6175,26.902],[86.6112,26.9057],[86.6178,26.9112],[86.6054,26.9201],[86.6083,26.9715],[86.5998,26.9788],[86.5998,26.9964],[86.5872,27.0045],[86.5931,27.0198],[86.5901,27.0228],[86.5659,27.0336],[86.5582,27.0268],[86.5421,27.023],[86.5224,27.0276],[86.5064,27.0398],[86.4883,27.046],[86.4881,27.0461]]]}},{"type":"Feature","properties":{"province":2,"provinceName":"Madhesh","district":"Saptari","localLevel":"Agnisair Krishna Savaran","type":"rural_municipality"},"geometry":{"type":"Polygon","coordinates":[[[86.845,26.6329],[86.8422,26.6627],[86.8363,26.6626],[86.8277,26.6743],[86.8362,26.6777],[86.8391,26.6839],[86.826,26.6874],[86.8339,26.6999],[86.8295,26.7131],[86.8167,26.7074],[86.8024,26.7123],[86.7623,26.695],[86.7556,26.6859],[86.7556,26.6949],[86.7441,26.6994],[86.7531,26.6719],[86.7588,26.6717],[86.7609,26.6665],[86.7549,26.6359],[86.7628,26.6089],[86.7621,26.5815],[86.7692,26.5782],[86.7708,26.5885],[86.7936,26.5886],[86.8043,26.5758],[86.8213,26.5778],[86.8251,26.6144],[86.842,26.624],[86.8445,26.6322],[86.845,26.6329]]]}},{"type":"Feature","properties":{"province":2,"provinceName":"Madhesh","district":"Saptari","localLevel":"Balan Bihul","type":"rural_municipality"},"geometry":{"type":"Polygon","coordinates":[[[86.541,26.5946],[86.5347,26.6041],[86.5377,26.6132],[86.5126,26.6147],[86.5148,26.6],[86.4995,26.5835],[86.4988,26.5603],[86.4883,26.5495],[86.5,26.5419],[86.5181,26.5389],[86.5306,26.5425],[86.5473,26.5347],[86.5453,26.5445],[86.5533,26.5566],[86.5421,26.5666],[86.5405,26.5945],[86.541,26.5946]]]}},{"type":"Feature","properties":{"province":2,"provinceName":"Madhesh","district":"Saptari","localLevel":"Belhi Chapena","type":"rural_municipality"},"geometry":{"type":"Polygon","coordinates":[[[86.6926,26.5639],[86.6866,26.5554],[86.6898,26.5396],[86.6873,26.544],[86.6674,26.5449],[86.6675,26.5296],[86.6624,26.5123],[86.6577,26.5089],[86.6591,26.504],[86.6553,26.5033],[86.6527,26.4929],[86.6437,26.4932],[86.6384,26.4878],[86.6353,26.4763],[86.6299,26.4752],[86.63,26.4666],[86.6976,26.4488],[86.6999,26.4647],[86.7109,26.471],[86.7112,26.4823],[86.6988,26.4862],[86.6921,26.4938],[86.6947,26.5039],[86.6865,26.5153],[86.687,26.5335],[86.7037,26.537],[86.708,26.5483],[86.7061,26.5584],[86.6929,26.5638],[86.6926,26.5639]]]}},{"type":"Feature","properties":{"province":2,"provinceName":"Madhesh","district":"Saptari","localLevel":"Bishnupur","type":"rural_municipality"},"geometry":{"type":"Polygon","coordinates":[[[86.7574,26.4915],[86.765,26.5082],[86.756,26.5156],[86.7509,26.5304],[86.7411,26.5295],[86.7333,26.5166],[86.7168,26.5162],[86.7328,26.5457],[86.7408,26.5503],[86.7394,26.5594],[86.7061,26.5584],[86.7069,26.5413],[86.6859,26.5307],[86.6865,26.5153],[86.6947,26.5039],[86.6921,26.4938],[86.699,26.4862],[86.7294,26.4805],[86.7313,26.4973],[86.7372,26.497],[86.7383,26.508],[86.7483,26.5046],[86.7571,26.4918],[86.7574,26.4915]]]}},{"type":"Feature","properties":{"province":2,"provinceName":"Madhesh","district":"Saptari","localLevel":"Bode Barsain","type":"municipality"},"geometry":{"type":"Polygon","coordinates":[[[86.6106,26.5693],[86.6015,26.5919],[86.6085,26.6046],[86.6048,26.6113],[86.5837,26.6126],[86.5754,26.6046],[86.5447,26.6109],[86.5399,26.6083],[86.5441,26.597],[86.5393,26.5944],[86.5434,26.5848],[86.5403,26.5725],[86.5533,26.5566],[86.5453,26.5445],[86.5473,26.5347],[86.5727,26.4962],[86.5806,26.4942],[86.5754,26.5066],[86.5807,26.5106],[86.5809,26.5175],[86.5866,26.5168],[86.5866,26.5241],[86.5981,26.5227],[86.6022,26.5398],[86.5959,26.5602],[86.6004,26.5711],[86.6105,26.5694],[86.6106,26.5693]]]}},{"type":"Feature","properties":{"province":2,"provinceName":"Madhesh","district":"Saptari","localLevel":"Chhinnamasta","type":"rural_municipality"},"geometry":{"type":"Polygon","coordinates":[[[86.7574,26.4915],[86.7483,26.5046],[86.738,26.508],[86.7372,26.497],[86.7313,26.4973],[86.7294,26.4805],[86.7106,26.4838],[86.7109,26.471],[86.6993,26.4627],[86.6978,26.4447],[86.7022,26.437],[86.7225,26.4345],[86.7321,26.4221],[86.7494,26.4282],[86.7466,26.4349],[86.7672,26.452],[86.7661,26.4626],[86.7619,26.4639],[86.7639,26.4792],[86.7595,26.4823],[86.763,26.4867],[86.7576,26.4867],[86.7571,26.4911],[86.7574,26.4915]]]}},{"type":"Feature","properties":{"province":2,"provinceName":"Madhesh","district":"Saptari","localLevel":"Dakneshwori","type":"municipality"},"geometry":{"type":"Polygon","coordinates":[[[86.69,26.5788],[86.681,26.586],[86.6739,26.5805],[86.6659,26.5822],[86.6551,26.5687],[86.6523,26.5464],[86.6465,26.544],[86.6416,26.5498],[86.6291,26.5486],[86.6321,26.5555],[86.6253,26.5674],[86.6003,26.571],[86.5959,26.56],[86.6021,26.5351],[86.5981,26.5227],[86.5868,26.5243],[86.5866,26.5168],[86.5809,26.5175],[86.5807,26.5106],[86.5754,26.5066],[86.5773,26.4966],[86.6162,26.4867],[86.6309,26.4785],[86.6299,26.4752],[86.6353,26.4763],[86.6384,26.4878],[86.6437,26.4932],[86.6527,26.4929],[86.6553,26.5033],[86.6591,26.504],[86.6577,26.5089],[86.6624,26.5123],[86.6675,26.5296],[86.6674,26.5449],[86.6873,26.544],[86.6899,26.5398],[86.6866,26.5554],[86.6928,26.563],[86.6863,26.571],[86.6898,26.5784],[86.69,26.5788]]]}},{"type":"Feature","properties":{"province":2,"provinceName":"Madhesh","district":"Saptari","localLevel":"Hanumannagar Kankalini","type":"municipality"},"geometry":{"type":"Polygon","coordinates":[[[86.8999,26.5792],[86.8925,26.5844],[86.891,26.58],[86.8566,26.5627],[86.8554,26.547],[86.8503,26.5455],[86.85,26.5353],[86.8454,26.5319],[86.8483,26.5143],[86.8359,26.5127],[86.8312,26.5],[86.8534,26.4906],[86.852,26.482],[86.8446,26.4814],[86.8276,26.4667],[86.8197,26.4744],[86.8118,26.4702],[86.7984,26.4718],[86.7826,26.4544],[86.8359,26.4387],[86.8493,26.4416],[86.8483,26.4479],[86.8585,26.4482],[86.8634,26.4572],[86.8754,26.4537],[86.8964,26.4617],[86.8941,26.4858],[86.9065,26.488],[86.9187,26.5011],[86.9192,26.5121],[86.9357,26.5332],[86.9545,26.5375],[86.9687,26.5463],[86.9755,26.5561],[86.9595,26.5571],[86.9434,26.5483],[86.9456,26.5556],[86.9396,26.5712],[86.9187,26.5745],[86.92,26.5682],[86.9052,26.5705],[86.9002,26.5788],[86.8999,26.5792]]]}},{"type":"Feature","properties":{"province":2,"provinceName":"Madhesh","district":"Saptari","localLevel":"Kanchanrup","type":"municipality"},"geometry":{"type":"Polygon","coordinates":[[[86.9522,26.6677],[86.9522,26.6767],[86.921,26.6831],[86.9123,26.6719],[86.8969,26.6786],[86.8911,26.686],[86.8825,26.6865],[86.8731,26.712],[86.8681,26.7003],[86.8445,26.6902],[86.8402,26.7092],[86.8304,26.7123],[86.8339,26.6999],[86.826,26.6874],[86.8391,26.6839],[86.8362,26.6777],[86.8277,26.6743],[86.8363,26.6626],[86.8422,26.6627],[86.845,26.6329],[86.872,26.6068],[86.8789,26.6131],[86.8876,26.6088],[86.8898,26.5985],[86.8978,26.598],[86.9051,26.5836],[86.8999,26.5792],[86.9019,26.5719],[86.92,26.5682],[86.9189,26.5745],[86.9408,26.5703],[86.9456,26.5556],[86.9434,26.5483],[86.9595,26.5571],[86.9755,26.5561],[86.9906,26.5685],[86.9212,26.6042],[86.9286,26.6191],[86.9501,26.6398],[86.9461,26.6516],[86.9519,26.6676],[86.9522,26.6677]]]}},{"type":"Feature","properties":{"province":2,"provinceName":"Madhesh","district":"Saptari","localLevel":"Khadak","type":"municipality"},"geometry":{"type":"Polygon","coordinates":[[[86.659,26.6912],[86.6513,26.6895],[86.6443,26.6978],[86.6362,26.6982],[86.6298,26.6897],[86.6187,26.6948],[86.6131,26.6887],[86.6043,26.6995],[86.5934,26.6969],[86.5611,26.6667],[86.555,26.6505],[86.5598,26.6475],[86.5601,26.6408],[86.5568,26.6318],[86.546,26.6245],[86.5497,26.6145],[86.5447,26.6109],[86.5754,26.6046],[86.5837,26.6126],[86.6048,26.6113],[86.6085,26.6046],[86.6015,26.5919],[86.606,26.5777],[86.6124,26.5679],[86.6253,26.5674],[86.6293,26.5626],[86.6422,26.5812],[86.637,26.5836],[86.638,26.5929],[86.6458,26.5943],[86.6454,26.6032],[86.6341,26.6228],[86.6441,26.6507],[86.6587,26.6705],[86.6589,26.691],[86.659,26.6912]]]}},{"type":"Feature","properties":{"province":2,"provinceName":"Madhesh","district":"Saptari","localLevel":"Mahadeva","type":"rural_municipality"},"geometry":{"type":"Polygon","coordinates":[[[86.8213,26.5778],[86.8043,26.5758],[86.7976,26.5861],[86.7857,26.5787],[86.7851,26.5604],[86.7937,26.5302],[86.845,26.5194],[86.8499,26.5447],[86.8554,26.547],[86.8516,26.5619],[86.8413,26.5637],[86.8213,26.5777],[86.8213,26.5778]]]}},{"type":"Feature","properties":{"province":2,"provinceName":"Madhesh","district":"Saptari","localLevel":"Rajbiraj","type":"municipality"},"geometry":{"type":"Polygon","coordinates":[[[86.7943,26.5845],[86.7936,26.5886],[86.7708,26.5885],[86.7692,26.5782],[86.7621,26.5815],[86.7623,26.5734],[86.7543,26.5739],[86.7495,26.5807],[86.743,26.5743],[86.731,26.5742],[86.7255,26.5641],[86.7394,26.5594],[86.7408,26.5503],[86.7328,26.5457],[86.7168,26.5162],[86.7333,26.5166],[86.7411,26.5295],[86.7509,26.5304],[86.756,26.5156],[86.765,26.5082],[86.7577,26.4867],[86.7712,26.4884],[86.7842,26.4818],[86.7865,26.4859],[86.809,26.4908],[86.8101,26.5141],[86.7992,26.5127],[86.7851,26.5604],[86.7846,26.5761],[86.7942,26.5845],[86.7943,26.5845]]]}},{"type":"Feature","properties":{"province":2,"provinceName":"Madhesh","district":"Saptari","localLevel":"Rupani","type":"rural_municipality"},"geometry":{"type":"Polygon","coordinates":[[[86.7453,26.7009],[86.7403,26.7118],[86.7288,26.7072],[86.7321,26.6908],[86.7371,26.6928],[86.7418,26.6772],[86.747,26.6756],[86.7393,26.661],[86.7393,26.6379],[86.7302,26.6308],[86.7255,26.6375],[86.7145,26.6336],[86.7152,26.6158],[86.7015,26.617],[86.7014,26.5858],[86.6922,26.5817],[86.6863,26.571],[86.6953,26.5623],[86.7102,26.557],[86.728,26.5603],[86.7255,26.5641],[86.731,26.5742],[86.743,26.5743],[86.7495,26.5807],[86.7543,26.5739],[86.7623,26.5734],[86.7628,26.6089],[86.7549,26.6359],[86.7609,26.6665],[86.7588,26.6717],[86.7531,26.6719],[86.7452,26.7007],[86.7453,26.7009]]]}},{"type":"Feature","properties":{"province":2,"provinceName":"Madhesh","district":"Saptari","localLevel":"Saptakoshi","type":"municipality"},"geometry":{"type":"Polygon","coordinates":[[[86.9866,26.7098],[86.9695,26.7353],[86.9513,26.7318],[86.935,26.7404],[86.9272,26.7498],[86.9303,26.7581],[86.924,26.7662],[86.9111,26.7589],[86.9132,26.7391],[86.9059,26.7356],[86.9065,26.7317],[86.8874,26.7117],[86.8737,26.7128],[86.8727,26.7087],[86.8819,26.693],[86.8806,26.6884],[86.8945,26.6841],[86.8976,26.6783],[86.9123,26.6719],[86.9215,26.6831],[86.9525,26.6766],[86.9522,26.6677],[86.9579,26.6738],[86.9607,26.6871],[86.9866,26.7098],[86.9866,26.7098]]]}},{"type":"Feature","properties":{"province":2,"provinceName":"Madhesh","district":"Saptari","localLevel":"Shambhunath","type":"municipality"},"geometry":{"type":"Polygon","coordinates":[[[86.7299,26.7093],[86.7087,26.7068],[86.7052,26.699],[86.6874,26.6878],[86.6729,26.6933],[86.6673,26.7041],[86.66,26.6935],[86.6587,26.6705],[86.6441,26.6507],[86.6341,26.6228],[86.6454,26.6032],[86.6458,26.5946],[86.638,26.5929],[86.637,26.5836],[86.6422,26.5812],[86.6285,26.5618],[86.6321,26.5551],[86.6292,26.5485],[86.6416,26.5498],[86.6457,26.5439],[86.6523,26.5464],[86.6551,26.5687],[86.6659,26.5822],[86.6739,26.5805],[86.681,26.586],[86.69,26.5788],[86.6994,26.5826],[86.7034,26.5921],[86.7015,26.617],[86.7151,26.6156],[86.7145,26.6336],[86.7255,26.6375],[86.7302,26.6308],[86.7392,26.6379],[86.7393,26.661],[86.747,26.6756],[86.7418,26.6772],[86.7371,26.6928],[86.7321,26.6908],[86.7298,26.7092],[86.7299,26.7093]]]}},{"type":"Feature","properties":{"province":2,"provinceName":"Madhesh","district":"Saptari","localLevel":"Surunga","type":"municipality"},"geometry":{"type":"Polygon","coordinates":[[[86.5934,26.6969],[86.5888,26.6961],[86.5836,26.7078],[86.5857,26.7118],[86.5745,26.722],[86.5763,26.7392],[86.5555,26.7458],[86.5751,26.7679],[86.5803,26.7841],[86.569,26.7806],[86.5663,26.7907],[86.5506,26.7816],[86.539,26.7837],[86.5403,26.7876],[86.5277,26.7851],[86.5225,26.7602],[86.5309,26.7444],[86.5131,26.7365],[86.5049,26.7231],[86.5125,26.698],[86.5114,26.682],[86.5008,26.6572],[86.5072,26.6498],[86.5082,26.6336],[86.5145,26.623],[86.5126,26.6147],[86.5377,26.6132],[86.5348,26.6038],[86.541,26.5946],[86.544,26.5967],[86.5399,26.6083],[86.5497,26.6144],[86.5461,26.6247],[86.557,26.6321],[86.5598,26.6475],[86.555,26.6505],[86.5611,26.6667],[86.5932,26.6966],[86.5934,26.6969]]]}},{"type":"Feature","properties":{"province":2,"provinceName":"Madhesh","district":"Saptari","localLevel":"Tilathi Koiladi","type":"rural_municipality"},"geometry":{"type":"Polygon","coordinates":[[[86.845,26.5194],[86.7935,26.5261],[86.7994,26.5124],[86.8101,26.5141],[86.809,26.4908],[86.7865,26.4859],[86.7842,26.4818],[86.7725,26.4881],[86.7614,26.4872],[86.7649,26.4589],[86.7826,26.4544],[86.7984,26.4718],[86.8118,26.4702],[86.8197,26.4744],[86.8276,26.4667],[86.8446,26.4814],[86.8518,26.4818],[86.8534,26.4906],[86.8454,26.4969],[86.8313,26.4989],[86.8359,26.5127],[86.8483,26.5143],[86.8454,26.5191],[86.845,26.5194]]]}},{"type":"Feature","properties":{"province":2,"provinceName":"Madhesh","district":"Saptari","localLevel":"Tirahut","type":"rural_municipality"},"geometry":{"type":"Polygon","coordinates":[[[86.8999,26.5792],[86.9049,26.5843],[86.8978,26.598],[86.8898,26.5985],[86.8876,26.6088],[86.8789,26.6131],[86.872,26.6068],[86.8474,26.6322],[86.842,26.624],[86.8251,26.6144],[86.8207,26.5989],[86.8248,26.5888],[86.8203,26.5756],[86.8299,26.5745],[86.8391,26.5649],[86.8516,26.5619],[86.8558,26.5517],[86.8566,26.5627],[86.8624,26.5684],[86.8668,26.5666],[86.891,26.58],[86.8925,26.5844],[86.8998,26.5793],[86.8999,26.5792]]]}},{"type":"Feature","properties":{"province":2,"provinceName":"Madhesh","district":"Siraha","localLevel":"Arnama","type":"rural_municipality"},"geometry":{"type":"Polygon","coordinates":[[[86.3239,26.7139],[86.3161,26.7339],[86.3205,26.7453],[86.3096,26.7458],[86.3074,26.7374],[86.2968,26.7428],[86.2879,26.7381],[86.2829,26.7188],[86.2738,26.7138],[86.2703,26.7053],[86.2625,26.6588],[86.2635,26.6393],[86.274,26.6353],[86.2713,26.642],[86.2755,26.6487],[86.3001,26.664],[86.2982,26.6739],[86.3044,26.6932],[86.3163,26.6941],[86.318,26.7086],[86.3236,26.7137],[86.3239,26.7139]]]}},{"type":"Feature","properties":{"province":2,"provinceName":"Madhesh","district":"Siraha","localLevel":"Aurahi","type":"rural_municipality"},"geometry":{"type":"Polygon","coordinates":[[[86.3476,26.6693],[86.3471,26.6793],[86.351,26.6818],[86.345,26.6844],[86.3387,26.6821],[86.3299,26.6578],[86.3218,26.6556],[86.3222,26.6635],[86.3004,26.6706],[86.3001,26.664],[86.2732,26.6456],[86.274,26.6353],[86.263,26.6153],[86.2952,26.6129],[86.3102,26.6197],[86.3293,26.6193],[86.3418,26.6341],[86.3426,26.648],[86.3468,26.6519],[86.3437,26.6665],[86.3475,26.6692],[86.3476,26.6693]]]}},{"type":"Feature","properties":{"province":2,"provinceName":"Madhesh","district":"Siraha","localLevel":"Bariyarpatti","type":"rural_municipality"},"geometry":{"type":"Polygon","coordinates":[[[86.3826,26.668],[86.3559,26.6611],[86.3585,26.6672],[86.3441,26.667],[86.3468,26.6519],[86.3426,26.648],[86.3418,26.6341],[86.3293,26.6193],[86.3472,26.6164],[86.3433,26.6057],[86.3994,26.5927],[86.393,26.5986],[86.4003,26.6158],[86.4073,26.6143],[86.4185,26.6286],[86.4117,26.6236],[86.3907,26.625],[86.3969,26.6449],[86.3874,26.6518],[86.3782,26.6493],[86.3739,26.6524],[86.3817,26.6585],[86.3825,26.6678],[86.3826,26.668]]]}},{"type":"Feature","properties":{"province":2,"provinceName":"Madhesh","district":"Siraha","localLevel":"Bhagawanpur","type":"rural_municipality"},"geometry":{"type":"Polygon","coordinates":[[[86.5078,26.5928],[86.5009,26.5989],[86.5008,26.6155],[86.4916,26.6139],[86.4884,26.6209],[86.4804,26.6203],[86.479,26.6122],[86.4598,26.6121],[86.4544,26.597],[86.4417,26.5955],[86.4326,26.5727],[86.4579,26.5678],[86.4883,26.5495],[86.4987,26.5601],[86.4965,26.5777],[86.5078,26.5928],[86.5078,26.5928]]]}},{"type":"Feature","properties":{"province":2,"provinceName":"Madhesh","district":"Siraha","localLevel":"Bishnupur","type":"rural_municipality"},"geometry":{"type":"Polygon","coordinates":[[[86.2489,26.7496],[86.2328,26.749],[86.2236,26.7368],[86.2277,26.7352],[86.2233,26.735],[86.2125,26.7192],[86.225,26.7215],[86.2191,26.7135],[86.2321,26.7106],[86.2411,26.7096],[86.2462,26.7146],[86.2495,26.7082],[86.2571,26.7086],[86.2565,26.7026],[86.2633,26.7018],[86.2828,26.7185],[86.2877,26.7379],[86.2968,26.7428],[86.2489,26.7496],[86.2489,26.7496]]]}},{"type":"Feature","properties":{"province":2,"provinceName":"Madhesh","district":"Siraha","localLevel":"Dhangadhimai","type":"municipality"},"geometry":{"type":"Polygon","coordinates":[[[86.4819,26.8882],[86.4595,26.887],[86.4208,26.906],[86.3851,26.908],[86.3769,26.8883],[86.3828,26.8863],[86.3925,26.8914],[86.401,26.8814],[86.3989,26.8685],[86.4067,26.8551],[86.4043,26.8459],[86.4094,26.8281],[86.4013,26.8203],[86.4023,26.8163],[86.3829,26.8095],[86.3864,26.7965],[86.375,26.7944],[86.3648,26.8044],[86.3538,26.7921],[86.3536,26.7816],[86.3454,26.7683],[86.3477,26.7622],[86.3423,26.7599],[86.3451,26.7526],[86.3407,26.7477],[86.3496,26.7391],[86.3534,26.7279],[86.3958,26.7214],[86.4117,26.7104],[86.4238,26.7103],[86.4369,26.737],[86.4209,26.7459],[86.4245,26.7546],[86.4232,26.7756],[86.4304,26.7881],[86.4384,26.7826],[86.4391,26.7895],[86.4476,26.7857],[86.4448,26.7928],[86.4518,26.7974],[86.4598,26.7931],[86.4636,26.8069],[86.4707,26.8116],[86.4831,26.8517],[86.4967,26.8603],[86.4905,26.869],[86.4823,26.8707],[86.482,26.8881],[86.4819,26.8882]]]}},{"type":"Feature","properties":{"province":2,"provinceName":"Madhesh","district":"Siraha","localLevel":"Golbazar","type":"municipality"},"geometry":{"type":"Polygon","coordinates":[[[86.3497,26.7384],[86.3407,26.749],[86.3451,26.7526],[86.3423,26.7599],[86.3477,26.7622],[86.3454,26.7683],[86.3536,26.7816],[86.354,26.7924],[86.3648,26.8044],[86.375,26.7944],[86.3864,26.7965],[86.3829,26.8095],[86.4023,26.8163],[86.4013,26.8203],[86.4094,26.828],[86.4043,26.8459],[86.4067,26.8551],[86.3989,26.8685],[86.401,26.8814],[86.3925,26.8914],[86.3828,26.8863],[86.3769,26.8883],[86.3684,26.8722],[86.344,26.8795],[86.3432,26.8624],[86.3348,26.8523],[86.3108,26.8414],[86.274,26.8127],[86.274,26.8023],[86.2807,26.801],[86.2915,26.8127],[86.314,26.8143],[86.3103,26.8062],[86.3067,26.8067],[86.3007,26.789],[86.3093,26.7849],[86.3031,26.7789],[86.3072,26.7733],[86.2995,26.7664],[86.3015,26.7531],[86.2968,26.7428],[86.3074,26.7374],[86.3096,26.7458],[86.3206,26.7453],[86.3161,26.7339],[86.3219,26.7153],[86.3281,26.7162],[86.3279,26.7274],[86.3492,26.7384],[86.3497,26.7384]]]}},{"type":"Feature","properties":{"province":2,"provinceName":"Madhesh","district":"Siraha","localLevel":"Kalyanpur","type":"municipality"},"geometry":{"type":"Polygon","coordinates":[[[86.1844,26.813],[86.1549,26.8127],[86.1532,26.7953],[86.1469,26.7873],[86.1501,26.7702],[86.1623,26.7513],[86.1769,26.7481],[86.1991,26.6965],[86.2315,26.6971],[86.243,26.7086],[86.2193,26.7134],[86.225,26.7215],[86.2125,26.7192],[86.2233,26.735],[86.2277,26.7352],[86.2236,26.7368],[86.2328,26.749],[86.2489,26.7496],[86.2515,26.7666],[86.2626,26.7801],[86.2506,26.7894],[86.232,26.7909],[86.2215,26.7984],[86.2145,26.7916],[86.2101,26.7947],[86.2143,26.8008],[86.205,26.803],[86.2009,26.8021],[86.1963,26.7851],[86.1878,26.7781],[86.1786,26.789],[86.1842,26.7936],[86.1844,26.813],[86.1844,26.813]]]}},{"type":"Feature","properties":{"province":2,"provinceName":"Madhesh","district":"Siraha","localLevel":"Karjanha","type":"municipality"},"geometry":{"type":"Polygon","coordinates":[[[86.2494,26.8636],[86.2298,26.8803],[86.1803,26.9001],[86.1709,26.9133],[86.1584,26.9185],[86.1595,26.935],[86.1349,26.9146],[86.1367,26.8978],[86.1334,26.8911],[86.1439,26.8704],[86.1422,26.8637],[86.1575,26.8446],[86.152,26.8352],[86.1573,26.8206],[86.1549,26.8127],[86.1844,26.813],[86.1945,26.8226],[86.1947,26.8399],[86.2028,26.8505],[86.212,26.844],[86.2108,26.8407],[86.2273,26.8453],[86.2444,26.8367],[86.2494,26.8634],[86.2494,26.8636]]]}},{"type":"Feature","properties":{"province":2,"provinceName":"Madhesh","district":"Siraha","localLevel":"Lahan","type":"municipality"},"geometry":{"type":"Polygon","coordinates":[[[86.5337,26.7885],[86.5378,26.7996],[86.543,26.7979],[86.5559,26.8145],[86.5569,26.8306],[86.5491,26.8364],[86.5396,26.8312],[86.522,26.8312],[86.5201,26.8429],[86.5149,26.8401],[86.5141,26.8462],[86.5078,26.8479],[86.5072,26.8557],[86.4956,26.8598],[86.4874,26.8578],[86.4788,26.8437],[86.4707,26.8116],[86.4636,26.8069],[86.4598,26.7931],[86.4522,26.7976],[86.445,26.7933],[86.4476,26.7857],[86.4391,26.7895],[86.4384,26.7826],[86.4286,26.7858],[86.4231,26.7754],[86.4245,26.7546],[86.4209,26.7459],[86.4369,26.737],[86.4238,26.7103],[86.4315,26.7064],[86.4343,26.6802],[86.4522,26.6879],[86.4591,26.6842],[86.4565,26.6659],[86.4533,26.6659],[86.457,26.6628],[86.4736,26.654],[86.4837,26.6595],[86.5019,26.6556],[86.5125,26.698],[86.5049,26.7231],[86.5131,26.7365],[86.5309,26.7444],[86.5225,26.7602],[86.5275,26.7847],[86.5324,26.7876],[86.5337,26.7885]]]}},{"type":"Feature","properties":{"province":2,"provinceName":"Madhesh","district":"Siraha","localLevel":"Laxmipur Patari","type":"rural_municipality"},"geometry":{"type":"Polygon","coordinates":[[[86.4238,26.7103],[86.4117,26.7104],[86.406,26.7161],[86.408,26.7032],[86.3877,26.6863],[86.3817,26.6586],[86.3738,26.6526],[86.378,26.6493],[86.3874,26.6518],[86.3967,26.6452],[86.3907,26.625],[86.3979,26.622],[86.4122,26.6237],[86.4194,26.6293],[86.42,26.6464],[86.457,26.6628],[86.4533,26.6659],[86.4565,26.6659],[86.4591,26.6842],[86.4522,26.6879],[86.4343,26.6802],[86.4315,26.7064],[86.4239,26.7104],[86.4238,26.7103]]]}},{"type":"Feature","properties":{"province":2,"provinceName":"Madhesh","district":"Siraha","localLevel":"Mirchaiya","type":"municipality"},"geometry":{"type":"Polygon","coordinates":[[[86.344,26.8795],[86.3166,26.8787],[86.2909,26.8863],[86.2742,26.8825],[86.2494,26.8636],[86.2444,26.8367],[86.2273,26.8453],[86.2108,26.8407],[86.212,26.844],[86.2028,26.8505],[86.1947,26.8399],[86.1945,26.8226],[86.1844,26.8133],[86.1808,26.7834],[86.1901,26.7775],[86.2009,26.8021],[86.205,26.803],[86.2143,26.8008],[86.2101,26.7947],[86.2145,26.7916],[86.2215,26.7984],[86.232,26.7909],[86.2506,26.7894],[86.2549,26.7826],[86.2609,26.7819],[86.2767,26.8018],[86.2737,26.8036],[86.2753,26.8149],[86.3419,26.8604],[86.3439,26.8792],[86.344,26.8795]]]}},{"type":"Feature","properties":{"province":2,"provinceName":"Madhesh","district":"Siraha","localLevel":"Naraha","type":"rural_municipality"},"geometry":{"type":"Polygon","coordinates":[[[86.2968,26.7428],[86.3015,26.7531],[86.2995,26.7664],[86.3072,26.7733],[86.3031,26.7789],[86.3093,26.7849],[86.3007,26.789],[86.3117,26.8152],[86.2915,26.8127],[86.2871,26.8054],[86.2767,26.8018],[86.2508,26.7645],[86.2489,26.7496],[86.2529,26.7473],[86.2968,26.7428],[86.2968,26.7428]]]}},{"type":"Feature","properties":{"province":2,"provinceName":"Madhesh","district":"Siraha","localLevel":"Nawarajpur","type":"rural_municipality"},"geometry":{"type":"Polygon","coordinates":[[[86.4884,26.6209],[86.4857,26.6261],[86.4704,26.6325],[86.4724,26.6415],[86.4602,26.6444],[86.4601,26.6346],[86.4477,26.6205],[86.4281,26.6247],[86.4311,26.6307],[86.4194,26.6293],[86.4073,26.6143],[86.4004,26.616],[86.393,26.5983],[86.3995,26.5934],[86.3973,26.5848],[86.4326,26.5727],[86.4395,26.5928],[86.4544,26.597],[86.4598,26.6121],[86.4737,26.6096],[86.4793,26.6126],[86.4804,26.6203],[86.4879,26.6209],[86.4884,26.6209]]]}},{"type":"Feature","properties":{"province":2,"provinceName":"Madhesh","district":"Siraha","localLevel":"Sakhuwanankarkatti","type":"rural_municipality"},"geometry":{"type":"Polygon","coordinates":[[[86.5019,26.6556],[86.4837,26.6595],[86.4736,26.654],[86.4517,26.6626],[86.42,26.6464],[86.4171,26.6351],[86.4194,26.6293],[86.4311,26.6307],[86.4279,26.6249],[86.4449,26.6194],[86.4601,26.6346],[86.4585,26.6438],[86.4724,26.6415],[86.4701,26.6329],[86.4857,26.6261],[86.4896,26.6146],[86.5008,26.6155],[86.5009,26.5989],[86.5078,26.5928],[86.5153,26.6017],[86.5119,26.6062],[86.5145,26.623],[86.5082,26.6336],[86.5067,26.6516],[86.502,26.6555],[86.5019,26.6556]]]}},{"type":"Feature","properties":{"province":2,"provinceName":"Madhesh","district":"Siraha","localLevel":"Siraha","type":"municipality"},"geometry":{"type":"Polygon","coordinates":[[[86.2703,26.7053],[86.2565,26.7026],[86.2571,26.7086],[86.2495,26.7082],[86.2462,26.7146],[86.2315,26.6971],[86.2021,26.6954],[86.1955,26.6991],[86.2025,26.6849],[86.1996,26.6676],[86.1848,26.6545],[86.1724,26.6519],[86.1683,26.639],[86.1534,26.6375],[86.1576,26.6256],[86.1489,26.6084],[86.1739,26.6168],[86.1762,26.6136],[86.1931,26.6148],[86.1991,26.5931],[86.2032,26.5969],[86.2196,26.5881],[86.2368,26.5905],[86.2397,26.6013],[86.2456,26.6025],[86.2543,26.6167],[86.263,26.6153],[86.274,26.6353],[86.2634,26.6393],[86.2625,26.6588],[86.2704,26.7051],[86.2703,26.7053]]]}},{"type":"Feature","properties":{"province":2,"provinceName":"Madhesh","district":"Siraha","localLevel":"Sukhipur","type":"municipality"},"geometry":{"type":"Polygon","coordinates":[[[86.3497,26.7384],[86.3279,26.7274],[86.3285,26.7173],[86.318,26.7086],[86.3163,26.6941],[86.3042,26.6926],[86.2984,26.6732],[86.3222,26.6635],[86.3218,26.6556],[86.3312,26.6584],[86.3387,26.6821],[86.3432,26.6843],[86.3509,26.682],[86.3471,26.6793],[86.3476,26.6693],[86.3585,26.6672],[86.3555,26.6611],[86.3836,26.6683],[86.3877,26.6863],[86.4081,26.7033],[86.4057,26.7155],[86.3958,26.7214],[86.3566,26.7266],[86.3499,26.738],[86.3497,26.7384]]]}},{"type":"Feature","properties":{"province":2,"provinceName":"Madhesh","district":"Dhanusha","localLevel":"Aaurahi","type":"rural_municipality"},"geometry":{"type":"Polygon","coordinates":[[[86.0549,26.7185],[86.0424,26.7265],[86.0244,26.7279],[86.027,26.732],[86.0211,26.7342],[86.015,26.7308],[85.988,26.7329],[85.9845,26.7258],[85.9961,26.7091],[85.9849,26.7053],[85.9839,26.6988],[85.9993,26.6915],[86.0065,26.6954],[86.026,26.6907],[86.0354,26.6818],[86.0345,26.6972],[86.0519,26.7015],[86.0546,26.718],[86.0549,26.7185]]]}},{"type":"Feature","properties":{"province":2,"provinceName":"Madhesh","district":"Dhanusha","localLevel":"Bateshwor","type":"rural_municipality"},"geometry":{"type":"Polygon","coordinates":[[[85.9477,26.864],[85.9398,26.9098],[85.943,26.9145],[85.9308,26.9191],[85.9269,26.9342],[85.9154,26.9294],[85.915,26.9222],[85.9075,26.9162],[85.8979,26.8744],[85.919,26.871],[85.9221,26.8465],[85.9186,26.8357],[85.9276,26.8313],[85.9317,26.8419],[85.9445,26.847],[85.9409,26.8546],[85.9474,26.8639],[85.9477,26.864]]]}},{"type":"Feature","properties":{"province":2,"provinceName":"Madhesh","district":"Dhanusha","localLevel":"Bideha","type":"municipality"},"geometry":{"type":"Polygon","coordinates":[[[86.0537,26.7166],[86.0519,26.7015],[86.0345,26.6972],[86.0354,26.6818],[86.0257,26.6887],[86.0161,26.6706],[85.9955,26.6672],[85.99,26.6564],[86.0121,26.6536],[86.0142,26.6593],[86.0303,26.6665],[86.0703,26.6576],[86.0763,26.6494],[86.09,26.6429],[86.1005,26.6493],[86.1049,26.6606],[86.0991,26.6864],[86.1057,26.697],[86.0845,26.6999],[86.0888,26.7113],[86.0671,26.7116],[86.0547,26.7162],[86.0537,26.7166]]]}},{"type":"Feature","properties":{"province":2,"provinceName":"Madhesh","district":"Dhanusha","localLevel":"Chhireshwornath","type":"municipality"},"geometry":{"type":"Polygon","coordinates":[[[86.0113,26.8952],[86.003,26.8966],[86.0039,26.9048],[85.9969,26.9072],[85.9873,26.8782],[85.9702,26.8815],[85.9648,26.8712],[85.9471,26.8636],[85.9409,26.8546],[85.9445,26.847],[85.9316,26.8418],[85.9277,26.8327],[85.9301,26.8279],[85.9469,26.8318],[85.945,26.8178],[85.958,26.8115],[85.9721,26.8158],[85.9752,26.8101],[85.9731,26.8003],[85.9648,26.8],[85.9577,26.7892],[85.9783,26.7877],[85.9929,26.8233],[85.999,26.8239],[85.9972,26.8338],[86.0025,26.8481],[86.0074,26.8493],[86.0069,26.8856],[86.0115,26.8947],[86.0113,26.8952]]]}},{"type":"Feature","properties":{"province":2,"provinceName":"Madhesh","district":"Dhanusha","localLevel":"Dhanauji","type":"rural_municipality"},"geometry":{"type":"Polygon","coordinates":[[[85.984,26.6987],[85.9762,26.698],[85.9787,26.689],[85.9699,26.6784],[85.9634,26.685],[85.9526,26.6859],[85.9431,26.6778],[85.9438,26.67],[85.9543,26.6718],[85.9687,26.6655],[85.9653,26.6644],[85.9644,26.6504],[85.9782,26.6579],[85.9931,26.6574],[85.9955,26.6672],[86.015,26.6696],[86.0268,26.6901],[86.0065,26.6954],[85.9993,26.6915],[85.9841,26.6986],[85.984,26.6987]]]}},{"type":"Feature","properties":{"province":2,"provinceName":"Madhesh","district":"Dhanusha","localLevel":"Dhanusadham","type":"municipality"},"geometry":{"type":"Polygon","coordinates":[[[86.0953,26.842],[86.0945,26.8559],[86.0804,26.8596],[86.0684,26.8739],[86.0722,26.8786],[86.066,26.8848],[86.0657,26.8991],[86.0556,26.9107],[86.0551,26.9312],[86.0681,26.9508],[86.0515,26.9629],[86.0403,26.9536],[86.0397,26.9434],[86.0376,26.9478],[86.0276,26.9449],[86.0095,26.9274],[86.0137,26.9242],[86.0153,26.9076],[86.007,26.8865],[86.0074,26.8497],[86.0025,26.8481],[86.0023,26.8429],[86.0299,26.8333],[86.0206,26.8113],[86.0291,26.8149],[86.0319,26.8219],[86.0395,26.8137],[86.0362,26.8008],[86.0405,26.8024],[86.0401,26.8072],[86.052,26.8062],[86.062,26.8212],[86.0638,26.8103],[86.0692,26.8206],[86.0853,26.8189],[86.0934,26.8053],[86.0981,26.8227],[86.0905,26.833],[86.0953,26.842],[86.0953,26.842]]]}},{"type":"Feature","properties":{"province":2,"provinceName":"Madhesh","district":"Dhanusha","localLevel":"Ganeshman Charnath","type":"municipality"},"geometry":{"type":"Polygon","coordinates":[[[86.0529,27.0186],[86.0276,27.0201],[86.0335,26.9925],[86.0325,26.9857],[86.0262,26.9821],[86.0271,26.9643],[86.0348,26.9583],[86.0349,26.948],[86.0397,26.9434],[86.0403,26.9536],[86.0515,26.9629],[86.0681,26.9508],[86.0551,26.9312],[86.0556,26.9107],[86.0657,26.8991],[86.066,26.8848],[86.0722,26.8786],[86.0684,26.8739],[86.0804,26.8596],[86.0945,26.8559],[86.0953,26.842],[86.11,26.8308],[86.1176,26.8295],[86.1282,26.84],[86.1408,26.8361],[86.1473,26.8423],[86.153,26.8372],[86.1568,26.8416],[86.1556,26.8512],[86.1473,26.8551],[86.1422,26.8637],[86.1439,26.8704],[86.1334,26.8922],[86.1355,26.9159],[86.1546,26.9338],[86.161,26.9342],[86.1609,26.9257],[86.1892,26.9061],[86.2023,26.9052],[86.206,26.8997],[86.2183,26.8959],[86.2233,26.8882],[86.2266,26.9035],[86.2442,26.9052],[86.2486,26.9148],[86.2558,26.911],[86.2616,26.9141],[86.2578,26.9321],[86.2438,26.9396],[86.2365,26.9501],[86.229,26.9492],[86.2126,26.9652],[86.1939,26.9782],[86.1896,26.9771],[86.1899,26.9821],[86.1021,27.017],[86.0534,27.0185],[86.0529,27.0186]]]}},{"type":"Feature","properties":{"province":2,"provinceName":"Madhesh","district":"Dhanusha","localLevel":"Hansapur","type":"municipality"},"geometry":{"type":"Polygon","coordinates":[[[86.0519,26.8062],[86.0399,26.8071],[86.0446,26.7939],[86.0367,26.7926],[86.0311,26.7741],[86.025,26.7718],[86.0229,26.777],[86.0105,26.7781],[86.0054,26.7684],[86.0025,26.7884],[85.9915,26.7817],[85.9857,26.7735],[85.9873,26.7539],[85.9829,26.7477],[85.9887,26.7435],[85.988,26.7329],[86.015,26.7308],[86.0211,26.7342],[86.027,26.732],[86.0244,26.7279],[86.0424,26.7265],[86.0549,26.7185],[86.064,26.7255],[86.0673,26.7318],[86.056,26.7341],[86.0624,26.7434],[86.0573,26.7452],[86.0699,26.7498],[86.0662,26.7638],[86.0726,26.7739],[86.0622,26.7773],[86.065,26.7876],[86.0509,26.7908],[86.0514,26.8052],[86.0519,26.8062]]]}},{"type":"Feature","properties":{"province":2,"provinceName":"Madhesh","district":"Dhanusha","localLevel":"Janaknandani","type":"rural_municipality"},"geometry":{"type":"Polygon","coordinates":[[[86.1859,26.6555],[86.1544,26.6615],[86.1474,26.6677],[86.1382,26.6665],[86.134,26.6614],[86.1211,26.6663],[86.105,26.6619],[86.1007,26.6494],[86.09,26.6429],[86.1217,26.6297],[86.1408,26.6286],[86.1433,26.6163],[86.1384,26.6062],[86.1448,26.6047],[86.1575,26.625],[86.1534,26.6375],[86.1683,26.639],[86.1724,26.6519],[86.1857,26.6553],[86.1859,26.6555]]]}},{"type":"Feature","properties":{"province":2,"provinceName":"Madhesh","district":"Dhanusha","localLevel":"Janakpur","type":"sub_metropolitan_city"},"geometry":{"type":"Polygon","coordinates":[[[85.91,26.7843],[85.903,26.7805],[85.898,26.7654],[85.8834,26.7572],[85.8817,26.7458],[85.8912,26.7375],[85.8959,26.7208],[85.8892,26.6976],[85.8973,26.687],[85.9143,26.6803],[85.922,26.6708],[85.9438,26.6705],[85.9431,26.6778],[85.9526,26.6859],[85.9634,26.685],[85.9699,26.6784],[85.9787,26.689],[85.9762,26.698],[85.9848,26.6991],[85.9849,26.7053],[85.9961,26.7091],[85.9845,26.7258],[85.9888,26.7345],[85.9887,26.7435],[85.9829,26.7477],[85.9855,26.7502],[85.9727,26.7625],[85.9678,26.7592],[85.9603,26.7629],[85.9619,26.7758],[85.951,26.7795],[85.9436,26.7764],[85.9465,26.7676],[85.9299,26.7667],[85.92,26.7616],[85.9099,26.784],[85.91,26.7843]]]}},{"type":"Feature","properties":{"province":2,"provinceName":"Madhesh","district":"Dhanusha","localLevel":"Kamala","type":"municipality"},"geometry":{"type":"Polygon","coordinates":[[[86.1963,26.6994],[86.1953,26.712],[86.1858,26.7222],[86.1769,26.7481],[86.1623,26.7513],[86.1568,26.7629],[86.1489,26.7585],[86.1469,26.75],[86.1378,26.7455],[86.1333,26.7366],[86.1323,26.7293],[86.1431,26.7262],[86.1391,26.7213],[86.1444,26.7117],[86.1434,26.7025],[86.1258,26.7073],[86.1175,26.6962],[86.1182,26.6803],[86.1003,26.6808],[86.1038,26.6631],[86.1219,26.6663],[86.134,26.6614],[86.1382,26.6665],[86.1474,26.6677],[86.1544,26.6615],[86.1859,26.6555],[86.2001,26.6689],[86.2025,26.6849],[86.1959,26.6992],[86.1963,26.6994]]]}},{"type":"Feature","properties":{"province":2,"provinceName":"Madhesh","district":"Dhanusha","localLevel":"Lakshminiya","type":"rural_municipality"},"geometry":{"type":"Polygon","coordinates":[[[85.9263,26.8333],[85.9184,26.8325],[85.9146,26.8061],[85.9111,26.805],[85.9098,26.7826],[85.9212,26.7613],[85.9299,26.7667],[85.9465,26.7676],[85.9436,26.7764],[85.9489,26.7794],[85.9589,26.7768],[85.9628,26.7876],[85.9579,26.7897],[85.9648,26.8],[85.9731,26.8003],[85.9757,26.8073],[85.9721,26.8158],[85.958,26.8115],[85.945,26.8178],[85.949,26.8307],[85.9327,26.8271],[85.9265,26.8329],[85.9263,26.8333]]]}},{"type":"Feature","properties":{"province":2,"provinceName":"Madhesh","district":"Dhanusha","localLevel":"Mithila","type":"municipality"},"geometry":{"type":"Polygon","coordinates":[[[86.0276,27.0201],[86.0146,27.0184],[85.9908,27.027],[85.9726,27.0519],[85.9643,27.0795],[85.9523,27.0837],[85.9533,27.0875],[85.9464,27.0918],[85.9382,27.1099],[85.9404,27.1211],[85.9092,27.1335],[85.9032,27.1269],[85.9222,27.1056],[85.9392,27.0965],[85.9372,27.0766],[85.9476,27.0613],[85.9343,27.0427],[85.9174,27.041],[85.917,27.0355],[85.9241,27.0363],[85.9293,27.0287],[85.9142,27.0092],[85.916,26.9909],[85.9086,26.9606],[85.9203,26.9585],[85.9154,26.9294],[85.9276,26.9343],[85.9308,26.9191],[85.943,26.9145],[85.9398,26.9098],[85.9477,26.864],[85.9648,26.8712],[85.9702,26.8815],[85.9873,26.8782],[85.9969,26.9072],[86.0039,26.9048],[86.003,26.8966],[86.0113,26.8952],[86.0153,26.909],[86.0137,26.9242],[86.0096,26.9278],[86.0364,26.9494],[86.035,26.9579],[86.0258,26.9684],[86.0262,26.9821],[86.0325,26.9857],[86.0335,26.9925],[86.0277,27.0199],[86.0276,27.0201]]]}},{"type":"Feature","properties":{"province":2,"provinceName":"Madhesh","district":"Dhanusha","localLevel":"Mithila Bihari","type":"municipality"},"geometry":{"type":"Polygon","coordinates":[[[86.0405,26.8024],[86.0344,26.8018],[86.0395,26.8137],[86.0319,26.8219],[86.0291,26.8149],[86.0206,26.8113],[86.0299,26.8333],[86.0023,26.8429],[85.9972,26.8338],[85.9992,26.8243],[85.9929,26.8233],[85.9812,26.7909],[85.9774,26.7871],[85.9727,26.7909],[85.9628,26.7876],[85.9601,26.7633],[85.9678,26.7592],[85.9727,26.7625],[85.9855,26.7502],[85.9886,26.771],[85.9857,26.7735],[85.9918,26.782],[85.9981,26.7832],[85.9997,26.7899],[86.0062,26.7791],[86.0054,26.7684],[86.0105,26.7781],[86.0229,26.777],[86.0255,26.7719],[86.0322,26.7758],[86.0367,26.7926],[86.0446,26.7939],[86.0413,26.8019],[86.0405,26.8024]]]}},{"type":"Feature","properties":{"province":2,"provinceName":"Madhesh","district":"Dhanusha","localLevel":"Mukhiyapatti Musarmiya","type":"rural_municipality"},"geometry":{"type":"Polygon","coordinates":[[[85.8824,26.6354],[85.8774,26.6367],[85.8716,26.6281],[85.8654,26.6273],[85.8644,26.618],[85.8545,26.6149],[85.8601,26.5896],[85.8506,26.5766],[85.8514,26.5686],[85.8592,26.5717],[85.8608,26.5686],[85.8818,26.5835],[85.8901,26.5829],[85.8935,26.5935],[85.903,26.5947],[85.903,26.6003],[85.9154,26.6042],[85.9162,26.6086],[85.9298,26.6098],[85.931,26.6149],[85.9212,26.6197],[85.9198,26.6136],[85.8989,26.6168],[85.8973,26.6258],[85.8825,26.6352],[85.8824,26.6354]]]}},{"type":"Feature","properties":{"province":2,"provinceName":"Madhesh","district":"Dhanusha","localLevel":"Nagarain","type":"municipality"},"geometry":{"type":"Polygon","coordinates":[[[85.9438,26.6705],[85.9212,26.671],[85.9211,26.675],[85.9083,26.6818],[85.906,26.6712],[85.8993,26.6683],[85.9082,26.6641],[85.9078,26.6534],[85.8852,26.6407],[85.8828,26.6327],[85.8973,26.6258],[85.8989,26.6168],[85.9038,26.6143],[85.9198,26.6136],[85.9207,26.6197],[85.935,26.6132],[85.9503,26.6132],[85.9485,26.6209],[85.9579,26.6303],[85.9557,26.6437],[85.9646,26.6517],[85.9653,26.6644],[85.969,26.6649],[85.9543,26.6718],[85.9531,26.6688],[85.9439,26.6703],[85.9438,26.6705]]]}},{"type":"Feature","properties":{"province":2,"provinceName":"Madhesh","district":"Dhanusha","localLevel":"Sabaila","type":"municipality"},"geometry":{"type":"Polygon","coordinates":[[[86.1549,26.8127],[86.1572,26.8212],[86.152,26.8397],[86.1473,26.8423],[86.1418,26.8362],[86.1273,26.8397],[86.1164,26.8289],[86.0953,26.842],[86.0905,26.833],[86.0981,26.8227],[86.0934,26.8053],[86.0853,26.8189],[86.0692,26.8206],[86.0638,26.8103],[86.062,26.8212],[86.0532,26.8113],[86.0509,26.7908],[86.065,26.7876],[86.0622,26.7773],[86.0726,26.7739],[86.0662,26.7638],[86.0687,26.7513],[86.0923,26.7508],[86.0893,26.7456],[86.0952,26.7442],[86.103,26.763],[86.1111,26.7685],[86.1136,26.7847],[86.1251,26.7877],[86.1255,26.7789],[86.1344,26.7775],[86.1487,26.783],[86.1548,26.8123],[86.1549,26.8127]]]}},{"type":"Feature","properties":{"province":2,"provinceName":"Madhesh","district":"Dhanusha","localLevel":"Sahidnagar","type":"municipality"},"geometry":{"type":"Polygon","coordinates":[[[86.1487,26.783],[86.1344,26.7775],[86.1255,26.7789],[86.1251,26.7877],[86.1136,26.7847],[86.1111,26.7685],[86.103,26.763],[86.0952,26.7442],[86.0893,26.7456],[86.0923,26.7508],[86.0866,26.7511],[86.0711,26.7515],[86.0575,26.7454],[86.0624,26.7434],[86.056,26.7341],[86.0674,26.7317],[86.0537,26.7166],[86.0671,26.7116],[86.0888,26.7113],[86.0845,26.6999],[86.1057,26.697],[86.0991,26.6864],[86.1003,26.6808],[86.118,26.6801],[86.1175,26.6962],[86.1258,26.7073],[86.1437,26.7035],[86.1391,26.7213],[86.1431,26.7262],[86.1322,26.7298],[86.1378,26.7455],[86.1469,26.75],[86.1489,26.7585],[86.1568,26.7629],[86.1501,26.7702],[86.149,26.7826],[86.1487,26.783]]]}},{"type":"Feature","properties":{"province":2,"provinceName":"Madhesh","district":"Mahottari","localLevel":"Aurahi","type":"municipality"},"geometry":{"type":"Polygon","coordinates":[[[85.8356,26.8826],[85.8448,26.9092],[85.8215,26.8977],[85.8066,26.8971],[85.7967,26.8885],[85.799,26.8804],[85.7763,26.8799],[85.7561,26.857],[85.7898,26.8414],[85.7918,26.8306],[85.7839,26.8192],[85.7883,26.8203],[85.7969,26.8235],[85.8036,26.8335],[85.8183,26.8347],[85.8226,26.8629],[85.8351,26.8826],[85.8356,26.8826]]]}},{"type":"Feature","properties":{"province":2,"provinceName":"Madhesh","district":"Mahottari","localLevel":"Balwa","type":"municipality"},"geometry":{"type":"Polygon","coordinates":[[[85.8461,26.8153],[85.8412,26.82],[85.848,26.821],[85.8449,26.8309],[85.8279,26.8243],[85.8236,26.8076],[85.813,26.8013],[85.8156,26.7983],[85.8103,26.7941],[85.8114,26.7899],[85.8038,26.7824],[85.7972,26.7831],[85.7896,26.774],[85.7942,26.7628],[85.7876,26.7586],[85.7841,26.7457],[85.7916,26.7322],[85.8064,26.7437],[85.8206,26.7419],[85.8116,26.7175],[85.8176,26.7136],[85.8329,26.7131],[85.8313,26.7183],[85.846,26.7285],[85.8334,26.7502],[85.8431,26.7604],[85.8472,26.7763],[85.8478,26.7797],[85.8394,26.7833],[85.8408,26.7956],[85.8465,26.7975],[85.8421,26.8054],[85.8486,26.8131],[85.8463,26.8151],[85.8461,26.8153]]]}},{"type":"Feature","properties":{"province":2,"provinceName":"Madhesh","district":"Mahottari","localLevel":"Bardibas","type":"municipality"},"geometry":{"type":"Polygon","coordinates":[[[85.9079,27.1335],[85.8852,27.1461],[85.8648,27.1269],[85.8558,27.1377],[85.838,27.1468],[85.8458,27.1597],[85.8255,27.1673],[85.8016,27.1391],[85.7957,27.1373],[85.7947,27.1293],[85.7999,27.1231],[85.7932,27.118],[85.8,27.1141],[85.7942,27.1077],[85.803,27.1059],[85.8012,27.0992],[85.7968,27.0998],[85.8,27.0948],[85.7888,27.0921],[85.7839,27.0732],[85.7593,27.049],[85.7429,27.0125],[85.8,27.0037],[85.8423,27.0048],[85.8607,27],[85.8423,26.9665],[85.834,26.9202],[85.8362,26.9117],[85.8287,26.9033],[85.8448,26.9092],[85.8344,26.8799],[85.8442,26.8795],[85.8446,26.8752],[85.8607,26.881],[85.8653,26.9004],[85.8792,26.9001],[85.8722,26.8846],[85.8897,26.8977],[85.8933,26.907],[85.8985,26.9087],[85.9044,26.9016],[85.9075,26.9162],[85.9154,26.9232],[85.9203,26.9585],[85.9086,26.9606],[85.916,26.9909],[85.9137,27.0072],[85.9294,27.0294],[85.925,27.0358],[85.9163,27.0374],[85.9195,27.0427],[85.9343,27.0427],[85.9476,27.0613],[85.9372,27.0766],[85.9395,27.096],[85.9081,27.1192],[85.9032,27.1269],[85.9079,27.1334],[85.9079,27.1335]]]}},{"type":"Feature","properties":{"province":2,"provinceName":"Madhesh","district":"Mahottari","localLevel":"Bhangaha","type":"municipality"},"geometry":{"type":"Polygon","coordinates":[[[85.92,26.8335],[85.919,26.871],[85.8979,26.8744],[85.9044,26.9013],[85.8985,26.9087],[85.8732,26.8849],[85.8792,26.9001],[85.8653,26.9004],[85.8637,26.8862],[85.8515,26.8754],[85.8355,26.8783],[85.8334,26.8824],[85.8226,26.8629],[85.8206,26.83],[85.8279,26.8243],[85.8449,26.8309],[85.848,26.821],[85.8412,26.82],[85.8457,26.8153],[85.8679,26.8182],[85.8698,26.8131],[85.8633,26.8035],[85.8633,26.7944],[85.8825,26.8039],[85.8807,26.8152],[85.8861,26.8134],[85.8865,26.8058],[85.8952,26.8097],[85.9054,26.7983],[85.9053,26.8045],[85.9146,26.8061],[85.9197,26.8333],[85.92,26.8335]]]}},{"type":"Feature","properties":{"province":2,"provinceName":"Madhesh","district":"Mahottari","localLevel":"Ekdanra","type":"rural_municipality"},"geometry":{"type":"Polygon","coordinates":[[[85.789,26.6804],[85.7926,26.6882],[85.7996,26.6908],[85.7986,26.7028],[85.7913,26.7089],[85.7868,26.7073],[85.785,26.7116],[85.7815,26.7071],[85.7798,26.7103],[85.7674,26.708],[85.7551,26.7118],[85.7496,26.7073],[85.7424,26.709],[85.7412,26.7058],[85.7485,26.7004],[85.74,26.6893],[85.747,26.6627],[85.7753,26.6554],[85.7785,26.6593],[85.7716,26.6638],[85.7709,26.6762],[85.7826,26.6719],[85.7885,26.6797],[85.789,26.6804]]]}},{"type":"Feature","properties":{"province":2,"provinceName":"Madhesh","district":"Mahottari","localLevel":"Gaushala","type":"municipality"},"geometry":{"type":"Polygon","coordinates":[[[85.8292,26.9015],[85.8362,26.9117],[85.834,26.9202],[85.8423,26.9665],[85.8607,27],[85.8423,27.0048],[85.8,27.0037],[85.7429,27.0125],[85.7352,26.9704],[85.7217,26.9467],[85.7199,26.9345],[85.7136,26.9317],[85.7157,26.9251],[85.7093,26.9238],[85.7136,26.9225],[85.7079,26.9197],[85.7137,26.9115],[85.7093,26.9103],[85.7075,26.9054],[85.7121,26.9042],[85.7076,26.9023],[85.7206,26.9045],[85.7217,26.898],[85.7293,26.8998],[85.7407,26.9122],[85.7491,26.9092],[85.748,26.9034],[85.7685,26.9028],[85.768,26.8867],[85.7558,26.8732],[85.7685,26.8673],[85.7763,26.8799],[85.799,26.8804],[85.7967,26.8885],[85.8026,26.8954],[85.8289,26.9008],[85.8292,26.9015]]]}},{"type":"Feature","properties":{"province":2,"provinceName":"Madhesh","district":"Mahottari","localLevel":"Jaleswor","type":"municipality"},"geometry":{"type":"Polygon","coordinates":[[[85.8368,26.6717],[85.8274,26.6818],[85.811,26.6827],[85.8081,26.6751],[85.794,26.6682],[85.789,26.6804],[85.7826,26.6719],[85.7716,26.6771],[85.7714,26.6643],[85.7782,26.6587],[85.7713,26.6554],[85.7528,26.6615],[85.7513,26.6493],[85.7565,26.6481],[85.7554,26.6375],[85.7718,26.6296],[85.8037,26.624],[85.8056,26.6146],[85.8198,26.6024],[85.8329,26.6013],[85.8358,26.621],[85.8252,26.6287],[85.8233,26.6361],[85.8345,26.6532],[85.8291,26.6593],[85.8435,26.6552],[85.8444,26.6649],[85.8355,26.6674],[85.8371,26.6716],[85.8368,26.6717]]]}},{"type":"Feature","properties":{"province":2,"provinceName":"Madhesh","district":"Mahottari","localLevel":"Loharpatti","type":"municipality"},"geometry":{"type":"Polygon","coordinates":[[[85.9111,26.805],[85.9053,26.8045],[85.9081,26.8017],[85.9046,26.7982],[85.8952,26.8097],[85.8865,26.8058],[85.8861,26.8134],[85.8805,26.8152],[85.8825,26.8039],[85.8633,26.7944],[85.8633,26.8035],[85.8698,26.8131],[85.8679,26.8182],[85.8461,26.8153],[85.8486,26.8131],[85.8421,26.8054],[85.8465,26.7975],[85.8408,26.7956],[85.8394,26.7833],[85.8478,26.7797],[85.8472,26.7763],[85.8431,26.7604],[85.8334,26.7502],[85.8461,26.7292],[85.8313,26.7183],[85.8329,26.7152],[85.8436,26.7176],[85.855,26.7083],[85.8597,26.7089],[85.8599,26.7149],[85.8715,26.7282],[85.8716,26.741],[85.8788,26.7456],[85.8788,26.7579],[85.8922,26.76],[85.9001,26.7682],[85.903,26.7805],[85.911,26.785],[85.9113,26.8048],[85.9111,26.805]]]}},{"type":"Feature","properties":{"province":2,"provinceName":"Madhesh","district":"Mahottari","localLevel":"Mahottari","type":"rural_municipality"},"geometry":{"type":"Polygon","coordinates":[[[85.8345,26.7149],[85.8183,26.7135],[85.8116,26.7175],[85.8206,26.7419],[85.808,26.7441],[85.7962,26.7387],[85.7854,26.7115],[85.7987,26.7026],[85.7995,26.6905],[85.7928,26.6884],[85.7886,26.6809],[85.7933,26.6683],[85.8081,26.6751],[85.8112,26.6827],[85.8274,26.6818],[85.8368,26.6717],[85.8506,26.6792],[85.8361,26.6863],[85.8399,26.6849],[85.8449,26.6947],[85.8401,26.7159],[85.8349,26.715],[85.8345,26.7149]]]}},{"type":"Feature","properties":{"province":2,"provinceName":"Madhesh","district":"Mahottari","localLevel":"Manra Siswa","type":"municipality"},"geometry":{"type":"Polygon","coordinates":[[[85.7927,26.7327],[85.7841,26.7459],[85.7876,26.7586],[85.7942,26.7628],[85.7894,26.7725],[85.7799,26.7686],[85.7358,26.7696],[85.731,26.7497],[85.7364,26.7371],[85.7282,26.7206],[85.7258,26.6739],[85.7387,26.6638],[85.7365,26.6502],[85.7508,26.6386],[85.7554,26.6375],[85.7565,26.648],[85.7513,26.6493],[85.7528,26.6615],[85.7464,26.6631],[85.7421,26.6723],[85.74,26.6895],[85.7485,26.7004],[85.7413,26.7068],[85.7551,26.7118],[85.769,26.7078],[85.7798,26.7103],[85.7815,26.7071],[85.7882,26.7125],[85.7926,26.7325],[85.7927,26.7327]]]}},{"type":"Feature","properties":{"province":2,"provinceName":"Madhesh","district":"Mahottari","localLevel":"Matihani","type":"municipality"},"geometry":{"type":"Polygon","coordinates":[[[85.9081,26.6752],[85.8901,26.6772],[85.8884,26.6628],[85.8725,26.659],[85.8662,26.647],[85.8545,26.6504],[85.8574,26.6591],[85.8503,26.6631],[85.8433,26.664],[85.8428,26.6543],[85.8298,26.6598],[85.8345,26.6532],[85.8234,26.6356],[85.8252,26.6287],[85.8358,26.621],[85.8351,26.6108],[85.8559,26.6047],[85.8544,26.6146],[85.8572,26.6186],[85.8644,26.618],[85.8654,26.6273],[85.9078,26.6534],[85.9082,26.6641],[85.8993,26.6683],[85.9081,26.6751],[85.9081,26.6752]]]}},{"type":"Feature","properties":{"province":2,"provinceName":"Madhesh","district":"Mahottari","localLevel":"Pipra","type":"rural_municipality"},"geometry":{"type":"Polygon","coordinates":[[[85.9081,26.6816],[85.8973,26.687],[85.8892,26.6976],[85.8959,26.7208],[85.8912,26.7375],[85.8817,26.7458],[85.8833,26.7568],[85.8788,26.7579],[85.8788,26.7456],[85.8716,26.741],[85.8715,26.7282],[85.8599,26.7149],[85.8597,26.7089],[85.855,26.7083],[85.8436,26.7176],[85.8397,26.7154],[85.8449,26.6947],[85.8399,26.6849],[85.8361,26.6863],[85.8509,26.6796],[85.8355,26.6674],[85.8567,26.6596],[85.8545,26.6504],[85.8662,26.647],[85.8725,26.659],[85.8884,26.6628],[85.8897,26.6769],[85.9081,26.6752],[85.9085,26.6814],[85.9081,26.6816]]]}},{"type":"Feature","properties":{"province":2,"provinceName":"Madhesh","district":"Mahottari","localLevel":"Ramgopalpur","type":"municipality"},"geometry":{"type":"Polygon","coordinates":[[[85.8183,26.8347],[85.8036,26.8335],[85.7969,26.8235],[85.7839,26.8192],[85.7918,26.8306],[85.7898,26.8414],[85.773,26.8468],[85.7749,26.8507],[85.7611,26.8527],[85.7603,26.8413],[85.7649,26.8362],[85.7584,26.8325],[85.7614,26.8212],[85.7491,26.8192],[85.7449,26.8006],[85.7573,26.8069],[85.7656,26.8033],[85.7786,26.8069],[85.7798,26.7969],[85.7688,26.7939],[85.7702,26.7868],[85.7609,26.7858],[85.7633,26.7788],[85.759,26.7688],[85.7809,26.7687],[85.8114,26.7899],[85.8103,26.7941],[85.8156,26.7983],[85.813,26.8013],[85.8236,26.8076],[85.8279,26.8243],[85.8183,26.8346],[85.8183,26.8347]]]}},{"type":"Feature","properties":{"province":2,"provinceName":"Madhesh","district":"Mahottari","localLevel":"Samsi","type":"rural_municipality"},"geometry":{"type":"Polygon","coordinates":[[[85.7582,26.7698],[85.7632,26.7785],[85.7609,26.7858],[85.7702,26.7868],[85.7688,26.7939],[85.7797,26.7961],[85.7798,26.8065],[85.7654,26.8033],[85.7573,26.8069],[85.7449,26.8006],[85.7491,26.8192],[85.7602,26.8194],[85.7619,26.8297],[85.7584,26.8325],[85.7649,26.8353],[85.7603,26.8418],[85.7627,26.8513],[85.7567,26.8561],[85.7512,26.8429],[85.7402,26.8336],[85.7365,26.821],[85.7233,26.82],[85.7367,26.7956],[85.7358,26.7696],[85.7568,26.7701],[85.7582,26.7698]]]}},{"type":"Feature","properties":{"province":2,"provinceName":"Madhesh","district":"Mahottari","localLevel":"Sonama","type":"rural_municipality"},"geometry":{"type":"Polygon","coordinates":[[[85.7685,26.8673],[85.7558,26.8732],[85.768,26.8867],[85.7691,26.902],[85.748,26.9034],[85.7491,26.9092],[85.7407,26.9122],[85.7293,26.8998],[85.7217,26.898],[85.7206,26.9045],[85.7069,26.9022],[85.7,26.8963],[85.6971,26.8844],[85.6902,26.8814],[85.6914,26.8724],[85.6858,26.8725],[85.6785,26.8641],[85.6786,26.8552],[85.6825,26.843],[85.7233,26.82],[85.7365,26.821],[85.7402,26.8336],[85.7512,26.8429],[85.7561,26.857],[85.7681,26.8667],[85.7685,26.8673]]]}},{"type":"Feature","properties":{"province":2,"provinceName":"Madhesh","district":"Sarlahi","localLevel":"Bagmati","type":"municipality"},"geometry":{"type":"Polygon","coordinates":[[[85.5331,27.1407],[85.5029,27.1433],[85.4918,27.1543],[85.4905,27.1386],[85.4761,27.1287],[85.4664,27.1098],[85.4516,27.1007],[85.4451,27.0902],[85.4367,27.0891],[85.4361,27.0669],[85.4267,27.062],[85.4259,27.0526],[85.4177,27.0492],[85.4133,27.0362],[85.4047,27.034],[85.4339,27.0222],[85.4365,27.0102],[85.4455,27.0135],[85.4506,27.0074],[85.4484,27.0201],[85.4532,27.0331],[85.4748,27.0249],[85.4748,27.0198],[85.4801,27.0174],[85.4894,27.0392],[85.5012,27.0347],[85.5118,27.0502],[85.5227,27.0495],[85.5233,27.0756],[85.5296,27.0934],[85.517,27.0956],[85.5323,27.1062],[85.5294,27.1169],[85.5359,27.1249],[85.5331,27.1404],[85.5331,27.1407]]]}},{"type":"Feature","properties":{"province":2,"provinceName":"Madhesh","district":"Sarlahi","localLevel":"Balara","type":"municipality"},"geometry":{"type":"Polygon","coordinates":[[[85.4084,26.7889],[85.4003,26.795],[85.399,26.8077],[85.4229,26.8051],[85.4279,26.8115],[85.4275,26.8196],[85.4216,26.8203],[85.4176,26.833],[85.4051,26.8233],[85.4019,26.8271],[85.3858,26.817],[85.3604,26.821],[85.3548,26.8174],[85.3524,26.823],[85.3358,26.829],[85.3242,26.8036],[85.3434,26.7865],[85.332,26.7768],[85.348,26.7751],[85.348,26.7664],[85.3535,26.7614],[85.3355,26.76],[85.3284,26.7443],[85.3368,26.7412],[85.3638,26.7628],[85.3716,26.758],[85.3775,26.7604],[85.3865,26.7739],[85.3994,26.7778],[85.4081,26.7885],[85.4084,26.7889]]]}},{"type":"Feature","properties":{"province":2,"provinceName":"Madhesh","district":"Sarlahi","localLevel":"Barahathawa","type":"municipality"},"geometry":{"type":"Polygon","coordinates":[[[85.5012,27.0347],[85.4894,27.0392],[85.4801,27.0174],[85.4748,27.0198],[85.4748,27.0249],[85.4532,27.0331],[85.4484,27.0201],[85.4506,27.0074],[85.4455,27.0135],[85.4365,27.0102],[85.4339,27.0222],[85.4047,27.034],[85.3882,27.0083],[85.4033,26.985],[85.404,26.9782],[85.3982,26.9698],[85.4013,26.9556],[85.4217,26.9482],[85.4412,26.9304],[85.4547,26.9245],[85.4666,26.9351],[85.47,26.9291],[85.4779,26.9283],[85.4863,26.9423],[85.504,26.9294],[85.5104,26.944],[85.5013,26.9554],[85.5167,26.9853],[85.533,26.9913],[85.5361,27.0004],[85.5258,27.004],[85.5257,26.9968],[85.5191,26.9885],[85.5129,26.992],[85.5199,27.0052],[85.5096,27.0036],[85.5075,26.9945],[85.4922,26.9979],[85.4984,27.01],[85.4953,27.016],[85.5007,27.0342],[85.5012,27.0347]]]}},{"type":"Feature","properties":{"province":2,"provinceName":"Madhesh","district":"Sarlahi","localLevel":"Basbariya","type":"rural_municipality"},"geometry":{"type":"Polygon","coordinates":[[[85.5,26.931],[85.4863,26.9423],[85.4779,26.9283],[85.47,26.9291],[85.4666,26.9351],[85.4551,26.9244],[85.4412,26.9304],[85.4217,26.9482],[85.4031,26.954],[85.3998,26.9365],[85.3884,26.9183],[85.4254,26.9153],[85.4307,26.9097],[85.4559,26.9151],[85.4611,26.9055],[85.4692,26.9059],[85.4862,26.8975],[85.4804,26.9185],[85.4955,26.9187],[85.4994,26.9308],[85.5,26.931]]]}},{"type":"Feature","properties":{"province":2,"provinceName":"Madhesh","district":"Sarlahi","localLevel":"Bishnu","type":"rural_municipality"},"geometry":{"type":"Polygon","coordinates":[[[85.5021,26.8132],[85.5063,26.8298],[85.491,26.8405],[85.4925,26.846],[85.4862,26.8472],[85.4807,26.8581],[85.4759,26.8485],[85.4625,26.8408],[85.4666,26.8318],[85.4598,26.8285],[85.4624,26.8141],[85.4471,26.8126],[85.4453,26.7997],[85.4376,26.7887],[85.4559,26.7812],[85.4799,26.7922],[85.4821,26.8021],[85.4981,26.7967],[85.5018,26.8126],[85.5021,26.8132]]]}},{"type":"Feature","properties":{"province":2,"provinceName":"Madhesh","district":"Sarlahi","localLevel":"Bramhapuri","type":"rural_municipality"},"geometry":{"type":"Polygon","coordinates":[[[85.6582,26.9279],[85.6476,26.9301],[85.6375,26.9229],[85.6379,26.9131],[85.6319,26.9143],[85.6241,26.9038],[85.6056,26.8949],[85.5964,26.912],[85.5786,26.9108],[85.581,26.8952],[85.5755,26.89],[85.5798,26.8659],[85.5864,26.8626],[85.5874,26.8469],[85.6092,26.857],[85.6216,26.8693],[85.6259,26.8828],[85.6332,26.8838],[85.6378,26.9012],[85.6566,26.8995],[85.6619,26.9145],[85.6581,26.9278],[85.6582,26.9279]]]}},{"type":"Feature","properties":{"province":2,"provinceName":"Madhesh","district":"Sarlahi","localLevel":"Chakraghatta","type":"rural_municipality"},"geometry":{"type":"Polygon","coordinates":[[[85.5419,26.8922],[85.5457,26.9128],[85.5303,26.9209],[85.5174,26.9119],[85.5088,26.9174],[85.5081,26.9278],[85.5,26.931],[85.4955,26.9187],[85.4804,26.9185],[85.4863,26.8971],[85.4832,26.8783],[85.4986,26.8798],[85.5194,26.8726],[85.526,26.8869],[85.5421,26.8857],[85.5417,26.8916],[85.5419,26.8922]]]}},{"type":"Feature","properties":{"province":2,"provinceName":"Madhesh","district":"Sarlahi","localLevel":"Chandranagar","type":"rural_municipality"},"geometry":{"type":"Polygon","coordinates":[[[85.6375,26.9229],[85.6432,26.939],[85.6405,26.952],[85.6337,26.9497],[85.6377,26.9628],[85.633,26.9625],[85.631,26.9751],[85.6137,26.9632],[85.597,26.9651],[85.5887,26.9751],[85.5649,26.9583],[85.5642,26.9398],[85.5685,26.9377],[85.5633,26.9313],[85.5697,26.9311],[85.568,26.9268],[85.5721,26.9232],[85.5658,26.916],[85.566,26.9077],[85.5953,26.9124],[85.6056,26.8949],[85.6241,26.9038],[85.6319,26.9143],[85.6379,26.9131],[85.6375,26.9223],[85.6375,26.9229]]]}},{"type":"Feature","properties":{"province":2,"provinceName":"Madhesh","district":"Sarlahi","localLevel":"Dhankaul","type":"rural_municipality"},"geometry":{"type":"Polygon","coordinates":[[[85.4611,26.9055],[85.4559,26.9151],[85.4307,26.9097],[85.4254,26.9153],[85.3885,26.9178],[85.3978,26.8925],[85.3935,26.881],[85.3815,26.8802],[85.3447,26.857],[85.3741,26.8468],[85.3938,26.8591],[85.4072,26.8553],[85.4165,26.8602],[85.4286,26.8586],[85.4315,26.8664],[85.4464,26.8673],[85.4521,26.8762],[85.4515,26.8897],[85.4591,26.8948],[85.4617,26.9037],[85.4611,26.9055]]]}},{"type":"Feature","properties":{"province":2,"provinceName":"Madhesh","district":"Sarlahi","localLevel":"Godaita","type":"municipality"},"geometry":{"type":"Polygon","coordinates":[[[85.4804,26.8579],[85.4756,26.8657],[85.485,26.8798],[85.4863,26.8971],[85.4692,26.9059],[85.4611,26.9055],[85.4591,26.8948],[85.4515,26.8897],[85.4513,26.8743],[85.4463,26.8673],[85.4315,26.8664],[85.4185,26.8392],[85.4216,26.8203],[85.4275,26.8196],[85.4278,26.8111],[85.4229,26.8051],[85.3993,26.808],[85.402,26.7923],[85.4272,26.7857],[85.4376,26.7887],[85.4453,26.7997],[85.4471,26.8126],[85.4624,26.8141],[85.4598,26.8285],[85.4666,26.8318],[85.4625,26.8408],[85.4759,26.8485],[85.4801,26.8576],[85.4804,26.8579]]]}},{"type":"Feature","properties":{"province":2,"provinceName":"Madhesh","district":"Sarlahi","localLevel":"Haripur","type":"municipality"},"geometry":{"type":"Polygon","coordinates":[[[85.5789,27.0394],[85.5564,27.0368],[85.5385,27.0401],[85.5241,27.0646],[85.5227,27.0495],[85.5118,27.0502],[85.5,27.0328],[85.4953,27.016],[85.4984,27.01],[85.4922,26.9979],[85.5075,26.9945],[85.5096,27.0036],[85.5199,27.0052],[85.5129,26.992],[85.5191,26.9885],[85.5257,26.9968],[85.5258,27.004],[85.5358,27.0006],[85.5334,26.9916],[85.5281,26.9898],[85.5518,26.9793],[85.5524,26.9748],[85.5434,26.9688],[85.5726,26.9647],[85.5889,26.9752],[85.6021,26.994],[85.6003,27.0023],[85.5903,27.0123],[85.5927,27.0202],[85.597,27.0211],[85.5975,27.0424],[85.5804,27.0397],[85.5789,27.0394]]]}},{"type":"Feature","properties":{"province":2,"provinceName":"Madhesh","district":"Sarlahi","localLevel":"Haripurwa","type":"municipality"},"geometry":{"type":"Polygon","coordinates":[[[85.726,26.9524],[85.708,26.9551],[85.7004,26.9525],[85.7009,26.9486],[85.6928,26.9497],[85.6925,26.9461],[85.6998,26.9444],[85.6916,26.9237],[85.6845,26.9192],[85.6704,26.9372],[85.6573,26.9275],[85.6619,26.9158],[85.6566,26.8995],[85.6724,26.8891],[85.6786,26.8716],[85.6911,26.872],[85.6902,26.8814],[85.6971,26.8844],[85.7,26.8963],[85.712,26.9039],[85.7075,26.9054],[85.7137,26.9115],[85.7079,26.9197],[85.7139,26.9208],[85.7093,26.9238],[85.7157,26.9251],[85.7136,26.9317],[85.7199,26.9345],[85.7258,26.952],[85.726,26.9524]]]}},{"type":"Feature","properties":{"province":2,"provinceName":"Madhesh","district":"Sarlahi","localLevel":"Hariwan","type":"municipality"},"geometry":{"type":"Polygon","coordinates":[[[85.6437,27.1418],[85.6309,27.1371],[85.583,27.1436],[85.5734,27.1368],[85.5712,27.1432],[85.5558,27.1465],[85.552,27.1454],[85.554,27.1403],[85.5491,27.1403],[85.5369,27.1478],[85.5331,27.1407],[85.5359,27.1249],[85.5294,27.1169],[85.5323,27.1062],[85.517,27.0956],[85.5295,27.0938],[85.5221,27.0673],[85.5346,27.0422],[85.5564,27.0368],[85.5789,27.0394],[85.5791,27.0459],[85.5671,27.0525],[85.5659,27.0606],[85.5743,27.0717],[85.6019,27.0813],[85.617,27.0792],[85.6341,27.0886],[85.6382,27.0992],[85.6372,27.1185],[85.6491,27.1323],[85.6436,27.1417],[85.6437,27.1418]]]}},{"type":"Feature","properties":{"province":2,"provinceName":"Madhesh","district":"Sarlahi","localLevel":"Ishworpur","type":"municipality"},"geometry":{"type":"Polygon","coordinates":[[[85.8182,27.161],[85.7846,27.1443],[85.7859,27.1278],[85.777,27.124],[85.7753,27.1169],[85.7787,27.1176],[85.7717,27.1114],[85.7726,27.1037],[85.7663,27.1023],[85.7623,27.0932],[85.7648,27.086],[85.7453,27.0613],[85.7314,27.0621],[85.724,27.0542],[85.6995,27.0447],[85.6886,27.0447],[85.6424,27.0165],[85.6115,27.0132],[85.6016,27.0055],[85.6011,26.9879],[85.5936,26.9849],[85.5887,26.9751],[85.597,26.9651],[85.6137,26.9632],[85.631,26.9751],[85.633,26.9625],[85.6377,26.9628],[85.6337,26.9497],[85.6405,26.952],[85.6432,26.939],[85.6375,26.9229],[85.6476,26.9301],[85.6582,26.9279],[85.6701,26.9372],[85.6845,26.9192],[85.6916,26.9237],[85.6998,26.9444],[85.6925,26.9461],[85.6928,26.9497],[85.7009,26.9486],[85.7004,26.9525],[85.708,26.9551],[85.7286,26.9536],[85.75,27.0342],[85.7832,27.0721],[85.7888,27.0922],[85.7998,27.0944],[85.7968,27.0998],[85.8012,27.0992],[85.8033,27.1048],[85.7945,27.1059],[85.8,27.1141],[85.7932,27.118],[85.7999,27.1231],[85.7947,27.1293],[85.7955,27.137],[85.8125,27.1503],[85.8181,27.1605],[85.8182,27.161]]]}},{"type":"Feature","properties":{"province":2,"provinceName":"Madhesh","district":"Sarlahi","localLevel":"Kabilasi","type":"municipality"},"geometry":{"type":"Polygon","coordinates":[[[85.5683,26.9634],[85.5434,26.9688],[85.5524,26.9748],[85.5516,26.9796],[85.5281,26.9898],[85.5167,26.9853],[85.5013,26.9554],[85.5104,26.944],[85.504,26.9294],[85.5081,26.9278],[85.5089,26.9172],[85.5197,26.9115],[85.5303,26.9209],[85.5457,26.9128],[85.5419,26.8922],[85.5615,26.8964],[85.5754,26.89],[85.5808,26.8947],[85.577,26.9063],[85.5794,26.9116],[85.5654,26.9085],[85.5721,26.9232],[85.568,26.9268],[85.5697,26.9311],[85.5633,26.9313],[85.5685,26.9377],[85.5643,26.9393],[85.5635,26.9498],[85.568,26.9633],[85.5683,26.9634]]]}},{"type":"Feature","properties":{"province":2,"provinceName":"Madhesh","district":"Sarlahi","localLevel":"Kaudena","type":"rural_municipality"},"geometry":{"type":"Polygon","coordinates":[[[85.5112,26.8162],[85.5156,26.8361],[85.5244,26.8404],[85.5248,26.8483],[85.5337,26.8557],[85.5441,26.8871],[85.526,26.8869],[85.5194,26.8726],[85.4986,26.8798],[85.4832,26.8783],[85.4756,26.8657],[85.4862,26.8472],[85.4925,26.846],[85.491,26.8405],[85.5063,26.8298],[85.5021,26.8132],[85.5097,26.8165],[85.5112,26.8162]]]}},{"type":"Feature","properties":{"province":2,"provinceName":"Madhesh","district":"Sarlahi","localLevel":"Lalbandi","type":"municipality"},"geometry":{"type":"Polygon","coordinates":[[[85.795,27.1689],[85.7717,27.1819],[85.7259,27.1949],[85.7191,27.1875],[85.6972,27.1838],[85.684,27.169],[85.6734,27.1662],[85.6647,27.1559],[85.655,27.1522],[85.6436,27.1417],[85.6491,27.1323],[85.6372,27.1185],[85.6382,27.0992],[85.6341,27.0886],[85.617,27.0792],[85.6019,27.0813],[85.5743,27.0717],[85.5662,27.0621],[85.5671,27.0525],[85.579,27.046],[85.5789,27.0394],[85.5975,27.0424],[85.597,27.0211],[85.5927,27.0202],[85.5903,27.0123],[85.5931,27.0066],[85.6003,27.0023],[85.6115,27.0132],[85.6424,27.0165],[85.6891,27.0449],[85.6995,27.0447],[85.724,27.0542],[85.7319,27.0623],[85.7463,27.062],[85.7648,27.086],[85.7623,27.0932],[85.7663,27.1023],[85.7726,27.1037],[85.7717,27.1114],[85.7787,27.1176],[85.7753,27.1169],[85.777,27.124],[85.7859,27.1278],[85.7846,27.1443],[85.8144,27.1593],[85.7953,27.1687],[85.795,27.1689]]]}},{"type":"Feature","properties":{"province":2,"provinceName":"Madhesh","district":"Sarlahi","localLevel":"Malangawa","type":"municipality"},"geometry":{"type":"Polygon","coordinates":[[[85.5755,26.89],[85.5615,26.8964],[85.5419,26.8922],[85.5422,26.875],[85.5372,26.8725],[85.5339,26.8561],[85.5248,26.8483],[85.5246,26.8406],[85.5156,26.8361],[85.5112,26.8162],[85.5221,26.8141],[85.5453,26.8381],[85.5557,26.834],[85.5599,26.8437],[85.568,26.8407],[85.5776,26.8608],[85.5804,26.8561],[85.5848,26.8585],[85.5756,26.8899],[85.5755,26.89]]]}},{"type":"Feature","properties":{"province":2,"provinceName":"Madhesh","district":"Sarlahi","localLevel":"Parsa","type":"rural_municipality"},"geometry":{"type":"Polygon","coordinates":[[[85.6566,26.8995],[85.6378,26.9012],[85.6332,26.8838],[85.6259,26.8828],[85.6216,26.8693],[85.6262,26.8734],[85.6367,26.8719],[85.6446,26.853],[85.6825,26.843],[85.6785,26.8641],[85.6859,26.8717],[85.6786,26.8716],[85.6724,26.8891],[85.6568,26.8994],[85.6566,26.8995]]]}},{"type":"Feature","properties":{"province":2,"provinceName":"Madhesh","district":"Sarlahi","localLevel":"Ramnagar","type":"rural_municipality"},"geometry":{"type":"Polygon","coordinates":[[[85.4285,26.8586],[85.4165,26.8602],[85.4072,26.8553],[85.3938,26.8591],[85.3741,26.8468],[85.3452,26.8561],[85.3547,26.8491],[85.3549,26.8409],[85.3515,26.8365],[85.3391,26.8349],[85.3358,26.829],[85.3524,26.823],[85.3548,26.8174],[85.3604,26.821],[85.3625,26.818],[85.3926,26.8187],[85.4176,26.833],[85.4285,26.8584],[85.4285,26.8586]]]}},{"type":"Feature","properties":{"province":3,"provinceName":"Bagmati","district":"Sindhuli","localLevel":"Dudhouli","type":"municipality"},"geometry":{"type":"Polygon","coordinates":[[[86.3088,27.1086],[86.3041,27.11],[86.302,27.1211],[86.2906,27.1259],[86.2629,27.1303],[86.2395,27.1252],[86.2423,27.1192],[86.2357,27.1139],[86.2343,27.1062],[86.2375,27.1028],[86.2276,27.0928],[86.2102,27.0881],[86.2183,27.0783],[86.2165,27.068],[86.2208,27.0579],[86.1926,27.0467],[86.1729,27.063],[86.1499,27.0638],[86.1411,27.0763],[86.1232,27.0792],[86.1093,27.0763],[86.0955,27.082],[86.0899,27.0883],[86.0917,27.0971],[86.0797,27.1015],[86.075,27.0928],[86.0684,27.0961],[86.0618,27.0937],[86.0629,27.0786],[86.053,27.0802],[86.0489,27.0724],[86.0533,27.063],[86.068,27.0558],[86.0696,27.0462],[86.0802,27.038],[86.0578,27.0297],[86.0529,27.0186],[86.1021,27.017],[86.1899,26.9821],[86.1896,26.9771],[86.1939,26.9782],[86.2126,26.9652],[86.229,26.9492],[86.2365,26.9501],[86.2438,26.9396],[86.2578,26.9321],[86.262,26.9188],[86.2654,26.9268],[86.2807,26.9344],[86.2858,26.9488],[86.3174,26.9631],[86.3561,26.9648],[86.3681,26.9813],[86.369,27],[86.3765,27.007],[86.3764,27.023],[86.385,27.0308],[86.3694,27.0372],[86.3657,27.0537],[86.3535,27.0613],[86.3532,27.0665],[86.3485,27.0657],[86.3576,27.075],[86.3594,27.0939],[86.3648,27.0995],[86.3436,27.1062],[86.3255,27.0988],[86.3089,27.1081],[86.3088,27.1086]]]}},{"type":"Feature","properties":{"province":3,"provinceName":"Bagmati","district":"Sindhuli","localLevel":"Ghanglekh","type":"rural_municipality"},"geometry":{"type":"Polygon","coordinates":[[[85.7758,27.3979],[85.7295,27.4117],[85.716,27.4055],[85.6986,27.3724],[85.6977,27.3636],[85.7067,27.357],[85.7062,27.345],[85.6861,27.3332],[85.6926,27.3166],[85.7109,27.3206],[85.7188,27.3324],[85.7237,27.3192],[85.7591,27.307],[85.7737,27.3089],[85.7817,27.2978],[85.8033,27.2929],[85.8035,27.2982],[85.8128,27.3046],[85.8291,27.3015],[85.828,27.2964],[85.8397,27.2888],[85.8419,27.2787],[85.8575,27.279],[85.8689,27.2854],[85.876,27.2823],[85.8889,27.3028],[85.8844,27.3099],[85.8865,27.3149],[85.8756,27.3259],[85.9074,27.3242],[85.9069,27.3288],[85.8977,27.3375],[85.8598,27.3557],[85.8393,27.3491],[85.8363,27.3638],[85.7763,27.3974],[85.7758,27.3979]]]}},{"type":"Feature","properties":{"province":3,"provinceName":"Bagmati","district":"Sindhuli","localLevel":"Golanjor","type":"rural_municipality"},"geometry":{"type":"Polygon","coordinates":[[[86.0245,27.3152],[85.9966,27.338],[85.985,27.3355],[85.961,27.3155],[85.9614,27.3112],[85.9746,27.3099],[85.9874,27.3002],[85.9743,27.299],[85.9568,27.2689],[85.9771,27.2658],[85.9897,27.2582],[85.9967,27.2459],[85.9883,27.2401],[85.9871,27.2288],[86,27.2265],[86.0096,27.2327],[86.0494,27.2173],[86.0647,27.2012],[86.0885,27.1959],[86.0877,27.1863],[86.0914,27.1848],[86.0961,27.1893],[86.1153,27.1885],[86.1193,27.1945],[86.117,27.2004],[86.1359,27.2021],[86.1592,27.1858],[86.1873,27.2162],[86.2026,27.2179],[86.2066,27.2237],[86.2034,27.2254],[86.2072,27.2286],[86.1957,27.235],[86.1916,27.2455],[86.1831,27.2519],[86.1592,27.2522],[86.1507,27.2425],[86.1372,27.2511],[86.1303,27.2643],[86.1147,27.2724],[86.1082,27.2676],[86.0935,27.2684],[86.0785,27.2766],[86.0766,27.2913],[86.0572,27.288],[86.05,27.2966],[86.0405,27.2985],[86.0332,27.309],[86.0238,27.3087],[86.0247,27.3152],[86.0245,27.3152]]]}},{"type":"Feature","properties":{"province":3,"provinceName":"Bagmati","district":"Sindhuli","localLevel":"Hariharpurgadhi","type":"rural_municipality"},"geometry":{"type":"Polygon","coordinates":[[[85.5055,27.3697],[85.4961,27.3761],[85.4755,27.3704],[85.4683,27.357],[85.4502,27.3501],[85.4486,27.3364],[85.4275,27.3324],[85.4204,27.3209],[85.4395,27.2839],[85.4504,27.2843],[85.4829,27.2679],[85.491,27.2499],[85.4903,27.2201],[85.5064,27.2214],[85.5037,27.2079],[85.5125,27.1974],[85.5061,27.1938],[85.4913,27.1984],[85.4894,27.1926],[85.4947,27.1868],[85.4828,27.181],[85.4922,27.1712],[85.503,27.1755],[85.5056,27.1728],[85.5018,27.1677],[85.5058,27.1625],[85.4968,27.1627],[85.4918,27.1543],[85.5033,27.1432],[85.5304,27.1401],[85.5389,27.1485],[85.5491,27.1403],[85.554,27.1403],[85.552,27.1454],[85.5558,27.1465],[85.5712,27.1432],[85.5734,27.1368],[85.583,27.1436],[85.6309,27.1371],[85.6461,27.1429],[85.6402,27.1641],[85.6527,27.1838],[85.6512,27.1895],[85.6427,27.1918],[85.6346,27.2025],[85.6331,27.2108],[85.6426,27.2194],[85.6453,27.2355],[85.6249,27.2312],[85.6201,27.2369],[85.6075,27.2338],[85.6038,27.2398],[85.6011,27.2718],[85.6086,27.2834],[85.6032,27.2938],[85.6064,27.3033],[85.5989,27.3186],[85.6012,27.3441],[85.5804,27.3444],[85.573,27.3402],[85.5669,27.3445],[85.5613,27.3391],[85.5575,27.3456],[85.5526,27.3431],[85.5355,27.3564],[85.5254,27.3497],[85.5165,27.3501],[85.5061,27.3568],[85.5125,27.3646],[85.5082,27.3641],[85.5056,27.3696],[85.5055,27.3697]]]}},{"type":"Feature","properties":{"province":3,"provinceName":"Bagmati","district":"Sindhuli","localLevel":"Kamalamai","type":"municipality"},"geometry":{"type":"Polygon","coordinates":[[[85.9074,27.3242],[85.8756,27.3259],[85.8865,27.3149],[85.8844,27.3099],[85.8889,27.3028],[85.876,27.2823],[85.8689,27.2854],[85.8575,27.279],[85.8423,27.2785],[85.8397,27.2888],[85.828,27.2964],[85.8291,27.3015],[85.8097,27.3046],[85.8032,27.2979],[85.7955,27.2693],[85.8059,27.2595],[85.7932,27.237],[85.7997,27.2273],[85.7988,27.207],[85.8067,27.2017],[85.8031,27.1763],[85.795,27.1689],[85.8116,27.1613],[85.8182,27.161],[85.8276,27.1681],[85.8434,27.1612],[85.8458,27.1594],[85.838,27.1468],[85.8558,27.1377],[85.8648,27.1269],[85.8853,27.1461],[85.9403,27.1212],[85.9382,27.1099],[85.9464,27.0918],[85.9533,27.0875],[85.9523,27.0837],[85.9643,27.0795],[85.9726,27.0519],[85.9913,27.0265],[86.0146,27.0184],[86.0532,27.0187],[86.0578,27.0297],[86.0802,27.038],[86.0696,27.0462],[86.068,27.0558],[86.0533,27.063],[86.0489,27.072],[86.0523,27.079],[86.0434,27.0798],[86.0417,27.0901],[86.0159,27.0931],[86.0132,27.0974],[86.0333,27.1076],[86.0224,27.1231],[86.0132,27.1276],[86.0154,27.1342],[86.005,27.1373],[86.0007,27.145],[86.0098,27.1525],[86.0056,27.1569],[86.0293,27.1791],[86.0425,27.1794],[86.0511,27.1873],[86.0646,27.1839],[86.0804,27.1976],[86.0647,27.2012],[86.0498,27.2171],[86.0159,27.2312],[86.0066,27.2321],[86,27.2265],[85.9871,27.2288],[85.9883,27.2401],[85.9967,27.2459],[85.9897,27.2582],[85.9771,27.2658],[85.9568,27.2689],[85.9743,27.299],[85.987,27.2999],[85.9854,27.3031],[85.9742,27.31],[85.9493,27.3149],[85.9378,27.3094],[85.9169,27.3243],[85.9076,27.3241],[85.9074,27.3242]]]}},{"type":"Feature","properties":{"province":3,"provinceName":"Bagmati","district":"Sindhuli","localLevel":"Marin","type":"rural_municipality"},"geometry":{"type":"Polygon","coordinates":[[[85.6898,27.3374],[85.6824,27.3448],[85.675,27.3442],[85.6633,27.3346],[85.6529,27.3333],[85.644,27.3423],[85.6457,27.3456],[85.6416,27.346],[85.6441,27.3495],[85.6375,27.3533],[85.6261,27.3448],[85.5999,27.3413],[85.5989,27.3186],[85.6064,27.3033],[85.6032,27.2938],[85.6086,27.2834],[85.6011,27.2718],[85.6039,27.2395],[85.6075,27.2338],[85.6201,27.2369],[85.6249,27.2312],[85.6453,27.2355],[85.6426,27.2194],[85.6331,27.2108],[85.6346,27.2025],[85.6427,27.1918],[85.6512,27.1895],[85.6527,27.1838],[85.6402,27.1641],[85.6461,27.1429],[85.6734,27.1662],[85.684,27.169],[85.6972,27.1838],[85.7191,27.1875],[85.7259,27.1949],[85.7717,27.1819],[85.795,27.1689],[85.8031,27.1763],[85.8067,27.2019],[85.7988,27.207],[85.7997,27.2273],[85.7932,27.237],[85.8059,27.2595],[85.7955,27.2693],[85.8033,27.2929],[85.7817,27.2978],[85.7731,27.3092],[85.7591,27.307],[85.7237,27.3192],[85.7188,27.3324],[85.7109,27.3206],[85.6928,27.3165],[85.6861,27.3331],[85.6895,27.3372],[85.6898,27.3374]]]}},{"type":"Feature","properties":{"province":3,"provinceName":"Bagmati","district":"Sindhuli","localLevel":"Phikkal","type":"rural_municipality"},"geometry":{"type":"Polygon","coordinates":[[[86.286,27.2459],[86.269,27.2533],[86.2683,27.2608],[86.2325,27.2371],[86.194,27.2548],[86.1831,27.2519],[86.1916,27.2455],[86.1957,27.235],[86.2072,27.2286],[86.2006,27.2128],[86.2011,27.1941],[86.2186,27.1898],[86.2072,27.1808],[86.2095,27.1742],[86.206,27.1679],[86.2345,27.165],[86.2428,27.1595],[86.2584,27.1391],[86.2554,27.13],[86.2913,27.1257],[86.302,27.1211],[86.307,27.1089],[86.3269,27.1096],[86.339,27.1263],[86.3375,27.1338],[86.3451,27.1468],[86.3615,27.1391],[86.3703,27.1403],[86.3766,27.1474],[86.3728,27.1507],[86.3761,27.1587],[86.3922,27.1796],[86.3814,27.193],[86.3711,27.1922],[86.3605,27.2011],[86.3459,27.2025],[86.3423,27.21],[86.3434,27.2287],[86.3126,27.2325],[86.2864,27.2461],[86.286,27.2459]]]}},{"type":"Feature","properties":{"province":3,"provinceName":"Bagmati","district":"Sindhuli","localLevel":"Sunkoshi","type":"rural_municipality"},"geometry":{"type":"Polygon","coordinates":[[[85.985,27.3512],[85.9809,27.3542],[85.9796,27.3706],[85.9691,27.3835],[85.958,27.389],[85.9543,27.3812],[85.9468,27.3805],[85.9202,27.4088],[85.8985,27.416],[85.8937,27.4133],[85.8882,27.4196],[85.8808,27.4164],[85.8545,27.4248],[85.8323,27.4373],[85.8312,27.4478],[85.8238,27.4507],[85.8061,27.4387],[85.7933,27.4431],[85.7885,27.4379],[85.7868,27.4221],[85.7813,27.4181],[85.7758,27.3979],[85.8363,27.3638],[85.8393,27.3491],[85.8576,27.3557],[85.8691,27.3523],[85.8977,27.3375],[85.9084,27.3224],[85.9169,27.3243],[85.9378,27.3094],[85.9476,27.3149],[85.9598,27.3125],[85.9707,27.3264],[85.9855,27.3357],[85.9852,27.3509],[85.985,27.3512]]]}},{"type":"Feature","properties":{"province":3,"provinceName":"Bagmati","district":"Sindhuli","localLevel":"Tinpatan","type":"rural_municipality"},"geometry":{"type":"Polygon","coordinates":[[[86.2552,27.1301],[86.2584,27.1391],[86.2428,27.1595],[86.2345,27.165],[86.2061,27.1677],[86.2095,27.1742],[86.2072,27.1808],[86.2186,27.1896],[86.2011,27.1941],[86.2016,27.2181],[86.1873,27.2162],[86.1592,27.1858],[86.1362,27.2021],[86.117,27.2004],[86.1193,27.1945],[86.1153,27.1885],[86.0961,27.1893],[86.0914,27.1848],[86.0877,27.1863],[86.0888,27.1956],[86.0804,27.1976],[86.0646,27.1839],[86.0508,27.1873],[86.0426,27.1795],[86.0327,27.1805],[86.0244,27.1751],[86.022,27.1687],[86.0056,27.1569],[86.0098,27.1525],[86.0007,27.145],[86.005,27.1373],[86.0154,27.1342],[86.0132,27.1276],[86.0224,27.1231],[86.0333,27.1076],[86.0132,27.0974],[86.0171,27.0924],[86.0398,27.091],[86.0434,27.0798],[86.0623,27.0783],[86.0651,27.0858],[86.0618,27.0937],[86.0684,27.0961],[86.075,27.0928],[86.0823,27.1019],[86.0917,27.0971],[86.0899,27.0883],[86.0955,27.082],[86.1093,27.0763],[86.1232,27.0792],[86.1411,27.0763],[86.1499,27.0638],[86.1729,27.063],[86.1926,27.0467],[86.2208,27.0579],[86.2165,27.068],[86.2183,27.0783],[86.2106,27.0891],[86.2276,27.0928],[86.2375,27.103],[86.2343,27.1062],[86.2357,27.1139],[86.2423,27.1192],[86.2395,27.1252],[86.2549,27.1301],[86.2552,27.1301]]]}},{"type":"Feature","properties":{"province":3,"provinceName":"Bagmati","district":"Ramechhap","localLevel":"Doramba","type":"rural_municipality"},"geometry":{"type":"Polygon","coordinates":[[[85.8879,27.6119],[85.8769,27.6126],[85.866,27.5951],[85.8488,27.5848],[85.8488,27.5788],[85.8295,27.5761],[85.8267,27.57],[85.8481,27.5523],[85.8524,27.5371],[85.8587,27.5314],[85.8583,27.5177],[85.8873,27.5256],[85.8954,27.5216],[85.9068,27.5243],[85.9141,27.5188],[85.9197,27.4993],[85.9396,27.4998],[85.9488,27.4957],[85.953,27.5],[85.9695,27.5016],[85.998,27.4836],[86.0205,27.4782],[86.0274,27.5018],[86.003,27.5021],[86.0016,27.5066],[85.997,27.5033],[85.9894,27.5099],[85.9901,27.5193],[86.0029,27.541],[86,27.5457],[85.9846,27.5548],[85.9546,27.5888],[85.9329,27.595],[85.9174,27.6048],[85.8884,27.6118],[85.8879,27.6119]]]}},{"type":"Feature","properties":{"province":3,"provinceName":"Bagmati","district":"Ramechhap","localLevel":"Gokulganga","type":"rural_municipality"},"geometry":{"type":"Polygon","coordinates":[[[86.4228,27.7152],[86.4115,27.7187],[86.384,27.701],[86.3782,27.6921],[86.3543,27.6937],[86.3416,27.6831],[86.3325,27.6611],[86.3141,27.6458],[86.3054,27.6155],[86.2912,27.6031],[86.2839,27.6039],[86.2713,27.5948],[86.2631,27.598],[86.2381,27.5861],[86.2052,27.5801],[86.1943,27.5717],[86.1868,27.5589],[86.1606,27.541],[86.1547,27.5312],[86.1532,27.5156],[86.1447,27.5092],[86.1443,27.4956],[86.1318,27.4897],[86.125,27.4779],[86.144,27.4716],[86.1615,27.4532],[86.1877,27.4495],[86.2126,27.4877],[86.2173,27.5007],[86.2155,27.5215],[86.22,27.5294],[86.2396,27.5459],[86.2793,27.5508],[86.2855,27.5471],[86.2856,27.5593],[86.3007,27.5725],[86.3278,27.5778],[86.3402,27.5876],[86.3455,27.606],[86.3812,27.6193],[86.3844,27.6261],[86.3781,27.6539],[86.3808,27.6657],[86.3846,27.6689],[86.3973,27.6674],[86.4064,27.6751],[86.4098,27.693],[86.4065,27.7006],[86.4228,27.7149],[86.4228,27.7152]]]}},{"type":"Feature","properties":{"province":3,"provinceName":"Bagmati","district":"Ramechhap","localLevel":"Khadadevi","type":"rural_municipality"},"geometry":{"type":"Polygon","coordinates":[[[86.0199,27.4779],[85.998,27.4836],[85.9695,27.5016],[85.953,27.5],[85.9488,27.4957],[85.9211,27.5],[85.9085,27.4911],[85.9087,27.4855],[85.9007,27.4783],[85.9071,27.4744],[85.9004,27.4644],[85.897,27.4653],[85.8907,27.4545],[85.876,27.4436],[85.8256,27.4604],[85.8117,27.4592],[85.8113,27.456],[85.8312,27.4478],[85.8323,27.4373],[85.8545,27.4248],[85.8808,27.4164],[85.8882,27.4196],[85.8937,27.4133],[85.8985,27.416],[85.9202,27.4088],[85.9476,27.3802],[85.9543,27.3812],[85.9565,27.3885],[85.9636,27.3872],[85.9796,27.3706],[85.9809,27.3542],[85.985,27.3512],[85.9991,27.3738],[86.0079,27.3716],[86.0112,27.3786],[86.0316,27.375],[86.0319,27.3803],[86.016,27.3998],[85.9925,27.4143],[85.9818,27.4278],[85.9929,27.4435],[86.0126,27.4406],[86.0149,27.4634],[86.0088,27.4686],[86.0198,27.4779],[86.0199,27.4779]]]}},{"type":"Feature","properties":{"province":3,"provinceName":"Bagmati","district":"Ramechhap","localLevel":"Likhu Tamakoshi","type":"rural_municipality"},"geometry":{"type":"Polygon","coordinates":[[[86.2653,27.4548],[86.2575,27.4652],[86.2544,27.4795],[86.241,27.4893],[86.2387,27.5012],[86.2169,27.5153],[86.2126,27.4877],[86.1877,27.4495],[86.1615,27.4532],[86.1441,27.4715],[86.1265,27.4797],[86.1144,27.4743],[86.1145,27.461],[86.1072,27.4425],[86.089,27.4267],[86.1037,27.4112],[86.1217,27.4013],[86.147,27.4058],[86.1499,27.4007],[86.1581,27.403],[86.1898,27.3913],[86.208,27.4001],[86.2174,27.387],[86.2268,27.3828],[86.2301,27.3976],[86.2384,27.4038],[86.2368,27.4079],[86.2443,27.4187],[86.2506,27.4203],[86.265,27.4542],[86.2653,27.4548]]]}},{"type":"Feature","properties":{"province":3,"provinceName":"Bagmati","district":"Ramechhap","localLevel":"Manthali","type":"municipality"},"geometry":{"type":"Polygon","coordinates":[[[86.0959,27.5],[86.0801,27.4966],[86.0763,27.5017],[86.0674,27.5019],[86.0641,27.4966],[86.0622,27.5015],[86.0468,27.4977],[86.0274,27.5018],[86.0206,27.4784],[86.0088,27.4686],[86.0149,27.4634],[86.0126,27.4406],[85.9929,27.4435],[85.9818,27.4278],[85.9925,27.4143],[86.0097,27.4063],[86.0323,27.3795],[86.0302,27.3729],[86.0112,27.3786],[86.0079,27.3716],[85.9986,27.3735],[85.985,27.3514],[85.9858,27.3354],[86,27.3372],[86.0242,27.3153],[86.0422,27.3315],[86.0379,27.3401],[86.0551,27.3389],[86.0492,27.3443],[86.0567,27.3575],[86.0737,27.3685],[86.0848,27.3602],[86.0953,27.339],[86.1084,27.3334],[86.1172,27.3359],[86.1169,27.3422],[86.1317,27.3413],[86.1294,27.336],[86.1328,27.3314],[86.1404,27.3333],[86.1586,27.3581],[86.1564,27.3762],[86.1647,27.3902],[86.159,27.4026],[86.1499,27.4007],[86.1464,27.4058],[86.1217,27.4013],[86.1037,27.4112],[86.0894,27.4255],[86.0962,27.4362],[86.1072,27.4425],[86.1177,27.4783],[86.0962,27.4997],[86.0959,27.5]]]}},{"type":"Feature","properties":{"province":3,"provinceName":"Bagmati","district":"Ramechhap","localLevel":"Ramechhap","type":"municipality"},"geometry":{"type":"Polygon","coordinates":[[[86.2268,27.3828],[86.2174,27.387],[86.208,27.4001],[86.1898,27.3913],[86.159,27.4026],[86.1647,27.3902],[86.1564,27.3762],[86.1586,27.3581],[86.1404,27.3333],[86.1323,27.3317],[86.1315,27.3414],[86.1169,27.3422],[86.1172,27.3359],[86.1088,27.3334],[86.1003,27.3359],[86.0924,27.3429],[86.0848,27.3602],[86.0737,27.3685],[86.0567,27.3575],[86.0492,27.3443],[86.0551,27.3389],[86.0379,27.3401],[86.0422,27.3315],[86.0232,27.3097],[86.0332,27.309],[86.041,27.2981],[86.05,27.2966],[86.0577,27.2878],[86.0766,27.2913],[86.0785,27.2766],[86.0941,27.2682],[86.1082,27.2676],[86.1147,27.2724],[86.1299,27.2645],[86.1372,27.2511],[86.1507,27.2425],[86.1603,27.2524],[86.1938,27.2549],[86.2075,27.2501],[86.2162,27.2686],[86.243,27.2885],[86.2378,27.2959],[86.2396,27.3058],[86.2313,27.3196],[86.2217,27.3223],[86.2247,27.327],[86.218,27.3333],[86.2264,27.3826],[86.2268,27.3828]]]}},{"type":"Feature","properties":{"province":3,"provinceName":"Bagmati","district":"Ramechhap","localLevel":"Sunapati","type":"rural_municipality"},"geometry":{"type":"Polygon","coordinates":[[[85.9197,27.4993],[85.9141,27.5188],[85.9068,27.5243],[85.8954,27.5216],[85.8873,27.5256],[85.8583,27.5177],[85.8587,27.5314],[85.8524,27.5371],[85.8481,27.5523],[85.8267,27.57],[85.8309,27.5464],[85.8182,27.5235],[85.8212,27.5176],[85.8116,27.5098],[85.8074,27.511],[85.7998,27.5],[85.8106,27.4844],[85.8095,27.4793],[85.8163,27.4737],[85.817,27.4637],[85.8117,27.4592],[85.8307,27.4592],[85.8757,27.4436],[85.8907,27.4545],[85.897,27.4653],[85.9004,27.4644],[85.9071,27.4744],[85.9007,27.4783],[85.9194,27.4991],[85.9197,27.4993]]]}},{"type":"Feature","properties":{"province":3,"provinceName":"Bagmati","district":"Ramechhap","localLevel":"Umakunda","type":"rural_municipality"},"geometry":{"type":"Polygon","coordinates":[[[86.5448,27.8109],[86.5272,27.8055],[86.5131,27.8061],[86.5009,27.8135],[86.4891,27.8086],[86.4826,27.8113],[86.4813,27.8207],[86.4728,27.8259],[86.4584,27.8232],[86.4524,27.8323],[86.4411,27.8281],[86.4317,27.8147],[86.4221,27.8133],[86.4199,27.794],[86.4131,27.7904],[86.4245,27.7855],[86.415,27.7729],[86.4129,27.7463],[86.4259,27.7406],[86.4299,27.7325],[86.4211,27.7114],[86.4065,27.7006],[86.4098,27.693],[86.407,27.6758],[86.3973,27.6674],[86.3846,27.6689],[86.3808,27.6657],[86.3781,27.6539],[86.3844,27.6261],[86.382,27.6203],[86.371,27.6128],[86.3455,27.606],[86.3402,27.5876],[86.3278,27.5778],[86.3007,27.5725],[86.2856,27.5593],[86.2855,27.5471],[86.2793,27.5508],[86.2396,27.5459],[86.2158,27.5228],[86.219,27.5129],[86.2387,27.5012],[86.241,27.4893],[86.2544,27.4795],[86.2575,27.4652],[86.2653,27.4548],[86.2944,27.4701],[86.2974,27.4787],[86.327,27.4994],[86.3407,27.5198],[86.3573,27.5246],[86.3609,27.5395],[86.372,27.5494],[86.3716,27.5579],[86.3827,27.5709],[86.3906,27.5725],[86.4009,27.5832],[86.4158,27.5865],[86.4226,27.5984],[86.4372,27.61],[86.4721,27.6168],[86.4949,27.6135],[86.5023,27.6201],[86.5159,27.6478],[86.5286,27.6501],[86.5295,27.6599],[86.5408,27.6708],[86.5427,27.7013],[86.5534,27.7106],[86.5653,27.7491],[86.5752,27.7543],[86.5664,27.7693],[86.5712,27.7908],[86.5695,27.8037],[86.545,27.8109],[86.5448,27.8109]]]}},{"type":"Feature","properties":{"province":3,"provinceName":"Bagmati","district":"Dolakha","localLevel":"Baiteshwor","type":"rural_municipality"},"geometry":{"type":"Polygon","coordinates":[[[86.1863,27.6549],[86.1684,27.6572],[86.1639,27.6686],[86.1439,27.6737],[86.125,27.692],[86.1207,27.6841],[86.1117,27.6802],[86.1079,27.6826],[86.1072,27.6761],[86.0922,27.6634],[86.0874,27.6351],[86.078,27.6126],[86.1347,27.5779],[86.1592,27.5962],[86.1658,27.6163],[86.18,27.6227],[86.1863,27.6545],[86.1863,27.6549]]]}},{"type":"Feature","properties":{"province":3,"provinceName":"Bagmati","district":"Dolakha","localLevel":"Bhimeshwor","type":"municipality"},"geometry":{"type":"Polygon","coordinates":[[[86.0304,27.7392],[86.007,27.745],[85.9796,27.7351],[85.9634,27.7419],[85.9542,27.7222],[85.9387,27.7087],[85.9412,27.6932],[85.9365,27.6873],[85.9415,27.6689],[85.9539,27.6658],[85.96,27.6493],[85.967,27.6604],[85.9812,27.6656],[85.9848,27.6717],[85.9959,27.6727],[86.0246,27.6504],[86.0437,27.6277],[86.0779,27.6128],[86.0874,27.6351],[86.0902,27.6595],[86.1085,27.6791],[86.073,27.694],[86.0553,27.7229],[86.0305,27.7391],[86.0304,27.7392]]]}},{"type":"Feature","properties":{"province":3,"provinceName":"Bagmati","district":"Dolakha","localLevel":"Bigu","type":"rural_municipality"},"geometry":{"type":"Polygon","coordinates":[[[86.3024,27.9606],[86.299,27.9728],[86.2912,27.9781],[86.2688,27.9802],[86.2398,27.9728],[86.2291,27.9807],[86.2224,28.0108],[86.2275,28.0315],[86.22,28.04],[86.2066,28.0838],[86.2101,28.0941],[86.2249,28.0955],[86.2222,28.1114],[86.2079,28.1328],[86.1996,28.138],[86.1997,28.1561],[86.1945,28.1602],[86.1916,28.1729],[86.1797,28.1705],[86.1761,28.1673],[86.1805,28.1433],[86.1444,28.1258],[86.1429,28.1175],[86.1347,28.1164],[86.1326,28.0999],[86.1202,28.0912],[86.0945,28.0976],[86.0851,28.0907],[86.0972,28.0616],[86.0899,28.0491],[86.0928,28.033],[86.0817,28.0201],[86.1059,27.984],[86.1118,27.9612],[86.1095,27.9556],[86.126,27.9414],[86.1263,27.9274],[86.1064,27.9246],[86.0774,27.9106],[86.0689,27.9108],[86.0718,27.9054],[86.0501,27.8859],[86.0448,27.8676],[86.0328,27.8625],[86.0273,27.8459],[86.0129,27.8393],[86.005,27.8294],[86.0223,27.8087],[86.0602,27.8184],[86.0782,27.8078],[86.0804,27.7975],[86.11,27.7926],[86.1308,27.783],[86.1703,27.7362],[86.181,27.7484],[86.1998,27.7599],[86.2084,27.7805],[86.2269,27.8067],[86.2307,27.8232],[86.2204,27.8403],[86.2247,27.8803],[86.2365,27.8806],[86.2804,27.9038],[86.2789,27.9168],[86.3021,27.9605],[86.3024,27.9606]]]}},{"type":"Feature","properties":{"province":3,"provinceName":"Bagmati","district":"Dolakha","localLevel":"Gaurishankar","type":"rural_municipality"},"geometry":{"type":"Polygon","coordinates":[[[86.518,27.9564],[86.5001,27.957],[86.4959,27.9522],[86.4718,27.9459],[86.4688,27.9411],[86.4723,27.9298],[86.4449,27.9055],[86.4316,27.9093],[86.4132,27.9063],[86.4078,27.9164],[86.3837,27.9376],[86.3607,27.9412],[86.3503,27.9373],[86.34,27.9492],[86.3377,27.9648],[86.3212,27.9476],[86.3021,27.9605],[86.2789,27.9168],[86.2804,27.9038],[86.2365,27.8806],[86.2234,27.8779],[86.2204,27.8403],[86.2307,27.8232],[86.2269,27.8067],[86.2084,27.7805],[86.2006,27.7611],[86.1721,27.7402],[86.1516,27.7181],[86.1531,27.7112],[86.1479,27.7048],[86.1257,27.6897],[86.1439,27.6737],[86.1639,27.6686],[86.1705,27.6564],[86.1933,27.6565],[86.2262,27.6707],[86.2501,27.6683],[86.2557,27.6742],[86.2552,27.6837],[86.2619,27.6964],[86.2998,27.7031],[86.3212,27.7135],[86.3322,27.732],[86.353,27.7326],[86.3621,27.747],[86.3609,27.7659],[86.3732,27.7667],[86.3795,27.7731],[86.4143,27.77],[86.4245,27.7855],[86.4131,27.7904],[86.4199,27.794],[86.4221,27.8133],[86.4322,27.8151],[86.4433,27.8293],[86.4524,27.8323],[86.4609,27.8228],[86.4728,27.8259],[86.4813,27.8207],[86.4826,27.8113],[86.4891,27.8086],[86.5009,27.8135],[86.5131,27.8061],[86.5431,27.8084],[86.5565,27.8569],[86.5534,27.8759],[86.5571,27.9077],[86.5502,27.9302],[86.5361,27.9419],[86.5246,27.9397],[86.5182,27.9557],[86.518,27.9564]]]}},{"type":"Feature","properties":{"province":3,"provinceName":"Bagmati","district":"Dolakha","localLevel":"Jiri","type":"municipality"},"geometry":{"type":"Polygon","coordinates":[[[86.4143,27.77],[86.3795,27.7731],[86.3732,27.7667],[86.3609,27.7659],[86.3621,27.747],[86.3526,27.7324],[86.3322,27.732],[86.3212,27.7135],[86.2998,27.7031],[86.2619,27.6964],[86.2505,27.6684],[86.2262,27.6707],[86.1867,27.6553],[86.18,27.6227],[86.1644,27.6147],[86.1592,27.5962],[86.1537,27.5931],[86.1643,27.5832],[86.1662,27.5753],[86.1887,27.5619],[86.2052,27.5801],[86.2381,27.5861],[86.2631,27.598],[86.2713,27.5948],[86.301,27.6101],[86.3141,27.6458],[86.3325,27.6611],[86.3416,27.6831],[86.3543,27.6937],[86.3782,27.6921],[86.402,27.7138],[86.4115,27.7187],[86.4228,27.7152],[86.4258,27.7187],[86.4295,27.7368],[86.4129,27.7463],[86.4153,27.7692],[86.4143,27.77]]]}},{"type":"Feature","properties":{"province":3,"provinceName":"Bagmati","district":"Dolakha","localLevel":"Kalinchok","type":"rural_municipality"},"geometry":{"type":"Polygon","coordinates":[[[86.1676,27.7353],[86.1408,27.7737],[86.1204,27.7884],[86.0804,27.7975],[86.0782,27.8078],[86.0602,27.8184],[86.0223,27.8087],[86.0285,27.7853],[86.0221,27.7722],[86.0364,27.7564],[86.0304,27.7392],[86.0553,27.7229],[86.073,27.694],[86.094,27.6828],[86.1085,27.6791],[86.1082,27.6828],[86.1117,27.6802],[86.1223,27.6852],[86.125,27.692],[86.133,27.692],[86.1346,27.6977],[86.1529,27.7107],[86.1516,27.7181],[86.1675,27.7353],[86.1676,27.7353]]]}},{"type":"Feature","properties":{"province":3,"provinceName":"Bagmati","district":"Dolakha","localLevel":"Melung","type":"rural_municipality"},"geometry":{"type":"Polygon","coordinates":[[[86.0809,27.6042],[86.0711,27.609],[86.0394,27.6018],[86.0522,27.5922],[86.0485,27.5933],[86.0449,27.5801],[86.0503,27.5667],[86.0238,27.576],[85.9834,27.5562],[86.003,27.5412],[85.9901,27.5193],[85.9903,27.5075],[85.996,27.5077],[85.997,27.5033],[86.0019,27.5065],[86.003,27.5021],[86.0342,27.5027],[86.0468,27.4977],[86.0593,27.5016],[86.0641,27.4966],[86.0674,27.5019],[86.0763,27.5017],[86.0801,27.4966],[86.0959,27.5],[86.0956,27.5057],[86.0886,27.5102],[86.0882,27.5307],[86.0834,27.5431],[86.0879,27.5596],[86.0813,27.6038],[86.0809,27.6042]]]}},{"type":"Feature","properties":{"province":3,"provinceName":"Bagmati","district":"Dolakha","localLevel":"Sailung","type":"rural_municipality"},"geometry":{"type":"Polygon","coordinates":[[[86.0779,27.6128],[86.0437,27.6277],[86.0246,27.6504],[85.9956,27.6727],[85.9848,27.6717],[85.9812,27.6656],[85.967,27.6604],[85.96,27.6493],[85.9503,27.6691],[85.9208,27.6634],[85.913,27.6368],[85.8935,27.6242],[85.8867,27.6138],[85.9546,27.5888],[85.9834,27.5562],[86.0238,27.576],[86.0503,27.5667],[86.0449,27.5801],[86.0485,27.5933],[86.0522,27.5922],[86.0394,27.6018],[86.0711,27.609],[86.0793,27.603],[86.0778,27.6126],[86.0779,27.6128]]]}},{"type":"Feature","properties":{"province":3,"provinceName":"Bagmati","district":"Dolakha","localLevel":"Tamakoshi","type":"rural_municipality"},"geometry":{"type":"Polygon","coordinates":[[[86.1537,27.5931],[86.1347,27.5779],[86.1273,27.5797],[86.0861,27.6107],[86.0776,27.6124],[86.087,27.5774],[86.0834,27.5431],[86.0882,27.5307],[86.0886,27.5102],[86.1172,27.4799],[86.1163,27.4738],[86.125,27.4779],[86.1318,27.4897],[86.1443,27.4956],[86.1447,27.5092],[86.1532,27.5156],[86.1547,27.5312],[86.1606,27.5411],[86.1887,27.5619],[86.1829,27.5682],[86.1691,27.572],[86.1541,27.5929],[86.1537,27.5931]]]}},{"type":"Feature","properties":{"province":3,"provinceName":"Bagmati","district":"Sindhupalchok","localLevel":"Balefi","type":"rural_municipality"},"geometry":{"type":"Polygon","coordinates":[[[85.8323,27.8132],[85.8194,27.8033],[85.7898,27.8081],[85.7952,27.8266],[85.8041,27.8362],[85.8012,27.8389],[85.7952,27.8338],[85.7876,27.8393],[85.7742,27.8351],[85.7643,27.7885],[85.7672,27.7698],[85.7799,27.7524],[85.782,27.7339],[85.7977,27.7348],[85.8076,27.7474],[85.8193,27.7511],[85.8336,27.7555],[85.8639,27.7551],[85.8795,27.7641],[85.8714,27.7677],[85.8581,27.762],[85.8574,27.7756],[85.8398,27.7893],[85.8324,27.8131],[85.8323,27.8132]]]}},{"type":"Feature","properties":{"province":3,"provinceName":"Bagmati","district":"Sindhupalchok","localLevel":"Barhabise","type":"municipality"},"geometry":{"type":"Polygon","coordinates":[[[86.005,27.8294],[85.9547,27.8264],[85.9479,27.8162],[85.9198,27.813],[85.9232,27.8291],[85.9116,27.8405],[85.8948,27.845],[85.8951,27.8648],[85.8603,27.8855],[85.8529,27.8995],[85.8525,27.9102],[85.8323,27.918],[85.8317,27.9093],[85.8235,27.8987],[85.8227,27.8941],[85.8365,27.881],[85.834,27.8649],[85.8478,27.8623],[85.8295,27.8174],[85.8398,27.7893],[85.8574,27.7756],[85.8557,27.7665],[85.8593,27.7611],[85.8713,27.7677],[85.8815,27.7644],[85.8948,27.7788],[85.9052,27.777],[85.9326,27.7835],[85.9647,27.7807],[85.9824,27.792],[85.9975,27.7862],[86.0181,27.7873],[86.0279,27.7836],[86.0221,27.8093],[86.0057,27.8286],[86.005,27.8294]]]}},{"type":"Feature","properties":{"province":3,"provinceName":"Bagmati","district":"Sindhupalchok","localLevel":"Bhotekoshi","type":"rural_municipality"},"geometry":{"type":"Polygon","coordinates":[[[86.0674,27.8995],[86.0497,27.9063],[86.0255,27.9074],[86.0161,27.9149],[86.003,27.9111],[85.9511,27.9408],[85.9621,27.9673],[85.9806,27.9877],[85.9795,27.9965],[85.9382,28.0239],[85.9172,28.0491],[85.9037,28.0532],[85.8933,28.0442],[85.8996,28.0354],[85.8802,28.016],[85.8873,28.0077],[85.8679,27.9628],[85.8691,27.9431],[85.8552,27.9387],[85.8323,27.918],[85.8525,27.9102],[85.8529,27.8995],[85.8603,27.8855],[85.8951,27.8648],[85.8945,27.8455],[85.9018,27.8404],[85.9116,27.8405],[85.9232,27.8291],[85.9195,27.8132],[85.9223,27.8126],[85.9479,27.8162],[85.9547,27.8264],[86.005,27.8294],[86.0129,27.8393],[86.0273,27.8459],[86.0328,27.8625],[86.0448,27.8676],[86.0501,27.8859],[86.0674,27.8992],[86.0674,27.8995]]]}},{"type":"Feature","properties":{"province":3,"provinceName":"Bagmati","district":"Sindhupalchok","localLevel":"Chautara SangachokGadhi","type":"municipality"},"geometry":{"type":"Polygon","coordinates":[[[85.7725,27.827],[85.7522,27.8281],[85.7526,27.8338],[85.736,27.8306],[85.7208,27.8344],[85.6933,27.8607],[85.6799,27.8482],[85.6821,27.8239],[85.6719,27.803],[85.6783,27.7924],[85.6765,27.7613],[85.6813,27.7445],[85.6733,27.7051],[85.6821,27.6999],[85.6836,27.6851],[85.6896,27.6845],[85.6963,27.6632],[85.7086,27.652],[85.7083,27.6414],[85.7076,27.6561],[85.7119,27.6546],[85.723,27.666],[85.7226,27.661],[85.727,27.6621],[85.7339,27.6701],[85.7333,27.6794],[85.7583,27.7021],[85.7655,27.7039],[85.7654,27.7092],[85.7807,27.7221],[85.7799,27.7524],[85.7672,27.7698],[85.7643,27.7885],[85.7726,27.8265],[85.7725,27.827]]]}},{"type":"Feature","properties":{"province":3,"provinceName":"Bagmati","district":"Sindhupalchok","localLevel":"Helambu","type":"rural_municipality"},"geometry":{"type":"Polygon","coordinates":[[[85.5291,28.1572],[85.5056,28.1519],[85.4926,28.1385],[85.4976,28.1221],[85.4915,28.1056],[85.4751,28.1047],[85.4595,28.0925],[85.4476,28.0899],[85.4441,28.0824],[85.4466,28.0764],[85.4646,28.0692],[85.4807,28.0561],[85.4994,28.03],[85.4966,28.0026],[85.4895,27.9923],[85.4942,27.9717],[85.4861,27.9702],[85.4808,27.9592],[85.4897,27.9245],[85.4786,27.8922],[85.4846,27.8766],[85.4811,27.8697],[85.4857,27.8552],[85.5282,27.8694],[85.5524,27.8702],[85.5671,27.8777],[85.5848,27.8948],[85.5878,27.9126],[85.6147,27.9424],[85.6113,27.9486],[85.6176,27.9523],[85.6153,27.9612],[85.5917,27.9583],[85.5832,27.9844],[85.5704,27.9946],[85.5729,28.0177],[85.5631,28.0357],[85.5723,28.0535],[85.5612,28.0645],[85.5703,28.0735],[85.5626,28.0998],[85.5668,28.1197],[85.559,28.1416],[85.5415,28.1473],[85.5301,28.1568],[85.5291,28.1572]]]}},{"type":"Feature","properties":{"province":3,"provinceName":"Bagmati","district":"Sindhupalchok","localLevel":"Indrawati","type":"rural_municipality"},"geometry":{"type":"Polygon","coordinates":[[[85.6733,27.7051],[85.6813,27.7445],[85.6765,27.7613],[85.6783,27.7924],[85.6719,27.803],[85.6821,27.8239],[85.6799,27.8482],[85.6933,27.8607],[85.6917,27.8671],[85.6699,27.858],[85.6714,27.8491],[85.6514,27.8478],[85.6044,27.8226],[85.6032,27.8148],[85.6156,27.8032],[85.5772,27.796],[85.5761,27.782],[85.6129,27.7432],[85.6156,27.7332],[85.6451,27.7185],[85.657,27.7199],[85.6728,27.7063],[85.6733,27.7051]]]}},{"type":"Feature","properties":{"province":3,"provinceName":"Bagmati","district":"Sindhupalchok","localLevel":"Jugal","type":"rural_municipality"},"geometry":{"type":"Polygon","coordinates":[[[85.9037,28.0532],[85.8986,28.0701],[85.9056,28.089],[85.9004,28.1088],[85.8725,28.1235],[85.8743,28.1442],[85.8641,28.1511],[85.8617,28.1611],[85.8536,28.167],[85.8508,28.1839],[85.8313,28.1848],[85.8204,28.1937],[85.818,28.2031],[85.8023,28.1962],[85.8009,28.1893],[85.7811,28.1742],[85.752,28.1751],[85.73,28.1695],[85.7216,28.1739],[85.7149,28.1694],[85.7154,28.1622],[85.7057,28.1638],[85.7005,28.1588],[85.6845,28.1567],[85.6848,28.1442],[85.6926,28.1395],[85.7018,28.1172],[85.7109,28.1141],[85.7124,28.1068],[85.7169,28.1056],[85.7031,28.0886],[85.708,28.0797],[85.7045,28.0721],[85.7126,28.0579],[85.709,28.0542],[85.7256,28.0442],[85.7236,28.0368],[85.7331,28.0269],[85.7319,28.0021],[85.7393,27.9892],[85.7267,27.9703],[85.7202,27.9706],[85.733,27.9623],[85.7248,27.9549],[85.7305,27.9449],[85.7284,27.9297],[85.7067,27.9086],[85.7053,27.8793],[85.6938,27.8739],[85.6917,27.8671],[85.6949,27.8574],[85.7136,27.8385],[85.736,27.8306],[85.7483,27.8344],[85.7526,27.8338],[85.7522,27.8281],[85.7725,27.827],[85.7742,27.8351],[85.7813,27.8388],[85.7888,27.8391],[85.7952,27.8338],[85.8012,27.8389],[85.8041,27.8362],[85.7952,27.8266],[85.7884,27.8087],[85.8194,27.8033],[85.8323,27.8132],[85.8297,27.819],[85.8478,27.8623],[85.834,27.8649],[85.8365,27.881],[85.8227,27.8941],[85.8235,27.8987],[85.832,27.91],[85.8319,27.9175],[85.8434,27.9305],[85.8691,27.9431],[85.8679,27.9628],[85.8873,28.0077],[85.8802,28.016],[85.8996,28.0354],[85.8933,28.0442],[85.9032,28.052],[85.9037,28.0532]]]}},{"type":"Feature","properties":{"province":3,"provinceName":"Bagmati","district":"Sindhupalchok","localLevel":"Lisangkhu Pakhar","type":"rural_municipality"},"geometry":{"type":"Polygon","coordinates":[[[85.9387,27.705],[85.9031,27.7078],[85.8724,27.7437],[85.8698,27.7371],[85.8571,27.7288],[85.8594,27.7133],[85.8545,27.6985],[85.8435,27.698],[85.8408,27.6927],[85.8319,27.6922],[85.8202,27.6831],[85.8218,27.6758],[85.8149,27.6688],[85.8242,27.6554],[85.8181,27.6462],[85.8446,27.6258],[85.8595,27.6324],[85.8693,27.6288],[85.8776,27.6161],[85.8874,27.6105],[85.8935,27.6242],[85.913,27.6368],[85.9206,27.6633],[85.9415,27.6689],[85.9365,27.6873],[85.9412,27.6932],[85.9388,27.7042],[85.9387,27.705]]]}},{"type":"Feature","properties":{"province":3,"provinceName":"Bagmati","district":"Sindhupalchok","localLevel":"Melamchi","type":"municipality"},"geometry":{"type":"Polygon","coordinates":[[[85.6514,27.8478],[85.6477,27.8539],[85.6303,27.8532],[85.6136,27.8622],[85.5857,27.8966],[85.5674,27.878],[85.5529,27.8703],[85.5282,27.8694],[85.4857,27.8552],[85.4811,27.8697],[85.4846,27.8766],[85.4788,27.8898],[85.4766,27.8828],[85.4707,27.8815],[85.4725,27.869],[85.4535,27.8502],[85.457,27.8458],[85.4509,27.8174],[85.47,27.797],[85.4701,27.7835],[85.4753,27.7778],[85.5358,27.7917],[85.5535,27.7808],[85.5679,27.7643],[85.5664,27.7547],[85.5523,27.7567],[85.5562,27.749],[85.5721,27.7445],[85.5841,27.7495],[85.5979,27.7439],[85.6059,27.7485],[85.5761,27.782],[85.5772,27.796],[85.6156,27.8032],[85.6021,27.8205],[85.6228,27.8307],[85.6291,27.8386],[85.6494,27.8457],[85.6514,27.8478]]]}},{"type":"Feature","properties":{"province":3,"provinceName":"Bagmati","district":"Sindhupalchok","localLevel":"Panchpokhari Thangpal","type":"rural_municipality"},"geometry":{"type":"Polygon","coordinates":[[[85.6845,28.1567],[85.654,28.1514],[85.6399,28.1411],[85.6349,28.1301],[85.6295,28.1291],[85.6173,28.1339],[85.6153,28.1503],[85.6034,28.1581],[85.5863,28.1532],[85.5497,28.1684],[85.5353,28.1673],[85.5291,28.1572],[85.5415,28.1473],[85.559,28.1416],[85.5668,28.1197],[85.5626,28.0998],[85.5703,28.0735],[85.5612,28.0645],[85.5723,28.0535],[85.5631,28.0357],[85.5729,28.0177],[85.5704,27.9946],[85.5832,27.9844],[85.5917,27.9583],[85.6161,27.9596],[85.6176,27.9523],[85.6112,27.9478],[85.615,27.943],[85.5878,27.9126],[85.5857,27.8966],[85.6136,27.8622],[85.6303,27.8532],[85.6477,27.8539],[85.6544,27.8472],[85.6714,27.8491],[85.6699,27.858],[85.6916,27.8671],[85.6938,27.8739],[85.7049,27.8786],[85.7067,27.9086],[85.7299,27.9346],[85.7305,27.9449],[85.7248,27.9549],[85.733,27.9623],[85.7202,27.9706],[85.7267,27.9703],[85.7393,27.9892],[85.7319,28.0021],[85.7331,28.0269],[85.7236,28.0368],[85.7256,28.0442],[85.709,28.0542],[85.7126,28.0579],[85.7045,28.0721],[85.708,28.0797],[85.7031,28.0886],[85.7169,28.1056],[85.7124,28.1068],[85.7109,28.1141],[85.7018,28.1172],[85.6926,28.1395],[85.6848,28.1442],[85.6859,28.1511],[85.6845,28.1567]]]}},{"type":"Feature","properties":{"province":3,"provinceName":"Bagmati","district":"Sindhupalchok","localLevel":"Sunkoshi","type":"rural_municipality"},"geometry":{"type":"Polygon","coordinates":[[[85.8631,27.7551],[85.8336,27.7555],[85.8076,27.7474],[85.7977,27.7348],[85.782,27.7339],[85.7807,27.7221],[85.7654,27.7092],[85.7655,27.7039],[85.7583,27.7021],[85.7341,27.6803],[85.7339,27.6747],[85.7481,27.6777],[85.7713,27.6675],[85.7943,27.6647],[85.8149,27.6688],[85.8216,27.6753],[85.8233,27.6866],[85.8408,27.6927],[85.8435,27.698],[85.8548,27.699],[85.8594,27.7133],[85.8571,27.7288],[85.8729,27.7428],[85.8631,27.7545],[85.8631,27.7551]]]}},{"type":"Feature","properties":{"province":3,"provinceName":"Bagmati","district":"Sindhupalchok","localLevel":"Tripurasundari","type":"rural_municipality"},"geometry":{"type":"Polygon","coordinates":[[[86.0279,27.7836],[86.0181,27.7873],[85.9975,27.7862],[85.9824,27.792],[85.9647,27.7807],[85.9326,27.7835],[85.9052,27.777],[85.8948,27.7788],[85.8825,27.7651],[85.8631,27.7545],[85.9031,27.7078],[85.9387,27.705],[85.9397,27.7108],[85.9633,27.7356],[85.9634,27.7419],[85.9796,27.7351],[86.007,27.745],[86.0304,27.7392],[86.0364,27.7564],[86.0221,27.7722],[86.0269,27.7819],[86.0279,27.7836]]]}},{"type":"Feature","properties":{"province":3,"provinceName":"Bagmati","district":"Kabhrepalanchok","localLevel":"Banepa","type":"municipality"},"geometry":{"type":"Polygon","coordinates":[[[85.5661,27.6881],[85.5535,27.6938],[85.5421,27.6836],[85.5236,27.6941],[85.5083,27.6925],[85.4946,27.6601],[85.4959,27.6525],[85.4836,27.6421],[85.4795,27.6448],[85.4628,27.6251],[85.4628,27.6177],[85.4662,27.619],[85.4655,27.6155],[85.4754,27.6096],[85.4832,27.6149],[85.49,27.6008],[85.5013,27.6042],[85.5064,27.612],[85.5163,27.6104],[85.5268,27.6212],[85.5337,27.6174],[85.544,27.6373],[85.5524,27.6384],[85.5524,27.6525],[85.5471,27.6496],[85.5469,27.6554],[85.5596,27.6653],[85.5661,27.6653],[85.5588,27.6742],[85.5444,27.6747],[85.5452,27.6775],[85.5597,27.6816],[85.5661,27.6879],[85.5661,27.6881]]]}},{"type":"Feature","properties":{"province":3,"provinceName":"Bagmati","district":"Kabhrepalanchok","localLevel":"Bethanchowk","type":"rural_municipality"},"geometry":{"type":"Polygon","coordinates":[[[85.5658,27.544],[85.556,27.5351],[85.5386,27.5285],[85.5307,27.5343],[85.5287,27.5484],[85.5182,27.5542],[85.5111,27.5668],[85.4822,27.5386],[85.4414,27.5357],[85.4451,27.5157],[85.4411,27.4892],[85.4457,27.4799],[85.4091,27.4469],[85.4121,27.4436],[85.4304,27.4442],[85.4534,27.4571],[85.4619,27.4556],[85.4797,27.4676],[85.4812,27.4774],[85.4923,27.4879],[85.5135,27.4776],[85.5376,27.4818],[85.5491,27.4783],[85.5612,27.5013],[85.5718,27.5059],[85.5783,27.5152],[85.5754,27.5289],[85.5829,27.5301],[85.5858,27.5243],[85.5889,27.5305],[85.5829,27.5387],[85.5796,27.5354],[85.5783,27.5392],[85.5714,27.5372],[85.5661,27.5438],[85.5658,27.544]]]}},{"type":"Feature","properties":{"province":3,"provinceName":"Bagmati","district":"Kabhrepalanchok","localLevel":"Bhumlu","type":"rural_municipality"},"geometry":{"type":"Polygon","coordinates":[[[85.696,27.6637],[85.6827,27.6593],[85.6752,27.6718],[85.6596,27.6801],[85.6556,27.6631],[85.6748,27.652],[85.6915,27.6488],[85.6869,27.6428],[85.6883,27.6326],[85.6928,27.6415],[85.6981,27.6311],[85.6905,27.6234],[85.7075,27.621],[85.7067,27.6149],[85.7142,27.6079],[85.7275,27.603],[85.7213,27.5938],[85.7334,27.5851],[85.7358,27.5733],[85.7568,27.5926],[85.7715,27.5925],[85.7736,27.5995],[85.7913,27.6021],[85.796,27.6194],[85.7903,27.6273],[85.807,27.6365],[85.8171,27.6355],[85.8211,27.6427],[85.8182,27.6478],[85.8242,27.6554],[85.8149,27.6688],[85.7943,27.6647],[85.7713,27.6675],[85.7481,27.6777],[85.7375,27.6765],[85.727,27.6621],[85.7226,27.661],[85.723,27.666],[85.7119,27.6546],[85.7076,27.6561],[85.7083,27.6414],[85.7086,27.652],[85.6963,27.6632],[85.696,27.6637]]]}},{"type":"Feature","properties":{"province":3,"provinceName":"Bagmati","district":"Kabhrepalanchok","localLevel":"Chaurideurali","type":"rural_municipality"},"geometry":{"type":"Polygon","coordinates":[[[85.8833,27.6143],[85.8776,27.6161],[85.8693,27.6288],[85.8595,27.6324],[85.8446,27.6258],[85.8211,27.6427],[85.8167,27.6352],[85.807,27.6365],[85.7903,27.6273],[85.796,27.6194],[85.7913,27.6021],[85.7736,27.5995],[85.7715,27.5925],[85.7561,27.5921],[85.7358,27.5733],[85.738,27.5627],[85.7672,27.5423],[85.7803,27.5444],[85.7851,27.5284],[85.7964,27.5179],[85.8001,27.5],[85.8074,27.511],[85.8116,27.5098],[85.8212,27.5176],[85.8182,27.5235],[85.8309,27.5464],[85.8256,27.5656],[85.829,27.5756],[85.8488,27.5788],[85.8488,27.5848],[85.8655,27.5946],[85.8765,27.6123],[85.8829,27.6144],[85.8833,27.6143]]]}},{"type":"Feature","properties":{"province":3,"provinceName":"Bagmati","district":"Kabhrepalanchok","localLevel":"Dhulikhel","type":"municipality"},"geometry":{"type":"Polygon","coordinates":[[[85.5597,27.6816],[85.5493,27.6805],[85.5441,27.6748],[85.557,27.6751],[85.5661,27.6653],[85.5596,27.6653],[85.5469,27.6554],[85.5471,27.6496],[85.5524,27.6525],[85.5523,27.6381],[85.544,27.6373],[85.5331,27.6171],[85.5345,27.6092],[85.5575,27.6058],[85.552,27.5983],[85.541,27.5981],[85.5519,27.5918],[85.558,27.577],[85.5681,27.5774],[85.5591,27.5576],[85.5615,27.5537],[85.5783,27.5676],[85.5783,27.575],[85.591,27.584],[85.6054,27.586],[85.6116,27.5963],[85.6213,27.5995],[85.63,27.6192],[85.6279,27.6223],[85.6169,27.6149],[85.598,27.6176],[85.5902,27.6306],[85.5936,27.6486],[85.5775,27.6584],[85.5725,27.6722],[85.5651,27.6759],[85.5697,27.6782],[85.5679,27.6811],[85.5593,27.6811],[85.5597,27.6816]]]}},{"type":"Feature","properties":{"province":3,"provinceName":"Bagmati","district":"Kabhrepalanchok","localLevel":"Khanikhola","type":"rural_municipality"},"geometry":{"type":"Polygon","coordinates":[[[85.5491,27.4783],[85.5376,27.4818],[85.5135,27.4776],[85.4886,27.4864],[85.4733,27.4625],[85.4619,27.4556],[85.4534,27.4571],[85.4339,27.4449],[85.4246,27.4464],[85.4141,27.4389],[85.4177,27.4348],[85.4128,27.4331],[85.4162,27.425],[85.412,27.416],[85.4195,27.4121],[85.4219,27.4024],[85.4347,27.41],[85.4349,27.4031],[85.4447,27.4022],[85.449,27.3968],[85.4508,27.3874],[85.4609,27.3948],[85.465,27.3856],[85.472,27.3882],[85.4759,27.3769],[85.4812,27.3759],[85.4749,27.3698],[85.4961,27.3761],[85.5055,27.3697],[85.5237,27.3692],[85.525,27.3761],[85.5419,27.3867],[85.5477,27.4035],[85.5569,27.4028],[85.5575,27.4065],[85.5496,27.4102],[85.5538,27.41],[85.5657,27.4244],[85.5779,27.4615],[85.558,27.4613],[85.5492,27.4781],[85.5491,27.4783]]]}},{"type":"Feature","properties":{"province":3,"provinceName":"Bagmati","district":"Kabhrepalanchok","localLevel":"Mahabharat","type":"rural_municipality"},"geometry":{"type":"Polygon","coordinates":[[[85.7181,27.4072],[85.6977,27.4256],[85.702,27.4378],[85.6918,27.4496],[85.6688,27.4455],[85.6524,27.4522],[85.6503,27.4405],[85.6432,27.4369],[85.6449,27.4453],[85.6407,27.4534],[85.6229,27.4558],[85.6194,27.4459],[85.5974,27.4369],[85.578,27.462],[85.5657,27.4244],[85.5538,27.41],[85.5496,27.4102],[85.5576,27.4064],[85.5566,27.4024],[85.5477,27.4035],[85.5419,27.3867],[85.525,27.3761],[85.5241,27.3694],[85.5055,27.3697],[85.5082,27.3641],[85.5125,27.3646],[85.506,27.357],[85.5223,27.3494],[85.5357,27.3564],[85.5526,27.3431],[85.5575,27.3456],[85.5613,27.3391],[85.5669,27.3445],[85.573,27.3402],[85.5804,27.3444],[85.6252,27.3446],[85.6375,27.3533],[85.6441,27.3495],[85.6416,27.346],[85.6457,27.3456],[85.644,27.3423],[85.6529,27.3333],[85.6814,27.3449],[85.6916,27.3368],[85.7064,27.3456],[85.7067,27.357],[85.6977,27.3636],[85.6986,27.3724],[85.7179,27.407],[85.7181,27.4072]]]}},{"type":"Feature","properties":{"province":3,"provinceName":"Bagmati","district":"Kabhrepalanchok","localLevel":"Mandandeupur","type":"municipality"},"geometry":{"type":"Polygon","coordinates":[[[85.6059,27.7485],[85.5979,27.7439],[85.5826,27.7496],[85.5697,27.7445],[85.5564,27.7489],[85.5523,27.7567],[85.5405,27.7545],[85.5275,27.7363],[85.5277,27.726],[85.5218,27.7183],[85.5249,27.6919],[85.5421,27.6836],[85.5535,27.6938],[85.5661,27.6881],[85.5768,27.7005],[85.5945,27.7043],[85.6248,27.6836],[85.6425,27.6647],[85.6556,27.6631],[85.6601,27.6801],[85.6752,27.6718],[85.6827,27.6593],[85.696,27.6637],[85.6906,27.6829],[85.6834,27.6856],[85.6819,27.7002],[85.657,27.7199],[85.6465,27.718],[85.6169,27.7322],[85.6062,27.7485],[85.6059,27.7485]]]}},{"type":"Feature","properties":{"province":3,"provinceName":"Bagmati","district":"Kabhrepalanchok","localLevel":"Namobuddha","type":"municipality"},"geometry":{"type":"Polygon","coordinates":[[[85.6986,27.583],[85.6718,27.5958],[85.6657,27.6034],[85.6445,27.5802],[85.642,27.5901],[85.6274,27.5887],[85.625,27.5973],[85.6179,27.5987],[85.6054,27.586],[85.591,27.584],[85.5783,27.575],[85.5783,27.5676],[85.5702,27.5642],[85.5581,27.5472],[85.5714,27.5372],[85.5783,27.5392],[85.5796,27.5354],[85.5829,27.5387],[85.6048,27.5139],[85.6146,27.509],[85.6285,27.5156],[85.6338,27.5111],[85.638,27.5146],[85.6719,27.5107],[85.6739,27.5155],[85.6589,27.5319],[85.671,27.5388],[85.703,27.5145],[85.7098,27.5147],[85.721,27.5395],[85.7148,27.5525],[85.7051,27.5577],[85.6942,27.5732],[85.6985,27.583],[85.6986,27.583]]]}},{"type":"Feature","properties":{"province":3,"provinceName":"Bagmati","district":"Kabhrepalanchok","localLevel":"Panauti","type":"municipality"},"geometry":{"type":"Polygon","coordinates":[[[85.4628,27.6251],[85.4563,27.6369],[85.4385,27.623],[85.4304,27.6244],[85.4227,27.6199],[85.4379,27.608],[85.4355,27.6002],[85.4282,27.6017],[85.4311,27.5969],[85.4277,27.5932],[85.4182,27.5973],[85.4193,27.6063],[85.4048,27.6018],[85.4081,27.587],[85.404,27.5732],[85.3892,27.5628],[85.4012,27.5541],[85.4056,27.5451],[85.4181,27.548],[85.4271,27.5403],[85.4392,27.5413],[85.4436,27.5342],[85.4797,27.5378],[85.5111,27.5668],[85.5182,27.5542],[85.5287,27.5484],[85.5307,27.5343],[85.5386,27.5285],[85.556,27.5351],[85.5658,27.544],[85.5581,27.5472],[85.5681,27.5774],[85.558,27.577],[85.5519,27.5918],[85.541,27.5981],[85.552,27.5983],[85.5575,27.6058],[85.5345,27.6092],[85.5333,27.6174],[85.5268,27.6212],[85.5163,27.6104],[85.5064,27.612],[85.5013,27.6042],[85.4897,27.6008],[85.4832,27.6149],[85.4723,27.6105],[85.4662,27.619],[85.4628,27.6177],[85.4628,27.625],[85.4628,27.6251]]]}},{"type":"Feature","properties":{"province":3,"provinceName":"Bagmati","district":"Kabhrepalanchok","localLevel":"Panchkhal","type":"municipality"},"geometry":{"type":"Polygon","coordinates":[[[85.6556,27.6631],[85.6423,27.6648],[85.6248,27.6836],[85.5945,27.7043],[85.574,27.6989],[85.5593,27.6806],[85.5679,27.6811],[85.5697,27.6782],[85.5651,27.6759],[85.5725,27.6722],[85.5775,27.6584],[85.5936,27.6486],[85.5902,27.6306],[85.5968,27.6187],[85.6169,27.6149],[85.6279,27.6223],[85.6282,27.6106],[85.6228,27.608],[85.6213,27.5995],[85.6266,27.589],[85.642,27.5901],[85.6441,27.5802],[85.6657,27.6034],[85.6718,27.5958],[85.7026,27.5807],[85.7072,27.5844],[85.7267,27.5788],[85.7335,27.5844],[85.7213,27.5938],[85.7275,27.603],[85.7142,27.6079],[85.7067,27.6149],[85.7075,27.621],[85.6905,27.6234],[85.6981,27.6311],[85.6928,27.6415],[85.6883,27.6326],[85.6869,27.6428],[85.6915,27.6488],[85.6748,27.652],[85.656,27.663],[85.6556,27.6631]]]}},{"type":"Feature","properties":{"province":3,"provinceName":"Bagmati","district":"Kabhrepalanchok","localLevel":"Roshi","type":"rural_municipality"},"geometry":{"type":"Polygon","coordinates":[[[85.7115,27.5152],[85.703,27.5145],[85.6718,27.5389],[85.6589,27.5319],[85.6739,27.5155],[85.6716,27.5106],[85.638,27.5146],[85.6338,27.5111],[85.6285,27.5156],[85.6146,27.509],[85.6048,27.5139],[85.5923,27.5304],[85.5858,27.5243],[85.5829,27.5301],[85.5757,27.529],[85.5783,27.5152],[85.5718,27.5059],[85.5612,27.5013],[85.5491,27.4783],[85.558,27.4613],[85.5778,27.4622],[85.5974,27.4369],[85.6194,27.4459],[85.6229,27.4558],[85.6407,27.4534],[85.6449,27.4453],[85.6432,27.4369],[85.6503,27.4405],[85.6524,27.4522],[85.6688,27.4455],[85.6918,27.4496],[85.702,27.4378],[85.6977,27.4256],[85.7181,27.4072],[85.7303,27.4116],[85.7758,27.3979],[85.7933,27.4431],[85.7859,27.444],[85.7846,27.4514],[85.7783,27.4497],[85.761,27.46],[85.7583,27.4693],[85.7399,27.4801],[85.7329,27.4949],[85.7258,27.4982],[85.7206,27.4952],[85.7121,27.5152],[85.7115,27.5152]]]}},{"type":"Feature","properties":{"province":3,"provinceName":"Bagmati","district":"Kabhrepalanchok","localLevel":"Temal","type":"rural_municipality"},"geometry":{"type":"Polygon","coordinates":[[[85.7358,27.5733],[85.7335,27.5844],[85.7267,27.5788],[85.6986,27.583],[85.6936,27.5743],[85.7206,27.5416],[85.7114,27.5166],[85.7158,27.5131],[85.7173,27.4989],[85.7214,27.4947],[85.7258,27.4982],[85.7329,27.4949],[85.7399,27.4801],[85.7578,27.4699],[85.7605,27.4605],[85.7708,27.453],[85.7846,27.4514],[85.7862,27.4437],[85.8061,27.4387],[85.8238,27.4507],[85.8116,27.4549],[85.8117,27.462],[85.817,27.4637],[85.8165,27.4729],[85.7991,27.5014],[85.7964,27.5179],[85.7851,27.5284],[85.7795,27.5451],[85.7682,27.542],[85.7411,27.5582],[85.736,27.5727],[85.7358,27.5733]]]}},{"type":"Feature","properties":{"province":3,"provinceName":"Bagmati","district":"Lalitpur","localLevel":"Bagmati","type":"rural_municipality"},"geometry":{"type":"Polygon","coordinates":[[[85.3102,27.5389],[85.2848,27.5362],[85.2793,27.528],[85.2755,27.5305],[85.2802,27.5362],[85.2772,27.5406],[85.2827,27.5481],[85.2727,27.5584],[85.2582,27.5622],[85.2338,27.5369],[85.2534,27.5279],[85.2527,27.5212],[85.243,27.5174],[85.2437,27.5123],[85.2362,27.5047],[85.25,27.4963],[85.2466,27.4866],[85.2497,27.4763],[85.2594,27.4684],[85.2605,27.4586],[85.2704,27.4528],[85.2954,27.4523],[85.3041,27.4461],[85.3133,27.4458],[85.3181,27.4358],[85.3311,27.438],[85.3376,27.4318],[85.3596,27.4285],[85.3911,27.4079],[85.4035,27.4279],[85.3985,27.4332],[85.3821,27.4342],[85.3781,27.4406],[85.3756,27.452],[85.3847,27.4719],[85.3633,27.4755],[85.3468,27.4717],[85.3403,27.4866],[85.3428,27.499],[85.3378,27.5009],[85.3133,27.4929],[85.3078,27.5],[85.3118,27.5038],[85.3094,27.508],[85.3196,27.52],[85.3102,27.5387],[85.3102,27.5389]]]}},{"type":"Feature","properties":{"province":3,"provinceName":"Bagmati","district":"Lalitpur","localLevel":"Godawari","type":"municipality"},"geometry":{"type":"Polygon","coordinates":[[[85.4154,27.6069],[85.3851,27.6226],[85.3662,27.6221],[85.3609,27.6339],[85.3394,27.6296],[85.3451,27.6259],[85.3339,27.6188],[85.3281,27.6205],[85.3276,27.6271],[85.314,27.6256],[85.314,27.6164],[85.3045,27.615],[85.3026,27.6064],[85.298,27.6088],[85.294,27.5971],[85.2872,27.593],[85.2822,27.5952],[85.2816,27.5884],[85.2871,27.5853],[85.2795,27.5827],[85.2689,27.5704],[85.2568,27.5695],[85.2532,27.561],[85.2667,27.5612],[85.2827,27.5481],[85.2772,27.5406],[85.2802,27.5362],[85.2755,27.5305],[85.2793,27.528],[85.2861,27.5366],[85.3253,27.5374],[85.3278,27.5416],[85.3207,27.5525],[85.3238,27.5553],[85.3433,27.5586],[85.3686,27.5539],[85.3816,27.5632],[85.3965,27.5665],[85.4036,27.5725],[85.4079,27.5861],[85.4048,27.6018],[85.4138,27.6029],[85.4153,27.6067],[85.4154,27.6069]]]}},{"type":"Feature","properties":{"province":3,"provinceName":"Bagmati","district":"Lalitpur","localLevel":"Konjyosom","type":"rural_municipality"},"geometry":{"type":"Polygon","coordinates":[[[85.3892,27.5628],[85.3816,27.5632],[85.3686,27.5539],[85.3425,27.5586],[85.3214,27.5535],[85.3277,27.5383],[85.3102,27.5389],[85.3196,27.52],[85.3094,27.508],[85.3118,27.5038],[85.3078,27.5],[85.3133,27.4929],[85.3421,27.4995],[85.3403,27.4866],[85.345,27.4766],[85.3592,27.5184],[85.3742,27.5196],[85.3748,27.515],[85.3777,27.5297],[85.4021,27.5308],[85.4059,27.5449],[85.4012,27.5541],[85.3896,27.5619],[85.3892,27.5628]]]}},{"type":"Feature","properties":{"province":3,"provinceName":"Bagmati","district":"Lalitpur","localLevel":"Lalitpur","type":"metropolitan_city"},"geometry":{"type":"Polygon","coordinates":[[[85.3459,27.6715],[85.3288,27.6859],[85.3053,27.6917],[85.3011,27.6776],[85.2939,27.6726],[85.2998,27.6678],[85.2992,27.6605],[85.2896,27.6503],[85.2896,27.6444],[85.2846,27.6436],[85.2953,27.6337],[85.2959,27.6124],[85.2924,27.6116],[85.2966,27.6061],[85.3028,27.6065],[85.3045,27.615],[85.314,27.6164],[85.314,27.6256],[85.3276,27.6271],[85.3281,27.6205],[85.3339,27.6188],[85.3451,27.6259],[85.3394,27.6296],[85.3549,27.6319],[85.3541,27.644],[85.3385,27.6476],[85.3371,27.6525],[85.3366,27.6673],[85.3459,27.6713],[85.3459,27.6715]]]}},{"type":"Feature","properties":{"province":3,"provinceName":"Bagmati","district":"Lalitpur","localLevel":"Mahalaxmi","type":"municipality"},"geometry":{"type":"Polygon","coordinates":[[[85.3459,27.6715],[85.3361,27.666],[85.3385,27.6476],[85.3541,27.644],[85.3544,27.6325],[85.3615,27.6335],[85.3655,27.6227],[85.3851,27.6226],[85.3982,27.6128],[85.4193,27.6063],[85.4173,27.5992],[85.4235,27.5926],[85.4311,27.5966],[85.4292,27.6028],[85.4356,27.6003],[85.4379,27.608],[85.432,27.6152],[85.4234,27.6167],[85.4064,27.6323],[85.3987,27.6327],[85.3869,27.6487],[85.3731,27.6534],[85.3713,27.6607],[85.3631,27.6611],[85.3633,27.6689],[85.3475,27.6706],[85.3459,27.6715]]]}},{"type":"Feature","properties":{"province":3,"provinceName":"Bagmati","district":"Lalitpur","localLevel":"Mahankal","type":"rural_municipality"},"geometry":{"type":"Polygon","coordinates":[[[85.4414,27.5357],[85.4392,27.5413],[85.4271,27.5403],[85.4181,27.548],[85.4059,27.5449],[85.4019,27.5307],[85.375,27.5272],[85.3756,27.5153],[85.3742,27.5196],[85.3595,27.5186],[85.3504,27.4992],[85.3468,27.4717],[85.3633,27.4755],[85.3847,27.4719],[85.3761,27.4538],[85.3769,27.4434],[85.3821,27.4342],[85.4027,27.4296],[85.3998,27.4168],[85.3918,27.4084],[85.397,27.4109],[85.4008,27.404],[85.4209,27.408],[85.4117,27.4171],[85.4162,27.425],[85.4128,27.4331],[85.4177,27.4348],[85.4135,27.4383],[85.4204,27.4443],[85.409,27.4472],[85.4457,27.4799],[85.4411,27.4892],[85.4451,27.5157],[85.4418,27.5346],[85.4414,27.5357]]]}},{"type":"Feature","properties":{"province":3,"provinceName":"Bagmati","district":"Bhaktapur","localLevel":"Bhaktapur","type":"municipality"},"geometry":{"type":"Polygon","coordinates":[[[85.4445,27.6644],[85.4512,27.6748],[85.447,27.6768],[85.4504,27.6913],[85.4402,27.6883],[85.4373,27.6795],[85.4144,27.6795],[85.4023,27.6739],[85.4201,27.6664],[85.4445,27.6641],[85.4445,27.6644]]]}},{"type":"Feature","properties":{"province":3,"provinceName":"Bagmati","district":"Bhaktapur","localLevel":"Changunarayan","type":"municipality"},"geometry":{"type":"Polygon","coordinates":[[[85.5274,27.7254],[85.5145,27.7276],[85.4773,27.7155],[85.4389,27.7275],[85.4126,27.7171],[85.4142,27.7117],[85.3984,27.7016],[85.4077,27.6778],[85.4373,27.6795],[85.4402,27.6883],[85.4504,27.6913],[85.447,27.6768],[85.4512,27.6748],[85.4445,27.6644],[85.4878,27.6558],[85.4969,27.6622],[85.508,27.6922],[85.5236,27.6941],[85.5218,27.7183],[85.5274,27.7252],[85.5274,27.7254]]]}},{"type":"Feature","properties":{"province":3,"provinceName":"Bagmati","district":"Bhaktapur","localLevel":"Madhyapur Thimi","type":"municipality"},"geometry":{"type":"Polygon","coordinates":[[[85.3984,27.7016],[85.3916,27.7022],[85.3871,27.6924],[85.3778,27.6943],[85.3781,27.6908],[85.3739,27.6922],[85.3595,27.6825],[85.3543,27.6677],[85.3674,27.6728],[85.3954,27.67],[85.4077,27.6778],[85.3986,27.7018],[85.3984,27.7016]]]}},{"type":"Feature","properties":{"province":3,"provinceName":"Bagmati","district":"Bhaktapur","localLevel":"Suryabinayak","type":"municipality"},"geometry":{"type":"Polygon","coordinates":[[[85.4445,27.6644],[85.4214,27.6661],[85.4023,27.6739],[85.3814,27.669],[85.3674,27.6728],[85.363,27.6612],[85.3715,27.6606],[85.3731,27.6534],[85.3868,27.6488],[85.3987,27.6327],[85.4064,27.6323],[85.4213,27.6197],[85.4304,27.6244],[85.4385,27.623],[85.4563,27.6369],[85.4656,27.6253],[85.4795,27.6448],[85.4836,27.6421],[85.4959,27.6525],[85.4935,27.6582],[85.485,27.6562],[85.445,27.6645],[85.4445,27.6644]]]}},{"type":"Feature","properties":{"province":3,"provinceName":"Bagmati","district":"Kathmandu","localLevel":"Budhanilakantha","type":"municipality"},"geometry":{"type":"Polygon","coordinates":[[[85.3764,27.8095],[85.364,27.8138],[85.3494,27.8086],[85.3504,27.7974],[85.3426,27.7895],[85.3453,27.7721],[85.3356,27.7568],[85.3417,27.7546],[85.3399,27.7473],[85.3478,27.7498],[85.3481,27.7219],[85.3822,27.7414],[85.3795,27.7471],[85.3846,27.7603],[85.3847,27.7815],[85.391,27.7867],[85.3879,27.812],[85.3777,27.8099],[85.3764,27.8095]]]}},{"type":"Feature","properties":{"province":3,"provinceName":"Bagmati","district":"Kathmandu","localLevel":"Chandragiri","type":"municipality"},"geometry":{"type":"Polygon","coordinates":[[[85.28,27.6915],[85.2685,27.7026],[85.2414,27.7112],[85.2331,27.7209],[85.2279,27.718],[85.2226,27.7266],[85.2184,27.7214],[85.2095,27.7225],[85.2085,27.7185],[85.1994,27.7161],[85.2023,27.7078],[85.1986,27.7089],[85.1909,27.6807],[85.2239,27.6541],[85.251,27.6452],[85.2579,27.6768],[85.2682,27.6786],[85.2796,27.6914],[85.28,27.6915]]]}},{"type":"Feature","properties":{"province":3,"provinceName":"Bagmati","district":"Kathmandu","localLevel":"Dakshinkali","type":"municipality"},"geometry":{"type":"Polygon","coordinates":[[[85.2848,27.6444],[85.2695,27.6574],[85.257,27.6461],[85.237,27.6498],[85.2298,27.6423],[85.2241,27.6286],[85.2381,27.6193],[85.2397,27.6015],[85.2452,27.5944],[85.241,27.584],[85.2449,27.5779],[85.2617,27.5772],[85.2682,27.5702],[85.2874,27.5857],[85.2816,27.5884],[85.2822,27.5952],[85.2872,27.593],[85.2941,27.5972],[85.2969,27.6049],[85.2924,27.6119],[85.2959,27.6122],[85.2974,27.6265],[85.2847,27.644],[85.2848,27.6444]]]}},{"type":"Feature","properties":{"province":3,"provinceName":"Bagmati","district":"Kathmandu","localLevel":"Gokarneshwor","type":"municipality"},"geometry":{"type":"Polygon","coordinates":[[[85.4738,27.7789],[85.4702,27.7966],[85.4552,27.8091],[85.4518,27.8171],[85.423,27.8093],[85.394,27.817],[85.3901,27.8146],[85.391,27.7867],[85.3847,27.7815],[85.3846,27.7603],[85.3795,27.7471],[85.3822,27.7414],[85.3726,27.735],[85.3742,27.7217],[85.3667,27.7201],[85.3676,27.7118],[85.4002,27.7213],[85.4039,27.7287],[85.4,27.7338],[85.4059,27.7335],[85.4258,27.7477],[85.4337,27.7685],[85.4443,27.7676],[85.4568,27.7754],[85.4737,27.7789],[85.4738,27.7789]]]}},{"type":"Feature","properties":{"province":3,"provinceName":"Bagmati","district":"Kathmandu","localLevel":"Kageshwori Manahora","type":"municipality"},"geometry":{"type":"Polygon","coordinates":[[[85.4651,27.7749],[85.4568,27.7754],[85.4443,27.7676],[85.4337,27.7685],[85.4258,27.7477],[85.4059,27.7335],[85.4,27.7338],[85.4039,27.7287],[85.4002,27.7213],[85.3882,27.7161],[85.3784,27.7177],[85.3698,27.7107],[85.3712,27.7053],[85.3668,27.701],[85.3723,27.6889],[85.3782,27.6945],[85.3871,27.6924],[85.3909,27.7018],[85.3979,27.7008],[85.414,27.7115],[85.4125,27.717],[85.4294,27.7237],[85.4331,27.7352],[85.4407,27.7367],[85.4501,27.7493],[85.4687,27.7538],[85.4718,27.7648],[85.4652,27.7749],[85.4651,27.7749]]]}},{"type":"Feature","properties":{"province":3,"provinceName":"Bagmati","district":"Kathmandu","localLevel":"Kathmandu","type":"metropolitan_city"},"geometry":{"type":"Polygon","coordinates":[[[85.3726,27.735],[85.3481,27.7219],[85.3478,27.7498],[85.3219,27.7348],[85.3096,27.7349],[85.3117,27.7397],[85.3024,27.7411],[85.3021,27.7317],[85.2971,27.7395],[85.2918,27.7392],[85.2964,27.7232],[85.2861,27.7174],[85.2839,27.6992],[85.2795,27.6962],[85.2871,27.6882],[85.283,27.6838],[85.2867,27.6858],[85.3016,27.679],[85.3048,27.6911],[85.3097,27.6933],[85.3288,27.6859],[85.3543,27.6677],[85.3593,27.6824],[85.3726,27.6895],[85.367,27.6998],[85.3712,27.7056],[85.3667,27.7198],[85.3742,27.7217],[85.3726,27.7348],[85.3726,27.735]]]}},{"type":"Feature","properties":{"province":3,"provinceName":"Bagmati","district":"Kathmandu","localLevel":"Kirtipur","type":"municipality"},"geometry":{"type":"Polygon","coordinates":[[[85.2858,27.6897],[85.2791,27.6912],[85.2682,27.6786],[85.2579,27.6768],[85.2564,27.6609],[85.2508,27.6544],[85.2528,27.6455],[85.2696,27.6574],[85.2896,27.6444],[85.2896,27.6503],[85.2993,27.6609],[85.2998,27.6678],[85.2939,27.6726],[85.3016,27.679],[85.2867,27.6858],[85.2831,27.6837],[85.286,27.6896],[85.2858,27.6897]]]}},{"type":"Feature","properties":{"province":3,"provinceName":"Bagmati","district":"Kathmandu","localLevel":"Nagarjun","type":"municipality"},"geometry":{"type":"Polygon","coordinates":[[[85.3023,27.7397],[85.2725,27.7581],[85.2692,27.7453],[85.2572,27.7447],[85.2533,27.7487],[85.223,27.7355],[85.2157,27.7364],[85.2224,27.7318],[85.2276,27.7182],[85.2331,27.7209],[85.2414,27.7112],[85.2666,27.7036],[85.2766,27.6918],[85.2855,27.6896],[85.2795,27.6962],[85.2839,27.6992],[85.2861,27.7174],[85.2964,27.7232],[85.2899,27.7374],[85.2968,27.7396],[85.3023,27.7317],[85.3025,27.7394],[85.3023,27.7397]]]}},{"type":"Feature","properties":{"province":3,"provinceName":"Bagmati","district":"Kathmandu","localLevel":"Shankharapur","type":"municipality"},"geometry":{"type":"Polygon","coordinates":[[[85.5523,27.7567],[85.5664,27.7547],[85.5679,27.7643],[85.5535,27.7808],[85.5358,27.7917],[85.5,27.7862],[85.4907,27.7795],[85.4651,27.7749],[85.4718,27.7648],[85.4692,27.7542],[85.45,27.7493],[85.4407,27.7367],[85.4331,27.7352],[85.4304,27.7251],[85.4416,27.7278],[85.4773,27.7155],[85.5145,27.7276],[85.5274,27.7254],[85.5275,27.7363],[85.5405,27.7545],[85.552,27.7565],[85.5523,27.7567]]]}},{"type":"Feature","properties":{"province":3,"provinceName":"Bagmati","district":"Kathmandu","localLevel":"Tarakeshwor","type":"municipality"},"geometry":{"type":"Polygon","coordinates":[[[85.3307,27.8146],[85.2978,27.811],[85.2706,27.7819],[85.2587,27.78],[85.2537,27.7741],[85.2653,27.7706],[85.2768,27.7547],[85.3023,27.7397],[85.3126,27.7387],[85.3202,27.7534],[85.318,27.7695],[85.325,27.7736],[85.331,27.7867],[85.3237,27.7888],[85.3306,27.8142],[85.3307,27.8146]]]}},{"type":"Feature","properties":{"province":3,"provinceName":"Bagmati","district":"Kathmandu","localLevel":"Tokha","type":"municipality"},"geometry":{"type":"Polygon","coordinates":[[[85.3366,27.8144],[85.3307,27.8146],[85.328,27.8095],[85.3237,27.7888],[85.331,27.7867],[85.325,27.7736],[85.318,27.7695],[85.3194,27.7493],[85.3096,27.7349],[85.3243,27.7357],[85.3359,27.7418],[85.3423,27.7516],[85.3356,27.7568],[85.3453,27.7721],[85.3426,27.7895],[85.3523,27.8054],[85.3373,27.814],[85.3366,27.8144]]]}},{"type":"Feature","properties":{"province":3,"provinceName":"Bagmati","district":"Nuwakot","localLevel":"Belkotgadhi","type":"municipality"},"geometry":{"type":"Polygon","coordinates":[[[85.2057,27.878],[85.1965,27.8846],[85.1761,27.8849],[85.1708,27.8908],[85.1597,27.8875],[85.1541,27.8762],[85.1458,27.8737],[85.1474,27.866],[85.1419,27.866],[85.1359,27.8589],[85.0939,27.8601],[85.0749,27.8526],[85.0636,27.86],[85.0536,27.8539],[85.0343,27.8541],[85.0217,27.8433],[85.0254,27.8335],[85.0191,27.8268],[85.0145,27.8095],[85.0437,27.817],[85.0439,27.8121],[85.0507,27.81],[85.0488,27.8014],[85.0548,27.7971],[85.0901,27.7876],[85.1081,27.7741],[85.1172,27.7742],[85.1177,27.7687],[85.1268,27.7605],[85.1418,27.7656],[85.1659,27.7659],[85.1811,27.7764],[85.1839,27.8076],[85.2024,27.8184],[85.1998,27.853],[85.2071,27.8691],[85.2057,27.8778],[85.2057,27.878]]]}},{"type":"Feature","properties":{"province":3,"provinceName":"Bagmati","district":"Nuwakot","localLevel":"Bidur","type":"municipality"},"geometry":{"type":"Polygon","coordinates":[[[85.1825,27.9817],[85.1632,27.9854],[85.1532,27.9792],[85.1294,27.978],[85.1212,27.9859],[85.1162,27.981],[85.1174,27.9747],[85.1282,27.9666],[85.1276,27.9608],[85.1167,27.9639],[85.109,27.9544],[85.101,27.9587],[85.0965,27.9531],[85.0771,27.9678],[85.0672,27.9654],[85.0753,27.9568],[85.0766,27.9424],[85.0641,27.9294],[85.0926,27.919],[85.0993,27.9107],[85.0978,27.8937],[85.0701,27.8689],[85.0669,27.8576],[85.0752,27.8526],[85.0939,27.8601],[85.1359,27.8589],[85.1419,27.866],[85.1474,27.866],[85.1458,27.8737],[85.1541,27.8762],[85.1601,27.8879],[85.1776,27.8945],[85.1816,27.8998],[85.174,27.9095],[85.1761,27.9194],[85.1875,27.9316],[85.2034,27.9321],[85.2081,27.9368],[85.2037,27.9414],[85.2062,27.9451],[85.2244,27.9517],[85.2179,27.9609],[85.2279,27.9628],[85.2311,27.9742],[85.1916,27.9761],[85.1865,27.9727],[85.1825,27.9814],[85.1825,27.9817]]]}},{"type":"Feature","properties":{"province":3,"provinceName":"Bagmati","district":"Nuwakot","localLevel":"Dupcheshwar","type":"rural_municipality"},"geometry":{"type":"Polygon","coordinates":[[[85.4692,28.004],[85.4699,28.0088],[85.4629,28.0161],[85.4448,28.0184],[85.4407,28.0082],[85.4464,27.9997],[85.4317,27.9829],[85.3748,27.9919],[85.3698,27.9619],[85.3768,27.9309],[85.3725,27.9289],[85.3717,27.9212],[85.3655,27.919],[85.3766,27.8981],[85.3772,27.8869],[85.3859,27.8906],[85.4023,27.8818],[85.4172,27.8826],[85.4289,27.8765],[85.4375,27.8825],[85.4606,27.8781],[85.4766,27.8828],[85.4896,27.9247],[85.4808,27.9592],[85.4837,27.9666],[85.4806,27.9648],[85.456,27.9936],[85.4583,28.0049],[85.4683,28.0038],[85.4692,28.004]]]}},{"type":"Feature","properties":{"province":3,"provinceName":"Bagmati","district":"Nuwakot","localLevel":"Kakani","type":"rural_municipality"},"geometry":{"type":"Polygon","coordinates":[[[85.281,27.8472],[85.2694,27.8402],[85.2666,27.8584],[85.2566,27.8661],[85.2475,27.8654],[85.2328,27.8754],[85.2057,27.878],[85.2071,27.8691],[85.1998,27.853],[85.2024,27.8184],[85.1839,27.8076],[85.1811,27.7764],[85.1662,27.766],[85.1786,27.7672],[85.1809,27.7719],[85.1925,27.7692],[85.1945,27.7729],[85.2001,27.7686],[85.2045,27.7733],[85.2067,27.7688],[85.2084,27.7736],[85.2103,27.7706],[85.2178,27.7754],[85.2491,27.7723],[85.2587,27.78],[85.2695,27.781],[85.281,27.7932],[85.2758,27.801],[85.2834,27.8116],[85.2759,27.8154],[85.2809,27.82],[85.2922,27.8198],[85.2813,27.847],[85.281,27.8472]]]}},{"type":"Feature","properties":{"province":3,"provinceName":"Bagmati","district":"Nuwakot","localLevel":"Kispang","type":"rural_municipality"},"geometry":{"type":"Polygon","coordinates":[[[85.1825,27.9817],[85.1884,27.9967],[85.186,28.0094],[85.1894,28.0189],[85.146,28.0273],[85.1353,28.0379],[85.1401,28.0488],[85.1721,28.0832],[85.1568,28.0882],[85.1374,28.0839],[85.1247,28.091],[85.1171,28.0766],[85.0829,28.0668],[85.0751,28.0374],[85.0632,28.0218],[85.0619,28.0061],[85.072,28.0127],[85.1,28.0127],[85.1255,27.9926],[85.1212,27.9859],[85.1294,27.978],[85.1532,27.9792],[85.1632,27.9854],[85.1824,27.9818],[85.1825,27.9817]]]}},{"type":"Feature","properties":{"province":3,"provinceName":"Bagmati","district":"Nuwakot","localLevel":"Likhu","type":"rural_municipality"},"geometry":{"type":"Polygon","coordinates":[[[85.2034,27.9321],[85.1875,27.9316],[85.1761,27.9194],[85.174,27.9095],[85.1816,27.8998],[85.1711,27.8901],[85.1789,27.884],[85.1965,27.8846],[85.2087,27.8757],[85.2326,27.8754],[85.2475,27.8654],[85.2566,27.8661],[85.2666,27.8584],[85.269,27.8405],[85.2782,27.8429],[85.2879,27.8677],[85.2646,27.8829],[85.2645,27.9019],[85.2711,27.9032],[85.2653,27.9089],[85.2329,27.9055],[85.2304,27.9145],[85.2135,27.9089],[85.2174,27.9215],[85.2037,27.9319],[85.2034,27.9321]]]}},{"type":"Feature","properties":{"province":3,"provinceName":"Bagmati","district":"Nuwakot","localLevel":"Myagang","type":"rural_municipality"},"geometry":{"type":"Polygon","coordinates":[[[85.0829,28.0668],[85.0645,28.0667],[85.0569,28.0502],[85.035,28.0317],[85.0149,28.026],[84.9978,28.0248],[84.9915,28.0285],[84.9927,28.0156],[85.0054,28],[85.0318,27.9954],[85.0337,27.9909],[85.0308,27.9714],[85.0218,27.9681],[85.0101,27.9505],[85.0158,27.952],[85.0187,27.9483],[85.0109,27.9356],[85.0117,27.9244],[85.054,27.9322],[85.0641,27.9294],[85.0707,27.934],[85.0766,27.9424],[85.0753,27.9568],[85.0672,27.9654],[85.0712,27.9681],[85.0884,27.962],[85.0966,27.9531],[85.101,27.9587],[85.1106,27.9548],[85.1168,27.9639],[85.1276,27.9608],[85.1282,27.9666],[85.1176,27.9744],[85.1162,27.9805],[85.1262,27.9917],[85.1107,28.0074],[85.0843,28.0135],[85.0608,28.0077],[85.0643,28.0245],[85.0751,28.0374],[85.083,28.0662],[85.0829,28.0668]]]}},{"type":"Feature","properties":{"province":3,"provinceName":"Bagmati","district":"Nuwakot","localLevel":"Panchakanya","type":"rural_municipality"},"geometry":{"type":"Polygon","coordinates":[[[85.3658,27.9212],[85.3334,27.9233],[85.309,27.9143],[85.3046,27.9181],[85.2992,27.9123],[85.2987,27.9172],[85.2745,27.9156],[85.2653,27.9089],[85.2711,27.9032],[85.2645,27.9019],[85.2632,27.886],[85.2753,27.8734],[85.2969,27.8628],[85.3111,27.8645],[85.3175,27.8588],[85.3412,27.8604],[85.3381,27.8693],[85.3427,27.8916],[85.3772,27.8869],[85.3766,27.8981],[85.3668,27.9112],[85.3657,27.921],[85.3658,27.9212]]]}},{"type":"Feature","properties":{"province":3,"provinceName":"Bagmati","district":"Nuwakot","localLevel":"Shivapuri","type":"rural_municipality"},"geometry":{"type":"Polygon","coordinates":[[[85.3772,27.8869],[85.3427,27.8916],[85.3381,27.8693],[85.3412,27.8604],[85.3175,27.8588],[85.3111,27.8645],[85.2996,27.8621],[85.2879,27.8677],[85.281,27.8472],[85.2876,27.8376],[85.2887,27.8233],[85.2922,27.8198],[85.3078,27.8209],[85.3111,27.8164],[85.3254,27.8159],[85.3302,27.8202],[85.3366,27.8164],[85.3556,27.8244],[85.3558,27.8356],[85.3705,27.8353],[85.3763,27.8323],[85.3782,27.825],[85.3837,27.8252],[85.3851,27.8354],[85.398,27.8373],[85.4034,27.825],[85.4111,27.8206],[85.4155,27.8244],[85.4149,27.8184],[85.421,27.816],[85.4376,27.8281],[85.4491,27.8231],[85.457,27.8458],[85.4535,27.8502],[85.4725,27.869],[85.4707,27.8815],[85.4606,27.8781],[85.4375,27.8825],[85.4289,27.8765],[85.4172,27.8826],[85.4023,27.8818],[85.3859,27.8906],[85.3777,27.887],[85.3772,27.8869]]]}},{"type":"Feature","properties":{"province":3,"provinceName":"Bagmati","district":"Nuwakot","localLevel":"Suryagadhi","type":"rural_municipality"},"geometry":{"type":"Polygon","coordinates":[[[85.274,27.9154],[85.2703,27.9316],[85.2756,27.937],[85.2655,27.9358],[85.2672,27.9519],[85.2808,27.9556],[85.2853,27.9492],[85.3087,27.95],[85.3116,27.9875],[85.2922,27.9829],[85.2786,27.9649],[85.2577,27.9744],[85.2547,27.9711],[85.2311,27.9742],[85.2279,27.9628],[85.2179,27.9609],[85.2244,27.9517],[85.2039,27.942],[85.2081,27.9368],[85.2034,27.9321],[85.2174,27.9215],[85.2135,27.9089],[85.2304,27.9145],[85.2329,27.9055],[85.2375,27.905],[85.265,27.9088],[85.2738,27.9153],[85.274,27.9154]]]}},{"type":"Feature","properties":{"province":3,"provinceName":"Bagmati","district":"Nuwakot","localLevel":"Tadi","type":"rural_municipality"},"geometry":{"type":"Polygon","coordinates":[[[85.3724,28.0098],[85.3715,28.0186],[85.3469,28.0112],[85.3326,27.9887],[85.3116,27.9875],[85.3082,27.9496],[85.2849,27.9492],[85.2808,27.9556],[85.2674,27.9521],[85.2655,27.9358],[85.2756,27.937],[85.2703,27.9316],[85.274,27.9154],[85.2987,27.9172],[85.2992,27.9123],[85.3046,27.9181],[85.309,27.9143],[85.3334,27.9233],[85.3717,27.9212],[85.3725,27.9289],[85.3768,27.9309],[85.3698,27.9619],[85.3749,27.9853],[85.3724,28.0093],[85.3724,28.0098]]]}},{"type":"Feature","properties":{"province":3,"provinceName":"Bagmati","district":"Nuwakot","localLevel":"Tarkeshwar","type":"rural_municipality"},"geometry":{"type":"Polygon","coordinates":[[[85.0641,27.9294],[85.054,27.9322],[85.0117,27.9244],[85,27.8992],[84.9946,27.8958],[84.9911,27.8852],[84.9971,27.8749],[84.9912,27.8582],[85.0087,27.8503],[85.0081,27.8418],[85.0163,27.8322],[85.0251,27.8328],[85.0217,27.8433],[85.034,27.854],[85.0536,27.8539],[85.0698,27.86],[85.0701,27.8689],[85.0978,27.8937],[85.0977,27.9141],[85.0643,27.9293],[85.0641,27.9294]]]}},{"type":"Feature","properties":{"province":3,"provinceName":"Bagmati","district":"Rasuwa","localLevel":"Gosaikunda","type":"rural_municipality"},"geometry":{"type":"Polygon","coordinates":[[[85.8023,28.1962],[85.7787,28.2084],[85.7764,28.2179],[85.7512,28.238],[85.7453,28.2715],[85.7354,28.2911],[85.7396,28.3191],[85.7299,28.3286],[85.7346,28.3391],[85.7223,28.3593],[85.7212,28.3671],[85.7266,28.3732],[85.7201,28.3754],[85.7142,28.3859],[85.6976,28.3855],[85.6861,28.3821],[85.6882,28.3463],[85.6785,28.3505],[85.6681,28.3478],[85.6667,28.3315],[85.6561,28.3173],[85.663,28.3028],[85.6474,28.2896],[85.6377,28.2737],[85.611,28.2567],[85.6013,28.2791],[85.5989,28.2988],[85.6029,28.3042],[85.5943,28.3085],[85.564,28.3096],[85.5088,28.3338],[85.4897,28.331],[85.4603,28.3368],[85.4177,28.3269],[85.4143,28.3082],[85.3799,28.2784],[85.3724,28.2856],[85.3505,28.2883],[85.3505,28.3015],[85.3426,28.3038],[85.3058,28.2897],[85.2752,28.2876],[85.277,28.2796],[85.3035,28.2561],[85.312,28.2361],[85.3166,28.2081],[85.3532,28.1965],[85.3445,28.1811],[85.3393,28.1817],[85.3182,28.1604],[85.3275,28.152],[85.3075,28.1386],[85.301,28.1277],[85.2625,28.0956],[85.2303,28.0857],[85.2566,28.0541],[85.2765,28.0615],[85.2948,28.0565],[85.2997,28.0626],[85.3278,28.0729],[85.3595,28.0704],[85.3854,28.0576],[85.4014,28.0367],[85.4063,28.0398],[85.4073,28.0551],[85.4146,28.0618],[85.4278,28.0617],[85.428,28.0723],[85.4348,28.0803],[85.4441,28.0824],[85.4476,28.0899],[85.4595,28.0925],[85.4757,28.105],[85.4915,28.1056],[85.4976,28.1221],[85.4926,28.1385],[85.5056,28.1519],[85.5291,28.1572],[85.5353,28.1673],[85.5585,28.1677],[85.5863,28.1532],[85.6039,28.1579],[85.6153,28.1503],[85.6173,28.1339],[85.6295,28.1291],[85.6349,28.1301],[85.6399,28.1411],[85.654,28.1514],[85.6796,28.158],[85.6909,28.1558],[85.7057,28.1638],[85.7147,28.1619],[85.7149,28.1694],[85.7216,28.1739],[85.73,28.1695],[85.752,28.1751],[85.7811,28.1742],[85.8009,28.1893],[85.8025,28.196],[85.8023,28.1962]]]}},{"type":"Feature","properties":{"province":3,"provinceName":"Bagmati","district":"Rasuwa","localLevel":"Kalika","type":"rural_municipality"},"geometry":{"type":"Polygon","coordinates":[[[85.2471,27.9727],[85.2524,27.9803],[85.2493,27.987],[85.2396,27.9876],[85.2378,27.9806],[85.2292,27.9859],[85.2418,28.0009],[85.2333,28.0201],[85.2358,28.0293],[85.2566,28.0541],[85.2303,28.0857],[85.2115,28.0739],[85.2075,28.0676],[85.2106,28.0544],[85.1955,28.036],[85.196,28.0304],[85.2197,28.0182],[85.2312,28.0168],[85.2222,28.0154],[85.2186,28.0085],[85.2137,28.0136],[85.2068,28.0132],[85.2106,28.0037],[85.1962,27.9993],[85.1952,27.9933],[85.2004,27.9924],[85.2003,27.9751],[85.2468,27.9727],[85.2471,27.9727]]]}},{"type":"Feature","properties":{"province":3,"provinceName":"Bagmati","district":"Rasuwa","localLevel":"Naukunda","type":"rural_municipality"},"geometry":{"type":"Polygon","coordinates":[[[85.3976,28.0378],[85.3987,28.0419],[85.3854,28.0576],[85.3597,28.0704],[85.3278,28.0729],[85.2997,28.0626],[85.2948,28.0565],[85.2719,28.0612],[85.2539,28.0527],[85.2392,28.0366],[85.2333,28.0201],[85.2418,28.0009],[85.2294,27.9854],[85.2378,27.9806],[85.2396,27.9876],[85.248,27.9876],[85.2524,27.9803],[85.2471,27.9727],[85.2577,27.9744],[85.2786,27.9649],[85.2922,27.9829],[85.3326,27.9887],[85.3443,28.0097],[85.3695,28.0171],[85.3921,28.0303],[85.3969,28.0375],[85.3976,28.0378]]]}},{"type":"Feature","properties":{"province":3,"provinceName":"Bagmati","district":"Rasuwa","localLevel":"Aamachodingmo","type":"rural_municipality"},"geometry":{"type":"Polygon","coordinates":[[[85.2752,28.2876],[85.2727,28.2972],[85.257,28.2943],[85.2437,28.3176],[85.2047,28.3405],[85.1841,28.3241],[85.1621,28.3317],[85.1816,28.3017],[85.1794,28.2951],[85.1891,28.2673],[85.2007,28.259],[85.2048,28.25],[85.1964,28.2442],[85.1897,28.2231],[85.2066,28.2038],[85.198,28.1686],[85.2006,28.1628],[85.2144,28.1678],[85.2205,28.1632],[85.2324,28.1385],[85.2233,28.1265],[85.2236,28.1123],[85.2329,28.1077],[85.2455,28.0923],[85.2637,28.0964],[85.3012,28.1279],[85.3075,28.1386],[85.327,28.1514],[85.3182,28.1604],[85.3393,28.1817],[85.3445,28.1811],[85.3532,28.1965],[85.3166,28.2081],[85.312,28.2361],[85.3035,28.2561],[85.277,28.2796],[85.2753,28.2872],[85.2752,28.2876]]]}},{"type":"Feature","properties":{"province":3,"provinceName":"Bagmati","district":"Rasuwa","localLevel":"Uttargaya","type":"rural_municipality"},"geometry":{"type":"Polygon","coordinates":[[[85.2455,28.0923],[85.2329,28.1077],[85.2236,28.1123],[85.2233,28.1265],[85.2324,28.1385],[85.2148,28.1678],[85.2006,28.1628],[85.198,28.1686],[85.1775,28.1631],[85.1571,28.1405],[85.1605,28.1294],[85.1527,28.118],[85.1263,28.1053],[85.1247,28.091],[85.1315,28.0859],[85.1578,28.0882],[85.1727,28.0825],[85.1504,28.0612],[85.1353,28.0379],[85.146,28.0273],[85.1894,28.0189],[85.186,28.0094],[85.1884,27.9967],[85.1825,27.9874],[85.186,27.9729],[85.2003,27.9751],[85.2004,27.9924],[85.1953,27.993],[85.196,27.999],[85.2106,28.0037],[85.2068,28.0132],[85.2137,28.0136],[85.2186,28.0085],[85.2222,28.0154],[85.2312,28.0168],[85.2197,28.0182],[85.196,28.0304],[85.197,28.0405],[85.2106,28.0544],[85.2077,28.068],[85.2342,28.089],[85.2449,28.0921],[85.2455,28.0923]]]}},{"type":"Feature","properties":{"province":3,"provinceName":"Bagmati","district":"Dhading","localLevel":"Benighat Rorang","type":"rural_municipality"},"geometry":{"type":"Polygon","coordinates":[[[84.7846,27.8136],[84.7753,27.8084],[84.7648,27.818],[84.756,27.8062],[84.741,27.8038],[84.733,27.7954],[84.7209,27.8035],[84.7133,27.8003],[84.7096,27.8064],[84.6868,27.8103],[84.6702,27.8183],[84.6679,27.8251],[84.6258,27.8167],[84.6205,27.809],[84.6372,27.8068],[84.6477,27.7998],[84.6468,27.7936],[84.6393,27.7943],[84.64,27.7828],[84.677,27.7784],[84.6708,27.7657],[84.6837,27.758],[84.6723,27.7378],[84.677,27.7303],[84.6948,27.721],[84.7023,27.7272],[84.7308,27.7271],[84.7597,27.7354],[84.7723,27.7224],[84.7987,27.709],[84.7883,27.6917],[84.7989,27.6841],[84.8017,27.6713],[84.8316,27.6922],[84.8528,27.6863],[84.8844,27.6698],[84.9043,27.6952],[84.8728,27.7181],[84.858,27.7179],[84.8371,27.7565],[84.8254,27.7608],[84.8249,27.7691],[84.8328,27.7785],[84.8308,27.7904],[84.8394,27.7993],[84.8339,27.8037],[84.8383,27.8082],[84.8362,27.8151],[84.8272,27.8185],[84.8235,27.8077],[84.8108,27.8174],[84.7847,27.8137],[84.7846,27.8136]]]}},{"type":"Feature","properties":{"province":3,"provinceName":"Bagmati","district":"Dhading","localLevel":"Dhunibesi","type":"municipality"},"geometry":{"type":"Polygon","coordinates":[[[85.2549,27.7754],[85.2357,27.7744],[85.2342,27.7712],[85.2322,27.7762],[85.2293,27.7724],[85.2178,27.7754],[85.2103,27.7706],[85.2084,27.7736],[85.2067,27.7688],[85.2045,27.7733],[85.2001,27.7686],[85.1945,27.7729],[85.1921,27.7692],[85.1809,27.7719],[85.1783,27.7671],[85.1326,27.7637],[85.1297,27.7591],[85.1401,27.7509],[85.1397,27.742],[85.1372,27.7359],[85.1274,27.7379],[85.1228,27.723],[85.1192,27.6939],[85.1225,27.6833],[85.152,27.6693],[85.1909,27.6812],[85.1986,27.7089],[85.2023,27.7078],[85.1994,27.7161],[85.2085,27.7185],[85.2095,27.7225],[85.2196,27.722],[85.2238,27.7277],[85.2158,27.7368],[85.223,27.7355],[85.2533,27.7487],[85.2574,27.7446],[85.2694,27.7455],[85.2724,27.7594],[85.2653,27.7706],[85.2544,27.7749],[85.2549,27.7754]]]}},{"type":"Feature","properties":{"province":3,"provinceName":"Bagmati","district":"Dhading","localLevel":"Gajuri","type":"rural_municipality"},"geometry":{"type":"Polygon","coordinates":[[[84.9913,27.7064],[84.9511,27.7615],[84.9402,27.7649],[84.9369,27.783],[84.9453,27.7896],[84.941,27.794],[84.946,27.7955],[84.9474,27.8029],[84.9524,27.7989],[84.9535,27.8165],[84.9423,27.8047],[84.926,27.7972],[84.9085,27.8076],[84.8905,27.8092],[84.8751,27.8072],[84.8706,27.8012],[84.8522,27.8086],[84.8432,27.8014],[84.8383,27.8082],[84.8343,27.8047],[84.8394,27.7993],[84.8308,27.7904],[84.8328,27.7785],[84.8249,27.7691],[84.8254,27.7608],[84.8371,27.7565],[84.8605,27.7163],[84.8728,27.7181],[84.8841,27.7079],[84.8918,27.7067],[84.8985,27.6966],[84.9105,27.6983],[84.9218,27.6939],[84.9246,27.6884],[84.9531,27.6832],[84.978,27.6945],[84.9817,27.7028],[84.9913,27.7046],[84.9913,27.7064]]]}},{"type":"Feature","properties":{"province":3,"provinceName":"Bagmati","district":"Dhading","localLevel":"Galchi","type":"rural_municipality"},"geometry":{"type":"Polygon","coordinates":[[[85.0082,27.8416],[84.9824,27.847],[84.9512,27.8468],[84.9377,27.8518],[84.9075,27.8469],[84.9264,27.8265],[84.9311,27.814],[84.946,27.811],[84.9544,27.8157],[84.9524,27.7989],[84.9474,27.8029],[84.946,27.7955],[84.941,27.794],[84.9453,27.7896],[84.9369,27.783],[84.9402,27.7649],[84.9511,27.7615],[84.9913,27.7064],[85.0006,27.706],[85.0035,27.746],[85.0087,27.7561],[85.0039,27.7581],[85.0045,27.7627],[85.0209,27.7623],[85.0265,27.7768],[85.0343,27.7739],[85.0509,27.7834],[85.0588,27.7752],[85.0701,27.7758],[85.084,27.7665],[85.099,27.7794],[85.0901,27.7876],[85.0548,27.7971],[85.0488,27.8014],[85.0507,27.81],[85.0439,27.8121],[85.0437,27.817],[85.0146,27.8093],[85.0191,27.8268],[85.0251,27.8328],[85.0163,27.8322],[85.0083,27.8415],[85.0082,27.8416]]]}},{"type":"Feature","properties":{"province":3,"provinceName":"Bagmati","district":"Dhading","localLevel":"Gangajamuna","type":"rural_municipality"},"geometry":{"type":"Polygon","coordinates":[[[85.0108,28.1164],[85.0076,28.131],[84.9729,28.162],[84.9636,28.165],[84.9564,28.1433],[84.9605,28.1359],[84.9591,28.1265],[84.945,28.1224],[84.931,28.1261],[84.9224,28.1151],[84.9238,28.1064],[84.9203,28.1032],[84.9026,28.1065],[84.8947,28.0998],[84.871,28.1204],[84.8569,28.1224],[84.8459,28.1161],[84.8246,28.0644],[84.8396,28.0648],[84.8494,28.0698],[84.8608,28.0676],[84.8651,28.0613],[84.8901,28.0647],[84.9001,28.0617],[84.8922,28.0462],[84.9002,28.0328],[84.9156,28.0324],[84.928,28.0226],[84.928,28.0167],[84.937,28.0176],[84.9678,28.0309],[84.9848,28.0692],[85.0113,28.0905],[85.0109,28.1156],[85.0108,28.1164]]]}},{"type":"Feature","properties":{"province":3,"provinceName":"Bagmati","district":"Dhading","localLevel":"Jwalamukhi","type":"rural_municipality"},"geometry":{"type":"Polygon","coordinates":[[[84.8164,27.9787],[84.7928,27.9788],[84.775,27.9675],[84.7629,27.967],[84.7481,27.9599],[84.7416,27.9364],[84.7361,27.9329],[84.7386,27.9283],[84.7342,27.9256],[84.7354,27.9068],[84.7382,27.8919],[84.7514,27.8859],[84.7482,27.8797],[84.7547,27.8749],[84.7603,27.8596],[84.7679,27.8571],[84.7735,27.8642],[84.7884,27.8671],[84.8016,27.878],[84.8434,27.8957],[84.8504,27.894],[84.8545,27.9182],[84.851,27.9224],[84.8564,27.9289],[84.8451,27.964],[84.8229,27.9796],[84.8166,27.9787],[84.8164,27.9787]]]}},{"type":"Feature","properties":{"province":3,"provinceName":"Bagmati","district":"Dhading","localLevel":"Khaniyabash","type":"rural_municipality"},"geometry":{"type":"Polygon","coordinates":[[[85.1289,28.1073],[85.1076,28.1108],[85.0725,28.1353],[85.0561,28.13],[85.041,28.1402],[85.0297,28.1366],[85.011,28.1177],[85.0107,28.0894],[84.9848,28.0692],[84.9678,28.0309],[84.9903,28.0297],[84.9978,28.0248],[85.035,28.0317],[85.0569,28.0502],[85.0645,28.0667],[85.0829,28.0668],[85.1176,28.077],[85.1283,28.107],[85.1289,28.1073]]]}},{"type":"Feature","properties":{"province":3,"provinceName":"Bagmati","district":"Dhading","localLevel":"Netrawati Dabjong","type":"rural_municipality"},"geometry":{"type":"Polygon","coordinates":[[[84.9915,28.0285],[84.9673,28.0309],[84.9259,28.0157],[84.9223,28.0062],[84.9317,28.0002],[84.9423,28.0026],[84.9467,27.9963],[84.9351,27.9917],[84.9085,27.9925],[84.9155,27.9887],[84.9246,27.9657],[84.9309,27.9656],[84.9545,27.9489],[84.973,27.9566],[84.9746,27.9523],[84.9769,27.9566],[84.9931,27.947],[85.0097,27.9469],[85.0218,27.9681],[85.0308,27.9714],[85.0337,27.9909],[85.0318,27.9954],[85.0054,28],[84.9927,28.0156],[84.9915,28.0281],[84.9915,28.0285]]]}},{"type":"Feature","properties":{"province":3,"provinceName":"Bagmati","district":"Dhading","localLevel":"Nilakantha","type":"municipality"},"geometry":{"type":"Polygon","coordinates":[[[84.9088,27.9929],[84.8335,27.9954],[84.8224,27.9844],[84.8154,27.984],[84.8157,27.9791],[84.8229,27.9796],[84.8451,27.964],[84.8564,27.9289],[84.851,27.9224],[84.8545,27.9182],[84.8504,27.894],[84.8756,27.8805],[84.8669,27.8636],[84.8751,27.8626],[84.8745,27.8661],[84.8829,27.8682],[84.8991,27.8584],[84.9016,27.85],[84.91,27.8457],[84.921,27.8518],[84.9377,27.8518],[84.9512,27.8468],[84.9824,27.847],[85.0082,27.8416],[85.0086,27.8504],[84.9912,27.8582],[84.9971,27.8749],[84.9911,27.8852],[85.0098,27.919],[85.0109,27.9356],[85.0185,27.9437],[85.0177,27.9507],[84.9956,27.9465],[84.9879,27.9489],[84.9853,27.9547],[84.9769,27.9566],[84.9741,27.9522],[84.973,27.9566],[84.9545,27.9489],[84.9309,27.9656],[84.9246,27.9657],[84.9155,27.9887],[84.9085,27.9925],[84.9088,27.9929]]]}},{"type":"Feature","properties":{"province":3,"provinceName":"Bagmati","district":"Dhading","localLevel":"Rubi Valley","type":"rural_municipality"},"geometry":{"type":"Polygon","coordinates":[[[85.1621,28.3317],[85.1426,28.3303],[85.1309,28.3379],[85.123,28.3356],[85.1102,28.3464],[85.0828,28.3457],[85.0706,28.3397],[85.0489,28.3257],[85.0351,28.3032],[85.0402,28.2917],[85.0296,28.2615],[85.004,28.253],[85.0009,28.241],[84.9938,28.2445],[84.9669,28.2172],[84.9645,28.212],[84.9761,28.1901],[84.9663,28.1777],[84.9644,28.1631],[84.9729,28.162],[84.992,28.1468],[85.0083,28.1301],[85.0102,28.1167],[85.0297,28.1366],[85.0407,28.1403],[85.0556,28.1301],[85.0725,28.1353],[85.1076,28.1108],[85.1223,28.1066],[85.1372,28.1088],[85.1527,28.118],[85.1605,28.1294],[85.1571,28.1405],[85.1764,28.1622],[85.1977,28.1681],[85.2066,28.2038],[85.1897,28.2231],[85.1964,28.2442],[85.2048,28.25],[85.2007,28.259],[85.1891,28.2673],[85.1794,28.2951],[85.1816,28.3017],[85.163,28.3302],[85.1621,28.3317]]]}},{"type":"Feature","properties":{"province":3,"provinceName":"Bagmati","district":"Dhading","localLevel":"Siddhalek","type":"rural_municipality"},"geometry":{"type":"Polygon","coordinates":[[[84.8504,27.894],[84.8434,27.8957],[84.8016,27.878],[84.7884,27.8671],[84.7715,27.8624],[84.7673,27.8541],[84.7697,27.8436],[84.7781,27.8351],[84.7753,27.8292],[84.7792,27.8187],[84.7941,27.8123],[84.8108,27.8174],[84.8235,27.8077],[84.825,27.8163],[84.8315,27.8185],[84.8432,27.8014],[84.8522,27.8086],[84.8706,27.8012],[84.8836,27.8096],[84.9085,27.8076],[84.926,27.7972],[84.9426,27.805],[84.9447,27.8129],[84.9308,27.8142],[84.9264,27.8265],[84.9088,27.8415],[84.8957,27.861],[84.8829,27.8682],[84.868,27.8622],[84.8754,27.8812],[84.8514,27.8941],[84.8504,27.894]]]}},{"type":"Feature","properties":{"province":3,"provinceName":"Bagmati","district":"Dhading","localLevel":"Thakre","type":"rural_municipality"},"geometry":{"type":"Polygon","coordinates":[[[85.099,27.7794],[85.084,27.7665],[85.0701,27.7758],[85.0588,27.7752],[85.0509,27.7834],[85.0343,27.7739],[85.0265,27.7768],[85.0209,27.7623],[85.0045,27.7627],[85.0039,27.7581],[85.0087,27.7561],[85.0035,27.746],[85.0006,27.706],[85.0157,27.7071],[85.033,27.6975],[85.0408,27.7055],[85.0449,27.69],[85.0547,27.6992],[85.0633,27.6943],[85.068,27.703],[85.0782,27.7088],[85.0831,27.7064],[85.0948,27.7116],[85.1195,27.6941],[85.1274,27.7379],[85.1375,27.736],[85.1401,27.7509],[85.1196,27.7662],[85.1172,27.7742],[85.0991,27.7793],[85.099,27.7794]]]}},{"type":"Feature","properties":{"province":3,"provinceName":"Bagmati","district":"Dhading","localLevel":"Tripura Sundari","type":"rural_municipality"},"geometry":{"type":"Polygon","coordinates":[[[84.928,28.0167],[84.928,28.0226],[84.9156,28.0324],[84.9002,28.0328],[84.8956,28.0391],[84.8924,28.0484],[84.9001,28.0617],[84.8901,28.0647],[84.8651,28.0613],[84.8608,28.0676],[84.8494,28.0698],[84.8396,28.0648],[84.8278,28.0656],[84.8231,28.0629],[84.8206,28.0475],[84.8117,28.0378],[84.8158,28.0282],[84.8117,28.0166],[84.8135,28.0027],[84.7918,27.9973],[84.7863,27.9831],[84.7738,27.9771],[84.7774,27.9721],[84.7719,27.9673],[84.7928,27.9788],[84.7993,27.9764],[84.808,27.9812],[84.8159,27.9773],[84.8156,27.9844],[84.8224,27.9844],[84.8335,27.9954],[84.8597,27.9966],[84.8719,27.9916],[84.9465,27.9948],[84.9449,28.0015],[84.9312,28.0003],[84.9223,28.0062],[84.9266,28.0162],[84.928,28.0167]]]}},{"type":"Feature","properties":{"province":3,"provinceName":"Bagmati","district":"Makawanpur","localLevel":"Bagmati","type":"rural_municipality"},"geometry":{"type":"Polygon","coordinates":[[[85.3918,27.4084],[85.3864,27.4081],[85.3861,27.4131],[85.371,27.4241],[85.3531,27.4271],[85.3443,27.4023],[85.3337,27.3899],[85.3306,27.3718],[85.3149,27.3613],[85.284,27.3582],[85.2807,27.3377],[85.2892,27.3297],[85.2925,27.3037],[85.3004,27.2921],[85.3268,27.2801],[85.3883,27.2636],[85.3875,27.2415],[85.4026,27.2373],[85.3951,27.2301],[85.3987,27.2249],[85.3953,27.2115],[85.3995,27.1974],[85.4115,27.1967],[85.4205,27.1898],[85.4289,27.1928],[85.4504,27.1865],[85.4556,27.1774],[85.4548,27.1686],[85.4595,27.1658],[85.4748,27.1615],[85.4885,27.1641],[85.4974,27.1734],[85.4922,27.1712],[85.4827,27.1803],[85.4947,27.1868],[85.4894,27.1926],[85.4907,27.1979],[85.5061,27.1938],[85.5127,27.1978],[85.5037,27.2079],[85.5064,27.2214],[85.4903,27.2201],[85.491,27.2499],[85.4829,27.2679],[85.4504,27.2843],[85.4395,27.2839],[85.4204,27.3209],[85.4275,27.3324],[85.4486,27.3364],[85.4502,27.3501],[85.4694,27.3579],[85.4745,27.3724],[85.4811,27.3764],[85.4759,27.3769],[85.472,27.3882],[85.4648,27.3858],[85.4613,27.3947],[85.4504,27.3876],[85.449,27.3968],[85.4447,27.4022],[85.4349,27.4031],[85.4347,27.41],[85.4222,27.4024],[85.4202,27.4083],[85.4082,27.4028],[85.3998,27.4045],[85.397,27.4109],[85.3924,27.4086],[85.3918,27.4084]]]}},{"type":"Feature","properties":{"province":3,"provinceName":"Bagmati","district":"Makawanpur","localLevel":"Bakaiya","type":"rural_municipality"},"geometry":{"type":"Polygon","coordinates":[[[85.2638,27.4566],[85.2395,27.4551],[85.2395,27.4621],[85.233,27.4665],[85.2008,27.4735],[85.1963,27.4659],[85.1984,27.449],[85.1811,27.4403],[85.1821,27.4265],[85.1867,27.4231],[85.203,27.4241],[85.2146,27.4029],[85.2191,27.3853],[85.2113,27.3769],[85.2098,27.368],[85.2139,27.3637],[85.2018,27.3611],[85.2044,27.3651],[85.2001,27.3664],[85.1747,27.354],[85.1434,27.3583],[85.1401,27.3532],[85.1438,27.3473],[85.1422,27.3297],[85.1259,27.3312],[85.1201,27.3162],[85.1231,27.3019],[85.1277,27.3009],[85.1289,27.2923],[85.147,27.2827],[85.1475,27.2727],[85.154,27.2655],[85.1699,27.2599],[85.1732,27.2545],[85.1832,27.2543],[85.1795,27.2493],[85.1844,27.247],[85.198,27.2451],[85.2047,27.25],[85.2106,27.2451],[85.234,27.2431],[85.2447,27.2485],[85.2538,27.2447],[85.2635,27.2265],[85.3096,27.2315],[85.3399,27.2195],[85.351,27.2219],[85.3619,27.2105],[85.3942,27.2088],[85.3987,27.2239],[85.3951,27.2301],[85.4026,27.2373],[85.3875,27.2415],[85.3883,27.2636],[85.3272,27.28],[85.3004,27.2921],[85.2924,27.3039],[85.2892,27.3297],[85.2807,27.3377],[85.284,27.3582],[85.3149,27.3613],[85.3329,27.3743],[85.3337,27.3899],[85.3443,27.4023],[85.3525,27.4266],[85.3582,27.4287],[85.3376,27.4318],[85.3311,27.438],[85.3181,27.4358],[85.3156,27.4446],[85.3041,27.4461],[85.2972,27.452],[85.2642,27.4562],[85.2638,27.4566]]]}},{"type":"Feature","properties":{"province":3,"provinceName":"Bagmati","district":"Makawanpur","localLevel":"Bhimphedi","type":"rural_municipality"},"geometry":{"type":"Polygon","coordinates":[[[85.1336,27.5792],[85.0917,27.5834],[85.0838,27.5864],[85.0868,27.5917],[85.0796,27.5982],[85.0687,27.5981],[85.0555,27.6069],[85.0364,27.6076],[85.0295,27.612],[85.0138,27.5889],[85.0198,27.5735],[85.028,27.5659],[85.0335,27.568],[85.0373,27.5644],[85.0268,27.5579],[85.0142,27.5567],[85.0124,27.5468],[84.9951,27.5494],[84.9888,27.5367],[84.9878,27.5191],[84.9961,27.5139],[84.9988,27.5],[84.9951,27.4868],[84.9973,27.478],[85.0168,27.4744],[85.0255,27.4769],[85.0425,27.4662],[85.0394,27.4576],[85.0592,27.4531],[85.0717,27.4707],[85.075,27.4873],[85.1145,27.4755],[85.1134,27.4858],[85.1002,27.497],[85.1082,27.4973],[85.1235,27.5113],[85.1296,27.5082],[85.1562,27.5116],[85.1746,27.5073],[85.1879,27.4985],[85.1841,27.4791],[85.1875,27.4763],[85.2252,27.4698],[85.2389,27.463],[85.2395,27.4551],[85.2638,27.4566],[85.2594,27.4684],[85.2495,27.4767],[85.2466,27.4866],[85.25,27.4963],[85.2362,27.5047],[85.2437,27.5123],[85.243,27.5174],[85.2527,27.5212],[85.2533,27.5281],[85.2305,27.5372],[85.2331,27.5448],[85.1847,27.5492],[85.159,27.558],[85.1502,27.5687],[85.1347,27.5697],[85.1338,27.5791],[85.1336,27.5792]]]}},{"type":"Feature","properties":{"province":3,"provinceName":"Bagmati","district":"Makawanpur","localLevel":"Hetauda","type":"sub_metropolitan_city"},"geometry":{"type":"Polygon","coordinates":[[[84.9878,27.5191],[84.9671,27.526],[84.9491,27.5132],[84.9428,27.5021],[84.9243,27.5069],[84.9186,27.489],[84.8995,27.4962],[84.8935,27.4827],[84.8909,27.4657],[84.903,27.4659],[84.9103,27.4576],[84.9282,27.4571],[84.9389,27.4519],[84.9592,27.4266],[84.9591,27.4155],[84.954,27.4084],[84.9565,27.4001],[84.9479,27.3842],[84.9496,27.3613],[84.9558,27.3664],[84.9589,27.3589],[84.9664,27.3634],[84.9741,27.3549],[84.9837,27.3619],[85.0011,27.3653],[85.0062,27.3526],[85.0154,27.3551],[85.0237,27.3518],[85.0268,27.3584],[85.0387,27.3571],[85.0584,27.3654],[85.0637,27.3602],[85.0716,27.364],[85.0854,27.362],[85.0936,27.3563],[85.0947,27.3385],[85.1061,27.32],[85.1201,27.3162],[85.1259,27.3312],[85.1422,27.3297],[85.1438,27.3473],[85.1401,27.3532],[85.1434,27.3583],[85.1747,27.354],[85.1895,27.3588],[85.1822,27.374],[85.1841,27.3807],[85.1758,27.3934],[85.1767,27.4039],[85.1544,27.4013],[85.1467,27.4097],[85.1324,27.4003],[85.107,27.4032],[85.0887,27.4105],[85.0779,27.4201],[85.0669,27.4152],[85.0392,27.4578],[85.0439,27.4638],[85.0412,27.4676],[85.025,27.4771],[85.0168,27.4744],[84.9965,27.479],[84.997,27.5104],[84.9889,27.5189],[84.9878,27.5191]]]}},{"type":"Feature","properties":{"province":3,"provinceName":"Bagmati","district":"Makawanpur","localLevel":"Indrasarowar","type":"rural_municipality"},"geometry":{"type":"Polygon","coordinates":[[[85.2354,27.6495],[85.2075,27.6661],[85.1919,27.6454],[85.1949,27.6371],[85.1911,27.6296],[85.1822,27.6185],[85.1731,27.6147],[85.151,27.6236],[85.146,27.6344],[85.1391,27.6365],[85.1381,27.6317],[85.1467,27.6227],[85.1398,27.6167],[85.148,27.6074],[85.1368,27.6027],[85.1403,27.5967],[85.133,27.5822],[85.1347,27.5697],[85.1502,27.5687],[85.159,27.558],[85.184,27.5494],[85.2331,27.5448],[85.2287,27.5396],[85.2338,27.5369],[85.242,27.5477],[85.2492,27.5501],[85.2558,27.5685],[85.2653,27.5706],[85.262,27.5771],[85.242,27.5809],[85.2452,27.5944],[85.2397,27.6015],[85.2394,27.616],[85.2241,27.6286],[85.2354,27.6493],[85.2354,27.6495]]]}},{"type":"Feature","properties":{"province":3,"provinceName":"Bagmati","district":"Makawanpur","localLevel":"Kailash","type":"rural_municipality"},"geometry":{"type":"Polygon","coordinates":[[[84.9699,27.6911],[84.9531,27.6832],[84.9246,27.6884],[84.9218,27.6939],[84.9105,27.6983],[84.9025,27.694],[84.8844,27.6698],[84.8972,27.6564],[84.8795,27.6401],[84.8835,27.6316],[84.878,27.6249],[84.8843,27.6206],[84.8794,27.6195],[84.882,27.6163],[84.8788,27.6136],[84.8952,27.6006],[84.8842,27.5906],[84.8847,27.5838],[84.8804,27.5802],[84.8829,27.5723],[84.8865,27.5742],[84.8918,27.5565],[84.9031,27.5525],[84.9103,27.5442],[84.9203,27.5407],[84.9391,27.5437],[84.9471,27.5331],[84.9878,27.5191],[84.9888,27.5367],[84.9951,27.5494],[85.0124,27.5468],[85.0142,27.5567],[85.0268,27.5579],[85.0373,27.5644],[85.0335,27.568],[85.028,27.5659],[85.0198,27.5735],[85.0138,27.5889],[85.0295,27.612],[85.0249,27.6176],[85.0332,27.6225],[85.0309,27.6252],[85.035,27.631],[85.0083,27.643],[84.9924,27.6554],[84.9862,27.6712],[84.9705,27.6906],[84.9699,27.6911]]]}},{"type":"Feature","properties":{"province":3,"provinceName":"Bagmati","district":"Makawanpur","localLevel":"Makawanpurgadhi","type":"rural_municipality"},"geometry":{"type":"Polygon","coordinates":[[[85.2015,27.4741],[85.1841,27.4791],[85.1881,27.4982],[85.1748,27.5072],[85.1562,27.5116],[85.1296,27.5082],[85.1235,27.5113],[85.1082,27.4973],[85.1,27.4966],[85.1134,27.4858],[85.1145,27.4755],[85.075,27.4873],[85.0717,27.4707],[85.0592,27.4531],[85.0437,27.4536],[85.0677,27.4147],[85.0779,27.4201],[85.0887,27.4105],[85.107,27.4032],[85.1324,27.4003],[85.1467,27.4097],[85.1544,27.4013],[85.1767,27.4039],[85.1758,27.3934],[85.1841,27.3807],[85.1823,27.3736],[85.1898,27.3617],[85.2003,27.3664],[85.2044,27.3651],[85.2018,27.3611],[85.2139,27.3637],[85.2098,27.3683],[85.2132,27.3818],[85.2191,27.3853],[85.2184,27.3944],[85.2137,27.3968],[85.2148,27.4024],[85.203,27.4241],[85.1824,27.4261],[85.1807,27.4395],[85.1974,27.4469],[85.1963,27.4659],[85.2014,27.4739],[85.2015,27.4741]]]}},{"type":"Feature","properties":{"province":3,"provinceName":"Bagmati","district":"Makawanpur","localLevel":"Manahari","type":"rural_municipality"},"geometry":{"type":"Polygon","coordinates":[[[84.8995,27.4962],[84.8638,27.507],[84.8609,27.5161],[84.8302,27.5347],[84.8333,27.5389],[84.8276,27.5465],[84.8219,27.5487],[84.8175,27.5453],[84.8156,27.5528],[84.8063,27.5558],[84.806,27.5684],[84.8112,27.5739],[84.7976,27.585],[84.7707,27.5945],[84.7624,27.6035],[84.7376,27.6086],[84.7405,27.6034],[84.7345,27.5847],[84.7162,27.5642],[84.7336,27.5647],[84.7376,27.5553],[84.7678,27.5413],[84.8097,27.5369],[84.8104,27.523],[84.8278,27.5069],[84.8164,27.4614],[84.8002,27.4403],[84.7934,27.4374],[84.8114,27.4242],[84.8123,27.4157],[84.8216,27.4192],[84.8359,27.4175],[84.8498,27.4083],[84.8541,27.3983],[84.8789,27.3974],[84.884,27.3878],[84.8989,27.3852],[84.9035,27.3744],[84.9106,27.377],[84.9284,27.364],[84.9431,27.3655],[84.9491,27.3609],[84.9479,27.3842],[84.9565,27.4001],[84.954,27.4084],[84.9591,27.4155],[84.9594,27.426],[84.9389,27.4519],[84.9282,27.4571],[84.9103,27.4576],[84.903,27.4659],[84.8909,27.4657],[84.8994,27.4962],[84.8995,27.4962]]]}},{"type":"Feature","properties":{"province":3,"provinceName":"Bagmati","district":"Makawanpur","localLevel":"Raksirang","type":"rural_municipality"},"geometry":{"type":"Polygon","coordinates":[[[84.8844,27.6698],[84.8528,27.6863],[84.8316,27.6922],[84.8023,27.6712],[84.7993,27.6833],[84.7944,27.6867],[84.7821,27.6714],[84.7722,27.6678],[84.7697,27.6565],[84.756,27.6543],[84.7545,27.6496],[84.7462,27.6471],[84.748,27.6554],[84.7338,27.6557],[84.7296,27.6496],[84.7322,27.6461],[84.7239,27.646],[84.7195,27.6372],[84.7251,27.6262],[84.7338,27.624],[84.7376,27.6086],[84.7624,27.6035],[84.7707,27.5945],[84.7976,27.585],[84.8112,27.5739],[84.806,27.5684],[84.8065,27.5555],[84.8156,27.5528],[84.8175,27.5453],[84.8219,27.5487],[84.8276,27.5465],[84.8333,27.5389],[84.8302,27.5347],[84.8609,27.5161],[84.8638,27.507],[84.8867,27.5028],[84.9181,27.4889],[84.9243,27.5069],[84.9428,27.5021],[84.9491,27.5132],[84.9671,27.526],[84.9471,27.5331],[84.9391,27.5437],[84.9203,27.5407],[84.9103,27.5442],[84.9031,27.5525],[84.8918,27.5565],[84.8865,27.5742],[84.8818,27.5738],[84.8842,27.5906],[84.8952,27.6006],[84.8789,27.6132],[84.882,27.6163],[84.8792,27.6191],[84.8843,27.6206],[84.878,27.6249],[84.8836,27.6319],[84.879,27.6387],[84.8972,27.6564],[84.8845,27.6698],[84.8844,27.6698]]]}},{"type":"Feature","properties":{"province":3,"provinceName":"Bagmati","district":"Makawanpur","localLevel":"Thaha","type":"municipality"},"geometry":{"type":"Polygon","coordinates":[[[85.1192,27.6939],[85.1023,27.7087],[85.0907,27.712],[85.0856,27.7069],[85.0783,27.7089],[85.068,27.703],[85.0633,27.6943],[85.0563,27.6997],[85.0449,27.69],[85.0408,27.7055],[85.033,27.6975],[85.0135,27.7075],[84.9923,27.7076],[84.9699,27.6911],[84.9862,27.6712],[84.9924,27.6554],[85.0083,27.643],[85.0341,27.6332],[85.0332,27.6225],[85.0249,27.6176],[85.0295,27.612],[85.0364,27.6076],[85.0555,27.6069],[85.0687,27.5981],[85.0796,27.5982],[85.0868,27.5917],[85.0838,27.5864],[85.0917,27.5834],[85.1307,27.5785],[85.1403,27.5967],[85.1368,27.6027],[85.148,27.6074],[85.1398,27.6167],[85.1467,27.6227],[85.1381,27.6317],[85.1391,27.6365],[85.146,27.6344],[85.1512,27.6234],[85.1731,27.6147],[85.1816,27.6182],[85.1949,27.6369],[85.1919,27.6454],[85.2075,27.6662],[85.1908,27.6812],[85.1755,27.6792],[85.164,27.6705],[85.1448,27.6707],[85.1334,27.6808],[85.1225,27.6833],[85.1197,27.6929],[85.1192,27.6939]]]}},{"type":"Feature","properties":{"province":2,"provinceName":"Madhesh","district":"Rautahat","localLevel":"Baudhimai","type":"municipality"},"geometry":{"type":"Polygon","coordinates":[[[85.267,26.879],[85.2748,26.8809],[85.2635,26.8888],[85.2624,26.8975],[85.2537,26.9079],[85.2545,26.9217],[85.2123,26.9133],[85.2128,26.903],[85.2026,26.8932],[85.201,26.884],[85.1862,26.8948],[85.1793,26.9066],[85.178,26.9005],[85.173,26.8993],[85.1769,26.8917],[85.1665,26.8922],[85.1654,26.8889],[85.1706,26.8892],[85.1752,26.8785],[85.1679,26.8782],[85.1786,26.8689],[85.1975,26.8665],[85.2038,26.8702],[85.2167,26.8637],[85.2253,26.863],[85.2265,26.8717],[85.239,26.8718],[85.2443,26.8834],[85.2657,26.8795],[85.267,26.879]]]}},{"type":"Feature","properties":{"province":2,"provinceName":"Madhesh","district":"Rautahat","localLevel":"Brindaban","type":"municipality"},"geometry":{"type":"Polygon","coordinates":[[[85.4531,27.1016],[85.4516,27.1139],[85.4443,27.117],[85.4102,27.1064],[85.3857,27.1082],[85.3715,27.1014],[85.3668,27.0858],[85.3704,27.0818],[85.3838,27.085],[85.3716,27.0753],[85.378,27.0645],[85.3847,27.067],[85.376,27.054],[85.3823,27.0534],[85.3859,27.0453],[85.3693,27.0328],[85.3646,27.0347],[85.3589,27.026],[85.3504,27.0317],[85.3448,27.0224],[85.3364,27.0281],[85.3234,27.0265],[85.3143,27.0165],[85.3006,27.0121],[85.3008,27.0032],[85.2857,27.0052],[85.2812,26.9942],[85.3098,26.9716],[85.3144,26.9716],[85.3168,26.9865],[85.3395,26.9853],[85.3437,26.9969],[85.3525,26.9943],[85.3514,26.9817],[85.3585,26.9821],[85.3589,26.976],[85.3692,26.9808],[85.3748,26.977],[85.3832,26.9921],[85.3926,26.9988],[85.3882,27.0083],[85.3908,27.0143],[85.3979,27.0195],[85.4047,27.034],[85.4136,27.0366],[85.4177,27.0492],[85.4257,27.0523],[85.4267,27.062],[85.4361,27.0669],[85.4347,27.0862],[85.4451,27.0902],[85.4522,27.1011],[85.4531,27.1016]]]}},{"type":"Feature","properties":{"province":2,"provinceName":"Madhesh","district":"Rautahat","localLevel":"Chandrapur","type":"municipality"},"geometry":{"type":"Polygon","coordinates":[[[85.3128,27.2302],[85.3027,27.2298],[85.2987,27.2034],[85.2879,27.1941],[85.2995,27.1843],[85.3024,27.1638],[85.2972,27.1572],[85.3012,27.1519],[85.2866,27.1393],[85.2903,27.1386],[85.2884,27.133],[85.2922,27.1335],[85.2903,27.1259],[85.2981,27.1225],[85.2866,27.1111],[85.2926,27.1073],[85.2885,27.1035],[85.2941,27.1017],[85.2898,27.0994],[85.2949,27.0982],[85.296,27.0913],[85.3097,27.0863],[85.3107,27.058],[85.3205,27.0541],[85.3275,27.0613],[85.3247,27.027],[85.3364,27.0281],[85.3448,27.0224],[85.3496,27.0315],[85.3589,27.026],[85.3646,27.0347],[85.3714,27.0338],[85.3861,27.0458],[85.3823,27.0534],[85.376,27.054],[85.3847,27.067],[85.378,27.0645],[85.3716,27.0753],[85.3838,27.085],[85.3704,27.0818],[85.3668,27.0858],[85.3714,27.1013],[85.3857,27.1082],[85.4102,27.1064],[85.4443,27.117],[85.4516,27.1139],[85.4531,27.1016],[85.4571,27.1032],[85.471,27.1145],[85.4761,27.1287],[85.4905,27.1386],[85.494,27.1596],[85.5058,27.1625],[85.5018,27.1677],[85.5056,27.1728],[85.4974,27.1734],[85.4825,27.1626],[85.4595,27.1658],[85.4548,27.1686],[85.4556,27.1774],[85.4504,27.1865],[85.4011,27.1965],[85.3957,27.2101],[85.3874,27.2071],[85.3788,27.2118],[85.3619,27.2105],[85.351,27.2219],[85.3399,27.2195],[85.3131,27.2302],[85.3128,27.2302]]]}},{"type":"Feature","properties":{"province":2,"provinceName":"Madhesh","district":"Rautahat","localLevel":"Dewahhi Gonahi","type":"municipality"},"geometry":{"type":"Polygon","coordinates":[[[85.288,26.9483],[85.2748,26.9481],[85.2717,26.9643],[85.2551,26.9736],[85.2372,26.9655],[85.2304,26.9518],[85.2403,26.9422],[85.2324,26.9364],[85.2335,26.9246],[85.2452,26.9185],[85.2545,26.9217],[85.2537,26.9079],[85.2624,26.8975],[85.2635,26.8888],[85.2748,26.8809],[85.267,26.879],[85.2774,26.874],[85.2846,26.8747],[85.2868,26.8808],[85.2729,26.9033],[85.2784,26.9241],[85.2922,26.9227],[85.2879,26.9465],[85.288,26.9483]]]}},{"type":"Feature","properties":{"province":2,"provinceName":"Madhesh","district":"Rautahat","localLevel":"Durga Bhagwati","type":"rural_municipality"},"geometry":{"type":"Polygon","coordinates":[[[85.3452,26.8556],[85.3342,26.8558],[85.3291,26.8639],[85.3204,26.8661],[85.3189,26.8546],[85.3088,26.8537],[85.3038,26.8576],[85.305,26.8533],[85.2951,26.8494],[85.302,26.8463],[85.298,26.844],[85.3029,26.8415],[85.2986,26.8391],[85.2997,26.8319],[85.3052,26.8363],[85.3081,26.8283],[85.3159,26.8288],[85.3142,26.8171],[85.3187,26.8169],[85.3128,26.8153],[85.3114,26.8071],[85.3192,26.8013],[85.3253,26.8021],[85.3257,26.8116],[85.3389,26.8346],[85.3515,26.8365],[85.3549,26.8409],[85.3547,26.8491],[85.3452,26.8556],[85.3452,26.8556]]]}},{"type":"Feature","properties":{"province":2,"provinceName":"Madhesh","district":"Rautahat","localLevel":"Gadhimai","type":"municipality"},"geometry":{"type":"Polygon","coordinates":[[[85.4031,26.954],[85.3982,26.9698],[85.404,26.9782],[85.4033,26.985],[85.3926,26.9988],[85.3832,26.9921],[85.3748,26.977],[85.3701,26.9778],[85.3644,26.9633],[85.3366,26.9654],[85.333,26.9553],[85.3447,26.9438],[85.3463,26.9312],[85.3347,26.9314],[85.3327,26.9088],[85.3438,26.9049],[85.3499,26.8964],[85.3741,26.8955],[85.3745,26.9021],[85.3884,26.913],[85.3896,26.9235],[85.4001,26.9373],[85.4031,26.954],[85.4031,26.954]]]}},{"type":"Feature","properties":{"province":2,"provinceName":"Madhesh","district":"Rautahat","localLevel":"Garuda","type":"municipality"},"geometry":{"type":"Polygon","coordinates":[[[85.3704,26.978],[85.3692,26.9808],[85.3589,26.976],[85.3585,26.9821],[85.3514,26.9817],[85.3525,26.9943],[85.3437,26.9969],[85.3395,26.9853],[85.3168,26.9865],[85.3144,26.9716],[85.3105,26.9714],[85.2842,26.992],[85.2787,26.9741],[85.2886,26.9714],[85.2902,26.9253],[85.299,26.9213],[85.2969,26.9008],[85.3022,26.9071],[85.3202,26.9062],[85.3215,26.9208],[85.333,26.923],[85.3347,26.9314],[85.3463,26.9312],[85.3447,26.9438],[85.333,26.9553],[85.3365,26.9653],[85.3644,26.9633],[85.3701,26.9778],[85.3704,26.978]]]}},{"type":"Feature","properties":{"province":2,"provinceName":"Madhesh","district":"Rautahat","localLevel":"Gaur","type":"municipality"},"geometry":{"type":"Polygon","coordinates":[[[85.2907,26.799],[85.2668,26.8029],[85.2573,26.7935],[85.2491,26.7771],[85.2565,26.7682],[85.2552,26.761],[85.2604,26.7624],[85.2596,26.7561],[85.2861,26.753],[85.2902,26.7676],[85.312,26.7754],[85.3095,26.7839],[85.2979,26.7828],[85.293,26.7912],[85.2952,26.799],[85.2914,26.7989],[85.2907,26.799]]]}},{"type":"Feature","properties":{"province":2,"provinceName":"Madhesh","district":"Rautahat","localLevel":"Gujara","type":"municipality"},"geometry":{"type":"Polygon","coordinates":[[[85.303,27.2302],[85.2742,27.229],[85.265,27.2216],[85.2676,27.2131],[85.2536,27.1898],[85.2486,27.1587],[85.234,27.1451],[85.2335,27.1339],[85.2085,27.1169],[85.2316,27.0799],[85.2254,27.0705],[85.2325,27.0596],[85.225,27.0519],[85.2369,27.0509],[85.2465,27.0374],[85.2501,27.0449],[85.2587,27.0408],[85.2587,27.0204],[85.2814,26.9962],[85.286,27.0055],[85.3008,27.0032],[85.3006,27.0121],[85.3143,27.0165],[85.3277,27.0303],[85.3275,27.0613],[85.3205,27.0541],[85.3107,27.058],[85.3097,27.0863],[85.296,27.0913],[85.2949,27.0982],[85.2898,27.0994],[85.2941,27.1017],[85.2885,27.1035],[85.2926,27.1073],[85.2866,27.1111],[85.2981,27.1225],[85.2903,27.1259],[85.2922,27.1335],[85.2884,27.133],[85.2903,27.1386],[85.2866,27.1393],[85.3013,27.1521],[85.2972,27.157],[85.3024,27.1632],[85.3018,27.1763],[85.2993,27.1845],[85.2878,27.1934],[85.2987,27.2034],[85.3027,27.2298],[85.303,27.2302]]]}},{"type":"Feature","properties":{"province":2,"provinceName":"Madhesh","district":"Rautahat","localLevel":"Ishanath","type":"municipality"},"geometry":{"type":"Polygon","coordinates":[[[85.2162,26.8351],[85.2105,26.8412],[85.2106,26.8354],[85.2056,26.8324],[85.2072,26.8169],[85.1869,26.8218],[85.1792,26.8149],[85.1848,26.8],[85.1823,26.7959],[85.1956,26.7903],[85.1939,26.7818],[85.1993,26.7697],[85.214,26.7576],[85.2366,26.7623],[85.2596,26.7561],[85.2605,26.7621],[85.2545,26.762],[85.2565,26.7682],[85.2505,26.7713],[85.2503,26.7788],[85.2429,26.7759],[85.236,26.7831],[85.2405,26.788],[85.2308,26.7897],[85.2356,26.8094],[85.2163,26.8349],[85.2162,26.8351]]]}},{"type":"Feature","properties":{"province":2,"provinceName":"Madhesh","district":"Rautahat","localLevel":"Katahariya","type":"municipality"},"geometry":{"type":"Polygon","coordinates":[[[85.2814,26.9962],[85.2587,27.0204],[85.2587,27.0408],[85.2501,27.0449],[85.2465,27.0374],[85.2369,27.0509],[85.225,27.0519],[85.2242,27.0414],[85.2409,27.024],[85.2372,27.0178],[85.2245,27.0124],[85.2219,27.005],[85.2255,26.9941],[85.2384,26.9933],[85.2371,26.9874],[85.2209,26.9748],[85.2204,26.9666],[85.2304,26.9518],[85.2372,26.9655],[85.2551,26.9736],[85.2717,26.9643],[85.2748,26.9481],[85.289,26.9487],[85.2882,26.9723],[85.2787,26.9741],[85.2842,26.992],[85.2814,26.996],[85.2814,26.9962]]]}},{"type":"Feature","properties":{"province":2,"provinceName":"Madhesh","district":"Rautahat","localLevel":"Madhav Narayan","type":"municipality"},"geometry":{"type":"Polygon","coordinates":[[[85.333,26.923],[85.3215,26.9208],[85.3202,26.9062],[85.3022,26.9071],[85.2969,26.9008],[85.2981,26.9231],[85.2784,26.9241],[85.2727,26.9022],[85.2815,26.8946],[85.283,26.8817],[85.2868,26.8808],[85.2849,26.8745],[85.2915,26.8721],[85.3013,26.8773],[85.3208,26.8728],[85.3204,26.8661],[85.3291,26.8639],[85.3387,26.8541],[85.3815,26.8802],[85.3948,26.8828],[85.3978,26.8925],[85.3894,26.916],[85.3745,26.9021],[85.3738,26.8953],[85.3499,26.8964],[85.3438,26.9049],[85.3327,26.9088],[85.3331,26.9226],[85.333,26.923]]]}},{"type":"Feature","properties":{"province":2,"provinceName":"Madhesh","district":"Rautahat","localLevel":"Maulapur","type":"municipality"},"geometry":{"type":"Polygon","coordinates":[[[85.2211,26.9732],[85.2116,26.9722],[85.2103,26.9663],[85.2167,26.9649],[85.2113,26.962],[85.2159,26.9571],[85.2047,26.9533],[85.1986,26.9451],[85.1732,26.9585],[85.1707,26.9542],[85.1774,26.944],[85.1658,26.9402],[85.1727,26.9322],[85.181,26.9318],[85.1814,26.9251],[85.1722,26.9198],[85.1735,26.9155],[85.1859,26.8952],[85.201,26.884],[85.2026,26.8932],[85.2128,26.903],[85.2123,26.9133],[85.2431,26.9194],[85.2335,26.9246],[85.2324,26.9364],[85.2402,26.9425],[85.2237,26.9608],[85.2211,26.973],[85.2211,26.9732]]]}},{"type":"Feature","properties":{"province":2,"provinceName":"Madhesh","district":"Rautahat","localLevel":"Paroha","type":"municipality"},"geometry":{"type":"Polygon","coordinates":[[[85.267,26.879],[85.2443,26.8834],[85.239,26.8718],[85.2265,26.8717],[85.2251,26.863],[85.2038,26.8702],[85.1948,26.8665],[85.195,26.8385],[85.1869,26.8218],[85.2072,26.8169],[85.2056,26.8324],[85.2106,26.8354],[85.2105,26.8412],[85.2162,26.8351],[85.2339,26.8319],[85.2539,26.8432],[85.2561,26.8411],[85.2617,26.8482],[85.2731,26.845],[85.2729,26.8519],[85.286,26.8535],[85.2861,26.8589],[85.2943,26.8626],[85.2915,26.8721],[85.2675,26.8788],[85.267,26.879]]]}},{"type":"Feature","properties":{"province":2,"provinceName":"Madhesh","district":"Rautahat","localLevel":"Phatuwa Bijayapur","type":"municipality"},"geometry":{"type":"Polygon","coordinates":[[[85.225,27.0519],[85.2325,27.0596],[85.2254,27.0705],[85.2316,27.0799],[85.2085,27.1169],[85.1985,27.1032],[85.2047,27.0833],[85.1965,27.0772],[85.2027,27.0655],[85.1945,27.0646],[85.1854,27.0495],[85.1905,27.0468],[85.1987,27.0502],[85.1968,27.0428],[85.2028,27.0389],[85.1795,27.0373],[85.1815,27.0331],[85.1936,27.0331],[85.2004,27.0276],[85.1972,27.0215],[85.185,27.0183],[85.1892,27.0073],[85.1798,27.0029],[85.1658,26.9793],[85.1745,26.9766],[85.1738,26.9572],[85.1986,26.9451],[85.2047,26.9533],[85.2159,26.9571],[85.2113,26.962],[85.2167,26.9649],[85.2103,26.9663],[85.2116,26.9722],[85.2211,26.9732],[85.2229,26.9789],[85.2383,26.9898],[85.2371,26.995],[85.2231,26.9962],[85.2243,27.0122],[85.2372,27.0178],[85.2409,27.024],[85.2242,27.0414],[85.2252,27.0516],[85.225,27.0519]]]}},{"type":"Feature","properties":{"province":2,"provinceName":"Madhesh","district":"Rautahat","localLevel":"Rajdevi","type":"municipality"},"geometry":{"type":"Polygon","coordinates":[[[85.3253,26.8021],[85.3119,26.8055],[85.3128,26.8153],[85.3071,26.8175],[85.3065,26.8109],[85.2937,26.813],[85.293,26.7912],[85.2983,26.7825],[85.3107,26.783],[85.3125,26.7762],[85.2902,26.7676],[85.2861,26.753],[85.3089,26.7519],[85.3284,26.7443],[85.3355,26.76],[85.3534,26.7613],[85.348,26.7664],[85.348,26.7751],[85.332,26.7768],[85.3434,26.7865],[85.3255,26.8019],[85.3253,26.8021]]]}},{"type":"Feature","properties":{"province":2,"provinceName":"Madhesh","district":"Rautahat","localLevel":"Rajpur","type":"municipality"},"geometry":{"type":"Polygon","coordinates":[[[85.2731,26.845],[85.2617,26.8482],[85.2561,26.8411],[85.2539,26.8432],[85.2339,26.8319],[85.2162,26.8351],[85.2356,26.8094],[85.2308,26.7897],[85.2405,26.788],[85.236,26.7831],[85.2429,26.7759],[85.2503,26.7788],[85.2662,26.8028],[85.2907,26.799],[85.2914,26.8074],[85.285,26.8163],[85.2906,26.8192],[85.2925,26.8276],[85.2865,26.8386],[85.2732,26.8449],[85.2731,26.845]]]}},{"type":"Feature","properties":{"province":2,"provinceName":"Madhesh","district":"Rautahat","localLevel":"Yemunamai","type":"rural_municipality"},"geometry":{"type":"Polygon","coordinates":[[[85.3204,26.8661],[85.3208,26.8728],[85.3013,26.8773],[85.2915,26.8721],[85.2943,26.8626],[85.2861,26.8589],[85.2866,26.8539],[85.2729,26.8519],[85.2732,26.8449],[85.2865,26.8386],[85.2925,26.8276],[85.2906,26.8192],[85.285,26.8163],[85.2913,26.8075],[85.2937,26.813],[85.3065,26.8109],[85.3067,26.8176],[85.3176,26.8143],[85.3139,26.8183],[85.3159,26.8288],[85.3081,26.8283],[85.3052,26.8363],[85.2997,26.8319],[85.2986,26.8391],[85.3029,26.8415],[85.298,26.844],[85.302,26.8463],[85.2951,26.8494],[85.305,26.8533],[85.3038,26.8576],[85.3088,26.8537],[85.3189,26.8546],[85.3204,26.8659],[85.3204,26.8661]]]}},{"type":"Feature","properties":{"province":2,"provinceName":"Madhesh","district":"Bara","localLevel":"Adarshkotwal","type":"rural_municipality"},"geometry":{"type":"Polygon","coordinates":[[[85.1702,26.9887],[85.161,26.9883],[85.1587,26.9797],[85.1282,26.9798],[85.1341,26.9716],[85.1302,26.9671],[85.1433,26.9619],[85.1425,26.9569],[85.137,26.9582],[85.1352,26.9538],[85.1232,26.9532],[85.1218,26.948],[85.1126,26.9465],[85.1157,26.9415],[85.111,26.9301],[85.1048,26.9317],[85.1004,26.9269],[85.1044,26.92],[85.0974,26.9203],[85.0965,26.9264],[85.0919,26.9202],[85.097,26.9033],[85.1025,26.9029],[85.1062,26.9117],[85.1215,26.9176],[85.122,26.9248],[85.1251,26.9197],[85.1266,26.9272],[85.1363,26.9239],[85.1566,26.9332],[85.1574,26.9126],[85.1782,26.9103],[85.1722,26.9198],[85.1804,26.9229],[85.181,26.9318],[85.1727,26.9322],[85.1658,26.9401],[85.1778,26.9466],[85.1707,26.9542],[85.1745,26.9766],[85.1658,26.9793],[85.1701,26.9886],[85.1702,26.9887]]]}},{"type":"Feature","properties":{"province":2,"provinceName":"Madhesh","district":"Bara","localLevel":"Baragadhi","type":"rural_municipality"},"geometry":{"type":"Polygon","coordinates":[[[85.1864,27.0196],[85.1853,27.0245],[85.1763,27.0231],[85.1703,27.0291],[85.1677,27.0215],[85.1458,27.0216],[85.1444,27.0149],[85.1556,27.0086],[85.1518,27.0027],[85.1399,27.0046],[85.1402,27.0147],[85.1361,27.0161],[85.1397,27.0182],[85.133,27.0277],[85.1146,27.0191],[85.0959,27.0215],[85.0929,27.0172],[85.0992,27.0168],[85.0986,27.0125],[85.1063,27.0077],[85.1115,26.9882],[85.1055,26.9689],[85.1159,26.9579],[85.1142,26.9539],[85.1215,26.9505],[85.1352,26.9538],[85.137,26.9582],[85.1423,26.9565],[85.1433,26.9619],[85.1302,26.9671],[85.1341,26.9716],[85.1281,26.9795],[85.1594,26.9799],[85.161,26.9883],[85.1702,26.9887],[85.1798,27.0029],[85.1891,27.0071],[85.1896,27.0119],[85.1836,27.0159],[85.186,27.0189],[85.1864,27.0196]]]}},{"type":"Feature","properties":{"province":2,"provinceName":"Madhesh","district":"Bara","localLevel":"Bishrampur","type":"rural_municipality"},"geometry":{"type":"Polygon","coordinates":[[[84.9478,26.9787],[84.9421,26.9773],[84.9376,26.9835],[84.9181,26.9822],[84.9209,26.9924],[84.9136,27.0006],[84.9198,27.0101],[84.9265,27.01],[84.9236,27.0222],[84.9227,27.0188],[84.9141,27.0202],[84.888,26.9931],[84.8763,26.9865],[84.8694,26.9886],[84.8684,26.9835],[84.8908,26.9772],[84.8944,26.9693],[84.8982,26.9727],[84.9457,26.9636],[84.9479,26.9786],[84.9478,26.9787]]]}},{"type":"Feature","properties":{"province":2,"provinceName":"Madhesh","district":"Bara","localLevel":"Devtal","type":"rural_municipality"},"geometry":{"type":"Polygon","coordinates":[[[85.0394,26.9405],[85.0305,26.9447],[85.027,26.9523],[85.0132,26.9556],[85.0172,26.96],[85.0312,26.9576],[85.0366,26.9705],[85.0189,26.9722],[85.0206,26.9763],[85.0118,26.9768],[85.0166,26.9824],[85.006,26.9821],[85.0011,26.9514],[84.9973,26.9521],[84.9934,26.94],[84.992,26.9444],[84.9837,26.9418],[84.9788,26.9318],[84.9724,26.9287],[84.9741,26.9217],[84.9698,26.916],[85.0011,26.9121],[85.0016,26.9306],[85.0259,26.9319],[85.0345,26.9252],[85.033,26.9328],[85.0396,26.9402],[85.0394,26.9405]]]}},{"type":"Feature","properties":{"province":2,"provinceName":"Madhesh","district":"Bara","localLevel":"Jitpur Simara","type":"sub_metropolitan_city"},"geometry":{"type":"Polygon","coordinates":[[[85.0462,27.3601],[85.0268,27.3584],[85.0237,27.3518],[85.0154,27.3551],[85.0062,27.3526],[85.0014,27.3651],[84.9978,27.3655],[84.9824,27.3613],[84.9796,27.3558],[84.9719,27.3561],[84.9691,27.3507],[84.9663,27.3337],[84.9712,27.3194],[84.9605,27.3016],[84.9658,27.284],[84.9779,27.2771],[84.9782,27.2707],[84.9738,27.2518],[84.9674,27.2441],[84.9621,27.1962],[84.9554,27.1907],[84.9469,27.1637],[84.9487,27.1597],[84.9528,27.1612],[84.9547,27.1515],[84.949,27.1409],[84.9574,27.1347],[84.9572,27.1266],[84.9438,27.1111],[84.9425,27.0929],[84.9305,27.0894],[84.9264,27.0835],[84.9383,27.0743],[84.9376,27.0659],[84.9492,27.0689],[84.9537,27.0784],[84.9761,27.076],[84.9841,27.0629],[84.9936,27.0695],[85.0094,27.0692],[85.0244,27.0903],[85.0205,27.0948],[85.0267,27.1003],[85.0275,27.1094],[85.0345,27.1152],[85.043,27.1136],[85.0558,27.1022],[85.0565,27.0925],[85.0754,27.1033],[85.0698,27.0998],[85.0734,27.0942],[85.0638,27.0884],[85.0659,27.0745],[85.0764,27.0741],[85.0742,27.0797],[85.0966,27.0945],[85.084,27.1128],[85.0833,27.1568],[85.0866,27.1637],[85.0742,27.1676],[85.0769,27.1843],[85.0668,27.211],[85.0538,27.2305],[85.0369,27.2446],[85.0301,27.259],[85.0349,27.2783],[85.056,27.3006],[85.0464,27.3588],[85.0462,27.3601]]]}},{"type":"Feature","properties":{"province":2,"provinceName":"Madhesh","district":"Bara","localLevel":"Kalaiya","type":"sub_metropolitan_city"},"geometry":{"type":"Polygon","coordinates":[[[85.0733,27.0729],[85.0656,27.0747],[85.0638,27.0881],[85.0734,27.0942],[85.0698,27.0998],[85.0754,27.1033],[85.0565,27.0925],[85.0558,27.1022],[85.043,27.1136],[85.0345,27.1152],[85.0277,27.1097],[85.0267,27.1003],[85.0205,27.0948],[85.0244,27.0903],[85.0094,27.0692],[85.0024,27.0696],[84.9874,27.0483],[84.9749,27.0448],[84.9749,27.0386],[84.9701,27.0427],[84.9635,27.0357],[84.9551,27.0382],[84.9557,27.0315],[84.9465,27.0273],[84.9508,27.0208],[84.9671,27.019],[84.9614,27.0035],[84.9703,27.0041],[84.9693,26.9949],[84.979,26.9894],[84.9635,26.9737],[84.9478,26.9787],[84.9457,26.9636],[84.9681,26.958],[84.9798,26.9368],[84.9913,26.9444],[84.9937,26.9402],[84.9973,26.9521],[85.0011,26.9514],[85.0057,26.9819],[85.026,26.9832],[85.0337,26.9943],[85.0306,27.0039],[85.0368,27.0072],[85.0262,27.0106],[85.0434,27.0164],[85.0422,27.0212],[85.0499,27.0232],[85.0442,27.0296],[85.0557,27.038],[85.0673,27.0382],[85.0707,27.0513],[85.0652,27.0554],[85.0699,27.0585],[85.0729,27.0724],[85.0733,27.0729]]]}},{"type":"Feature","properties":{"province":2,"provinceName":"Madhesh","district":"Bara","localLevel":"Karaiyamai","type":"rural_municipality"},"geometry":{"type":"Polygon","coordinates":[[[85.133,27.0277],[85.1359,27.0337],[85.128,27.0418],[85.1256,27.054],[85.1349,27.0601],[85.1368,27.0713],[85.1223,27.0788],[85.1148,27.0695],[85.1054,27.0763],[85.0899,27.0732],[85.0919,27.081],[85.078,27.0786],[85.0652,27.0554],[85.0707,27.0513],[85.0673,27.0382],[85.0559,27.0381],[85.0512,27.0323],[85.0877,27.0212],[85.0911,27.0123],[85.0805,26.9984],[85.0888,26.9967],[85.0922,26.9914],[85.0877,26.9761],[85.0944,26.9668],[85.1055,26.9689],[85.1115,26.9882],[85.1051,27.0114],[85.0934,27.0188],[85.1146,27.0191],[85.1327,27.0277],[85.133,27.0277]]]}},{"type":"Feature","properties":{"province":2,"provinceName":"Madhesh","district":"Bara","localLevel":"Kolhabi","type":"municipality"},"geometry":{"type":"Polygon","coordinates":[[[85.2085,27.1169],[85.1846,27.1556],[85.187,27.1639],[85.1795,27.1654],[85.1734,27.18],[85.1427,27.1779],[85.1106,27.1667],[85.0866,27.1637],[85.0833,27.1568],[85.084,27.1128],[85.0966,27.0945],[85.074,27.0789],[85.0764,27.0761],[85.0919,27.081],[85.0899,27.0732],[85.1054,27.0763],[85.1148,27.0695],[85.1223,27.0788],[85.1364,27.0717],[85.1349,27.0601],[85.1263,27.0558],[85.1251,27.0478],[85.1359,27.0337],[85.1333,27.0253],[85.1397,27.0182],[85.1361,27.0161],[85.1402,27.0147],[85.1399,27.0046],[85.1526,27.0028],[85.1556,27.0086],[85.1444,27.0149],[85.1458,27.0216],[85.1677,27.0215],[85.1703,27.0291],[85.1763,27.0231],[85.1853,27.0245],[85.1872,27.0189],[85.1993,27.0239],[85.1988,27.0302],[85.1815,27.0331],[85.1795,27.0373],[85.2032,27.0402],[85.1969,27.0426],[85.1987,27.0502],[85.1905,27.0468],[85.1854,27.0495],[85.1945,27.0646],[85.2027,27.0655],[85.1965,27.0772],[85.2047,27.0833],[85.1985,27.1032],[85.2083,27.1168],[85.2085,27.1169]]]}},{"type":"Feature","properties":{"province":2,"provinceName":"Madhesh","district":"Bara","localLevel":"Mahagadhimai","type":"municipality"},"geometry":{"type":"Polygon","coordinates":[[[85.0975,26.9677],[85.0929,26.9673],[85.0877,26.9761],[85.0922,26.9914],[85.0888,26.9967],[85.0807,26.9973],[85.0911,27.0123],[85.0877,27.0212],[85.0622,27.0315],[85.0445,27.0298],[85.0499,27.0229],[85.0422,27.0212],[85.0434,27.0164],[85.0269,27.0113],[85.0368,27.0072],[85.0306,27.0039],[85.0337,26.9943],[85.0262,26.9834],[85.0166,26.9824],[85.0118,26.9768],[85.0366,26.9705],[85.0312,26.9576],[85.0172,26.96],[85.0132,26.9556],[85.027,26.9523],[85.0305,26.9447],[85.0394,26.9405],[85.0471,26.9514],[85.0532,26.949],[85.0528,26.9439],[85.0597,26.9428],[85.0564,26.9512],[85.0601,26.9632],[85.0658,26.9636],[85.0662,26.946],[85.0602,26.9384],[85.0655,26.9334],[85.074,26.9377],[85.0841,26.931],[85.0872,26.9465],[85.0964,26.9527],[85.0977,26.9674],[85.0975,26.9677]]]}},{"type":"Feature","properties":{"province":2,"provinceName":"Madhesh","district":"Bara","localLevel":"Nijgadh","type":"municipality"},"geometry":{"type":"Polygon","coordinates":[[[85.1201,27.3162],[85.1063,27.3198],[85.0971,27.3322],[85.0936,27.3563],[85.0893,27.3606],[85.073,27.3641],[85.0637,27.3602],[85.059,27.3654],[85.047,27.3613],[85.056,27.3006],[85.0349,27.2783],[85.0307,27.257],[85.0668,27.211],[85.0769,27.1843],[85.0742,27.1676],[85.0945,27.1635],[85.1424,27.1778],[85.1734,27.18],[85.1795,27.1654],[85.187,27.1639],[85.1846,27.1556],[85.2089,27.117],[85.2335,27.1339],[85.234,27.1451],[85.2483,27.1582],[85.2536,27.1898],[85.2676,27.2131],[85.2645,27.2208],[85.2732,27.2262],[85.26,27.2289],[85.2538,27.2447],[85.2452,27.2484],[85.234,27.2431],[85.2106,27.2451],[85.2047,27.25],[85.1951,27.2448],[85.1804,27.2487],[85.1832,27.2543],[85.1582,27.2618],[85.1475,27.2727],[85.147,27.2827],[85.1289,27.2923],[85.1208,27.315],[85.1201,27.3162]]]}},{"type":"Feature","properties":{"province":2,"provinceName":"Madhesh","district":"Bara","localLevel":"Pacharauta","type":"municipality"},"geometry":{"type":"Polygon","coordinates":[[[85.1055,26.9689],[85.0975,26.9677],[85.0964,26.9527],[85.0839,26.9398],[85.0844,26.9295],[85.0892,26.9251],[85.0842,26.9174],[85.0791,26.917],[85.0758,26.9107],[85.0614,26.9098],[85.0597,26.8965],[85.0533,26.8869],[85.0625,26.8857],[85.0574,26.8812],[85.0506,26.8849],[85.0544,26.881],[85.0453,26.8794],[85.0439,26.8743],[85.0397,26.8778],[85.0315,26.875],[85.031,26.859],[85.0242,26.8546],[85.0596,26.8489],[85.0601,26.8558],[85.0669,26.8566],[85.0662,26.8494],[85.0805,26.8585],[85.0898,26.8527],[85.0866,26.8552],[85.0916,26.8593],[85.088,26.8663],[85.0985,26.8718],[85.0977,26.8795],[85.103,26.8807],[85.1056,26.8921],[85.0909,26.8966],[85.097,26.9033],[85.0919,26.9202],[85.0965,26.9264],[85.0974,26.9203],[85.1036,26.9191],[85.1004,26.9269],[85.1048,26.9317],[85.111,26.9301],[85.1157,26.9415],[85.1126,26.9465],[85.1221,26.9485],[85.1058,26.9686],[85.1055,26.9689]]]}},{"type":"Feature","properties":{"province":2,"provinceName":"Madhesh","district":"Bara","localLevel":"Parwanipur","type":"rural_municipality"},"geometry":{"type":"Polygon","coordinates":[[[84.9628,27.0754],[84.9537,27.0784],[84.9492,27.0689],[84.9385,27.0659],[84.9377,27.0704],[84.9197,27.0723],[84.9023,27.0458],[84.9011,27.0333],[84.9171,27.0337],[84.9144,27.0385],[84.9228,27.0508],[84.9421,27.0493],[84.94,27.0426],[84.9519,27.04],[84.9505,27.0474],[84.965,27.0628],[84.9627,27.0753],[84.9628,27.0754]]]}},{"type":"Feature","properties":{"province":2,"provinceName":"Madhesh","district":"Bara","localLevel":"Pheta","type":"rural_municipality"},"geometry":{"type":"Polygon","coordinates":[[[84.951,27.03],[84.9396,27.0301],[84.9334,27.0245],[84.9369,27.0221],[84.9263,27.02],[84.9265,27.01],[84.9198,27.0101],[84.9136,27.0006],[84.9209,26.9924],[84.9183,26.982],[84.9376,26.9835],[84.9421,26.9773],[84.9527,26.9798],[84.9635,26.9737],[84.9785,26.9877],[84.9679,26.9975],[84.9703,27.0041],[84.9614,27.0035],[84.9674,27.0186],[84.9508,27.0208],[84.9457,27.0255],[84.9512,27.0296],[84.951,27.03]]]}},{"type":"Feature","properties":{"province":2,"provinceName":"Madhesh","district":"Bara","localLevel":"Prasauni","type":"rural_municipality"},"geometry":{"type":"Polygon","coordinates":[[[85.0021,27.069],[84.9936,27.0695],[84.9841,27.0629],[84.9761,27.076],[84.963,27.0757],[84.965,27.0628],[84.9505,27.0474],[84.9519,27.04],[84.94,27.0426],[84.9421,27.0493],[84.9228,27.0508],[84.9144,27.0385],[84.9195,27.0337],[84.9128,27.0204],[84.9317,27.0187],[84.9396,27.0301],[84.9553,27.0311],[84.9551,27.0382],[84.9635,27.0357],[84.9701,27.0427],[84.9749,27.0386],[84.9749,27.0448],[84.9874,27.0483],[85.0021,27.0688],[85.0021,27.069]]]}},{"type":"Feature","properties":{"province":2,"provinceName":"Madhesh","district":"Bara","localLevel":"Simraungadh","type":"municipality"},"geometry":{"type":"Polygon","coordinates":[[[85.1782,26.9103],[85.1574,26.9126],[85.157,26.9332],[85.1363,26.9239],[85.1266,26.9272],[85.1251,26.9197],[85.122,26.9248],[85.1215,26.9176],[85.1062,26.9117],[85.1025,26.9029],[85.0929,26.9012],[85.0911,26.8964],[85.1056,26.8921],[85.103,26.8807],[85.0977,26.8795],[85.0985,26.8718],[85.0911,26.8698],[85.0983,26.8668],[85.1134,26.8722],[85.1364,26.8675],[85.1422,26.8709],[85.1786,26.8689],[85.1679,26.8782],[85.1752,26.8785],[85.1706,26.8892],[85.1654,26.8887],[85.1665,26.8922],[85.1771,26.892],[85.173,26.8993],[85.1783,26.901],[85.1784,26.91],[85.1782,26.9103]]]}},{"type":"Feature","properties":{"province":2,"provinceName":"Madhesh","district":"Bara","localLevel":"Suwarna","type":"rural_municipality"},"geometry":{"type":"Polygon","coordinates":[[[85.0841,26.931],[85.074,26.9377],[85.0655,26.9334],[85.0606,26.9379],[85.0662,26.946],[85.0664,26.9628],[85.0608,26.9635],[85.0563,26.9503],[85.0603,26.9435],[85.0528,26.9439],[85.0532,26.949],[85.0471,26.9514],[85.033,26.9328],[85.0345,26.9252],[85.0259,26.9319],[85.0016,26.9306],[85.0046,26.9039],[84.998,26.9064],[84.9949,26.9026],[85.0075,26.8944],[85.0554,26.8888],[85.0618,26.9103],[85.0755,26.9105],[85.0791,26.917],[85.0842,26.9174],[85.0892,26.9251],[85.0841,26.931],[85.0841,26.931]]]}},{"type":"Feature","properties":{"province":2,"provinceName":"Madhesh","district":"Parsa","localLevel":"Bahudaramai","type":"municipality"},"geometry":{"type":"Polygon","coordinates":[[[84.8549,27.1111],[84.8547,27.1155],[84.8495,27.1168],[84.8466,27.1118],[84.8331,27.108],[84.8342,27.1224],[84.8253,27.121],[84.8162,27.1149],[84.8178,27.0937],[84.7982,27.1009],[84.7903,27.0846],[84.7994,27.0727],[84.8143,27.0771],[84.814,27.0713],[84.8213,27.0684],[84.8165,27.0546],[84.8273,27.0503],[84.8274,27.0403],[84.8384,27.0401],[84.8401,27.036],[84.8427,27.0395],[84.838,27.0459],[84.8439,27.0479],[84.8465,27.0607],[84.8531,27.0679],[84.8491,27.0735],[84.8586,27.0837],[84.8527,27.0909],[84.8549,27.111],[84.8549,27.1111]]]}},{"type":"Feature","properties":{"province":2,"provinceName":"Madhesh","district":"Parsa","localLevel":"Bindabasini","type":"rural_municipality"},"geometry":{"type":"Polygon","coordinates":[[[84.8187,27.0515],[84.8158,27.0569],[84.8213,27.0684],[84.814,27.0713],[84.8143,27.0771],[84.8,27.0727],[84.7973,27.0754],[84.7977,27.0653],[84.7904,27.0549],[84.7969,27.0497],[84.7899,27.0391],[84.777,27.0385],[84.7672,27.0425],[84.7679,27.0465],[84.7611,27.0466],[84.7685,27.0311],[84.7644,27.0087],[84.7752,27.0176],[84.7848,27.0139],[84.7864,27.0078],[84.791,27.0087],[84.7886,26.9981],[84.7959,26.9956],[84.7995,27.004],[84.8027,27.0006],[84.8127,27.0119],[84.8108,27.0178],[84.8142,27.0155],[84.8139,27.0203],[84.8199,27.021],[84.8121,27.0299],[84.8125,27.0386],[84.8197,27.04],[84.8187,27.0494],[84.8187,27.0515]]]}},{"type":"Feature","properties":{"province":2,"provinceName":"Madhesh","district":"Parsa","localLevel":"Birgunj","type":"metropolitan_city"},"geometry":{"type":"Polygon","coordinates":[[[84.9377,27.0704],[84.9382,27.0744],[84.9264,27.0835],[84.9305,27.0894],[84.9425,27.0929],[84.9438,27.1111],[84.9572,27.1266],[84.9574,27.1347],[84.949,27.1409],[84.9547,27.1515],[84.9528,27.1612],[84.9487,27.1597],[84.9469,27.1637],[84.9554,27.1907],[84.9621,27.1962],[84.9657,27.2315],[84.9524,27.232],[84.9398,27.197],[84.9407,27.1875],[84.9305,27.1752],[84.9334,27.168],[84.9215,27.1612],[84.9193,27.1493],[84.933,27.1505],[84.9266,27.1369],[84.9193,27.1307],[84.9031,27.139],[84.8898,27.1312],[84.8927,27.1273],[84.887,27.1182],[84.8877,27.1084],[84.8749,27.0971],[84.8647,27.1005],[84.8549,27.1111],[84.8527,27.0909],[84.8586,27.0837],[84.8491,27.0735],[84.8531,27.0679],[84.8465,27.0607],[84.8439,27.0479],[84.838,27.0459],[84.8412,27.0365],[84.8274,27.0403],[84.8273,27.0503],[84.8223,27.0516],[84.8187,27.0515],[84.8194,27.0395],[84.8125,27.0386],[84.8171,27.0221],[84.8569,27.008],[84.8523,26.998],[84.86,26.9973],[84.858,26.9865],[84.8612,26.9889],[84.8684,26.9835],[84.8694,26.9886],[84.8828,26.9891],[84.9135,27.0179],[84.9195,27.0341],[84.9014,27.0331],[84.9022,27.0456],[84.9197,27.0723],[84.9377,27.0703],[84.9377,27.0704]]]}},{"type":"Feature","properties":{"province":2,"provinceName":"Madhesh","district":"Parsa","localLevel":"Chhipaharmai","type":"rural_municipality"},"geometry":{"type":"Polygon","coordinates":[[[84.6985,27.0589],[84.6739,27.0691],[84.6813,27.076],[84.6833,27.0889],[84.6823,27.0995],[84.6769,27.1],[84.6764,27.0955],[84.6723,27.0979],[84.6669,27.0944],[84.6726,27.0909],[84.6654,27.089],[84.667,27.0861],[84.6568,27.0835],[84.6604,27.0793],[84.6485,27.0753],[84.6451,27.0594],[84.6485,27.0511],[84.6449,27.0463],[84.7036,27.0268],[84.7005,27.0293],[84.7041,27.0364],[84.7005,27.0345],[84.6992,27.0424],[84.7041,27.0467],[84.6988,27.0585],[84.6985,27.0589]]]}},{"type":"Feature","properties":{"province":2,"provinceName":"Madhesh","district":"Parsa","localLevel":"Dhobini","type":"rural_municipality"},"geometry":{"type":"Polygon","coordinates":[[[84.7215,27.1167],[84.6958,27.1244],[84.6804,27.1346],[84.6791,27.1149],[84.672,27.1097],[84.6769,27.1086],[84.6769,27.1],[84.6823,27.0995],[84.6833,27.0889],[84.6813,27.076],[84.6741,27.0688],[84.6977,27.0589],[84.706,27.0632],[84.7075,27.0769],[84.7162,27.0839],[84.7101,27.0952],[84.7239,27.1028],[84.7192,27.1087],[84.7215,27.1166],[84.7215,27.1167]]]}},{"type":"Feature","properties":{"province":2,"provinceName":"Madhesh","district":"Parsa","localLevel":"Jagarnathpur","type":"rural_municipality"},"geometry":{"type":"Polygon","coordinates":[[[84.7517,27.1742],[84.7416,27.1539],[84.7026,27.1594],[84.7056,27.1816],[84.7003,27.1815],[84.6945,27.1921],[84.6849,27.185],[84.6875,27.1803],[84.6774,27.1707],[84.6831,27.1686],[84.6791,27.1623],[84.6889,27.1583],[84.6825,27.1518],[84.6857,27.1434],[84.6807,27.1348],[84.6958,27.1244],[84.725,27.1155],[84.7271,27.1],[84.7323,27.0969],[84.7393,27.1013],[84.7469,27.1174],[84.7532,27.1108],[84.7642,27.1108],[84.7643,27.0951],[84.7714,27.0951],[84.7787,27.1105],[84.7761,27.1206],[84.7823,27.1269],[84.7418,27.1289],[84.7441,27.1379],[84.7592,27.1495],[84.7581,27.1694],[84.7517,27.1738],[84.7517,27.1742]]]}},{"type":"Feature","properties":{"province":2,"provinceName":"Madhesh","district":"Parsa","localLevel":"Jirabhawani","type":"rural_municipality"},"geometry":{"type":"Polygon","coordinates":[[[84.754,27.2484],[84.7468,27.2482],[84.746,27.2381],[84.7365,27.229],[84.7346,27.2097],[84.7202,27.2152],[84.7111,27.2055],[84.7144,27.2179],[84.709,27.2171],[84.7052,27.2229],[84.6917,27.2223],[84.6931,27.2148],[84.6868,27.2127],[84.6894,27.2089],[84.6827,27.2004],[84.6857,27.1963],[84.6814,27.1854],[84.6843,27.1834],[84.6948,27.1922],[84.7003,27.1815],[84.7046,27.1837],[84.7026,27.1594],[84.7416,27.1539],[84.7483,27.1735],[84.7692,27.1828],[84.7599,27.1892],[84.7613,27.2014],[84.7687,27.203],[84.7781,27.2209],[84.7798,27.2459],[84.7543,27.2484],[84.754,27.2484]]]}},{"type":"Feature","properties":{"province":2,"provinceName":"Madhesh","district":"Parsa","localLevel":"Kalikamai","type":"rural_municipality"},"geometry":{"type":"Polygon","coordinates":[[[84.7384,27.078],[84.7302,27.0788],[84.725,27.0851],[84.7273,27.0997],[84.7252,27.1154],[84.7215,27.1167],[84.7192,27.1087],[84.7238,27.1026],[84.7101,27.0952],[84.7149,27.0907],[84.7151,27.0803],[84.7075,27.0769],[84.7063,27.0635],[84.6977,27.0607],[84.7037,27.0459],[84.7175,27.0462],[84.7185,27.0416],[84.7261,27.0405],[84.7315,27.0433],[84.7415,27.0343],[84.7464,27.0457],[84.7542,27.0469],[84.758,27.0656],[84.7486,27.0712],[84.753,27.0863],[84.7389,27.0789],[84.7384,27.078]]]}},{"type":"Feature","properties":{"province":2,"provinceName":"Madhesh","district":"Parsa","localLevel":"Pakahamainpur","type":"rural_municipality"},"geometry":{"type":"Polygon","coordinates":[[[84.7611,27.0466],[84.7465,27.0458],[84.7415,27.0343],[84.7315,27.0433],[84.7186,27.0416],[84.7176,27.0461],[84.7051,27.0475],[84.6993,27.0431],[84.7005,27.0345],[84.7041,27.0364],[84.7005,27.0293],[84.7236,27.0141],[84.7318,27.0147],[84.7589,27.0026],[84.7673,27.0153],[84.7641,27.0209],[84.7685,27.0306],[84.7612,27.0466],[84.7611,27.0466]]]}},{"type":"Feature","properties":{"province":2,"provinceName":"Madhesh","district":"Parsa","localLevel":"Parsagadhi","type":"municipality"},"geometry":{"type":"Polygon","coordinates":[[[84.8957,27.2356],[84.8959,27.2303],[84.8661,27.1939],[84.8623,27.1974],[84.856,27.1954],[84.853,27.1768],[84.8599,27.1728],[84.857,27.1639],[84.8469,27.1647],[84.8392,27.1553],[84.8413,27.1425],[84.8347,27.1363],[84.8372,27.1237],[84.8316,27.1169],[84.8331,27.108],[84.8466,27.1118],[84.8495,27.1168],[84.8547,27.1155],[84.8647,27.1005],[84.8773,27.0979],[84.8893,27.1125],[84.887,27.1182],[84.8927,27.1273],[84.8898,27.1312],[84.9034,27.1391],[84.9193,27.1307],[84.9333,27.1472],[84.933,27.1505],[84.9183,27.1512],[84.922,27.1618],[84.9334,27.168],[84.9305,27.1752],[84.9407,27.1875],[84.9398,27.197],[84.9527,27.2324],[84.8958,27.2356],[84.8957,27.2356]]]}},{"type":"Feature","properties":{"province":2,"provinceName":"Madhesh","district":"Parsa","localLevel":"Paterwasugauli","type":"rural_municipality"},"geometry":{"type":"Polygon","coordinates":[[[84.79,27.2449],[84.7798,27.2459],[84.7781,27.2209],[84.7687,27.203],[84.7614,27.2016],[84.7599,27.1892],[84.7693,27.183],[84.7626,27.1769],[84.7578,27.1798],[84.7521,27.1756],[84.7581,27.1694],[84.7592,27.1495],[84.7441,27.1379],[84.7418,27.1289],[84.7451,27.1273],[84.7823,27.1269],[84.7849,27.1385],[84.7795,27.1526],[84.795,27.1671],[84.8065,27.1653],[84.8155,27.1711],[84.814,27.1919],[84.8222,27.1904],[84.8229,27.1818],[84.8303,27.1814],[84.8276,27.1997],[84.8324,27.2058],[84.8296,27.2114],[84.836,27.2123],[84.8393,27.2209],[84.8397,27.2406],[84.7908,27.2449],[84.79,27.2449]]]}},{"type":"Feature","properties":{"province":2,"provinceName":"Madhesh","district":"Parsa","localLevel":"Pokhariya","type":"municipality"},"geometry":{"type":"Polygon","coordinates":[[[84.7751,27.1025],[84.7716,27.0952],[84.7643,27.0951],[84.7642,27.1108],[84.7532,27.1108],[84.7463,27.1172],[84.7393,27.1013],[84.7326,27.0968],[84.7273,27.0997],[84.725,27.0851],[84.7348,27.0765],[84.753,27.0863],[84.7486,27.0712],[84.758,27.0656],[84.7546,27.0482],[84.7679,27.0465],[84.7672,27.0425],[84.777,27.0385],[84.7897,27.039],[84.7969,27.0497],[84.7904,27.0549],[84.7973,27.0641],[84.7978,27.0762],[84.7949,27.0747],[84.7938,27.0838],[84.7884,27.085],[84.7847,27.0993],[84.7755,27.1023],[84.7751,27.1025]]]}},{"type":"Feature","properties":{"province":2,"provinceName":"Madhesh","district":"Parsa","localLevel":"SakhuwaPrasauni","type":"rural_municipality"},"geometry":{"type":"Polygon","coordinates":[[[84.8583,27.2392],[84.8397,27.2406],[84.8393,27.2209],[84.836,27.2123],[84.8296,27.2114],[84.8324,27.2058],[84.8276,27.1997],[84.8303,27.1814],[84.8229,27.1818],[84.8222,27.1904],[84.8149,27.1927],[84.8155,27.1711],[84.8065,27.1653],[84.795,27.1671],[84.7795,27.1526],[84.7849,27.1385],[84.7823,27.1257],[84.7759,27.1201],[84.7755,27.1152],[84.7793,27.1142],[84.7751,27.1025],[84.7847,27.0993],[84.7886,27.0848],[84.7968,27.0918],[84.7982,27.1009],[84.8178,27.0937],[84.8163,27.1153],[84.8371,27.1234],[84.8339,27.1285],[84.8348,27.1365],[84.8413,27.1425],[84.8392,27.1553],[84.8469,27.1647],[84.857,27.1639],[84.8602,27.1746],[84.853,27.1768],[84.856,27.1954],[84.8623,27.1974],[84.8661,27.1939],[84.896,27.2305],[84.8953,27.2358],[84.8592,27.239],[84.8583,27.2392]]]}},{"type":"Feature","properties":{"province":2,"provinceName":"Madhesh","district":"Parsa","localLevel":"Thori","type":"rural_municipality"},"geometry":{"type":"Polygon","coordinates":[[[84.562,27.3755],[84.5518,27.3897],[84.5376,27.3937],[84.5418,27.3856],[84.5326,27.3808],[84.522,27.3838],[84.5062,27.3809],[84.4901,27.3713],[84.486,27.3659],[84.488,27.3583],[84.5672,27.3473],[84.6099,27.3352],[84.6245,27.3361],[84.6502,27.2976],[84.6889,27.224],[84.7142,27.218],[84.7111,27.2055],[84.7202,27.2152],[84.7348,27.2098],[84.7365,27.229],[84.746,27.2381],[84.7468,27.2482],[84.6967,27.2485],[84.7042,27.2586],[84.705,27.2758],[84.6973,27.2822],[84.6884,27.2761],[84.6842,27.2838],[84.6727,27.2832],[84.6787,27.2949],[84.6993,27.3086],[84.7073,27.3252],[84.7084,27.3427],[84.6947,27.3526],[84.6651,27.3598],[84.5865,27.3758],[84.5625,27.3753],[84.562,27.3755]]]}},{"type":"Feature","properties":{"province":3,"provinceName":"Bagmati","district":"Chitawan","localLevel":"Bharatpur","type":"metropolitan_city"},"geometry":{"type":"Polygon","coordinates":[[[84.4986,27.8207],[84.4683,27.8242],[84.4669,27.8187],[84.4479,27.8229],[84.4347,27.8129],[84.4334,27.7867],[84.4415,27.7782],[84.4627,27.7735],[84.4741,27.7542],[84.4701,27.7517],[84.4527,27.7591],[84.4392,27.7426],[84.4242,27.7411],[84.4321,27.7048],[84.381,27.6811],[84.3713,27.6849],[84.3625,27.6978],[84.3524,27.7026],[84.3315,27.6961],[84.3262,27.692],[84.33,27.6854],[84.3167,27.665],[84.2785,27.653],[84.2679,27.6385],[84.2449,27.6282],[84.2372,27.6161],[84.2131,27.6075],[84.2095,27.5977],[84.1899,27.5868],[84.1811,27.5873],[84.1627,27.5638],[84.1731,27.5573],[84.1827,27.5579],[84.2149,27.5749],[84.23,27.5662],[84.2284,27.5578],[84.2333,27.5555],[84.2484,27.5643],[84.2833,27.5637],[84.2946,27.559],[84.3046,27.5652],[84.3112,27.5635],[84.3161,27.5537],[84.3253,27.5511],[84.3593,27.5689],[84.3907,27.5571],[84.3987,27.5687],[84.4269,27.5692],[84.4283,27.5617],[84.4369,27.5573],[84.4527,27.5732],[84.4728,27.5716],[84.4748,27.5772],[84.4678,27.5831],[84.4763,27.585],[84.4794,27.5796],[84.4875,27.5894],[84.4879,27.5982],[84.4805,27.6029],[84.4841,27.6125],[84.4807,27.6307],[84.4835,27.6347],[84.4916,27.6333],[84.4845,27.642],[84.4882,27.6438],[84.4891,27.6566],[84.4836,27.6605],[84.4869,27.6655],[84.4813,27.6683],[84.4842,27.6749],[84.4777,27.6891],[84.4868,27.6968],[84.4873,27.711],[84.5182,27.7225],[84.5281,27.75],[84.5255,27.7615],[84.5172,27.7701],[84.5255,27.7875],[84.5168,27.8044],[84.4972,27.8097],[84.4986,27.8205],[84.4986,27.8207]]]}},{"type":"Feature","properties":{"province":3,"provinceName":"Bagmati","district":"Chitawan","localLevel":"Ichchhyakamana","type":"rural_municipality"},"geometry":{"type":"Polygon","coordinates":[[[84.635,27.8694],[84.6247,27.8801],[84.6103,27.8713],[84.5917,27.8794],[84.5802,27.8722],[84.5756,27.8612],[84.5609,27.8577],[84.557,27.8354],[84.5483,27.8316],[84.5241,27.8321],[84.5189,27.8158],[84.4986,27.8207],[84.4972,27.8097],[84.5168,27.8044],[84.526,27.7858],[84.5172,27.7709],[84.5255,27.7615],[84.5281,27.75],[84.52,27.732],[84.5461,27.7357],[84.5446,27.7275],[84.5504,27.7362],[84.5668,27.7393],[84.5725,27.7498],[84.5742,27.7676],[84.5844,27.7616],[84.61,27.7736],[84.6299,27.7569],[84.6281,27.7504],[84.6398,27.7376],[84.6604,27.738],[84.6768,27.7304],[84.6723,27.7378],[84.6837,27.758],[84.6708,27.7657],[84.677,27.7784],[84.64,27.7828],[84.6393,27.7943],[84.6468,27.7936],[84.6477,27.7998],[84.6372,27.8068],[84.6205,27.809],[84.6258,27.8167],[84.6679,27.8251],[84.6632,27.829],[84.6662,27.8404],[84.6626,27.8493],[84.6495,27.8532],[84.6511,27.8595],[84.6377,27.8601],[84.6354,27.8691],[84.635,27.8694]]]}},{"type":"Feature","properties":{"province":3,"provinceName":"Bagmati","district":"Chitawan","localLevel":"Kalika","type":"municipality"},"geometry":{"type":"Polygon","coordinates":[[[84.6768,27.7304],[84.6604,27.738],[84.6398,27.7376],[84.6281,27.7504],[84.6299,27.7569],[84.6104,27.7735],[84.5844,27.7616],[84.5742,27.7676],[84.5725,27.7498],[84.5668,27.7393],[84.5504,27.7362],[84.5441,27.7274],[84.5461,27.7357],[84.5208,27.7323],[84.5137,27.718],[84.4869,27.7106],[84.4868,27.6968],[84.4776,27.6887],[84.4842,27.6749],[84.4813,27.6683],[84.4875,27.6621],[84.5093,27.6715],[84.5112,27.6623],[84.5185,27.6649],[84.5164,27.6593],[84.5257,27.6552],[84.5322,27.6687],[84.5485,27.6702],[84.5593,27.6807],[84.5657,27.682],[84.5833,27.6736],[84.5906,27.6832],[84.6184,27.6867],[84.6393,27.6701],[84.6381,27.6622],[84.6467,27.6618],[84.6577,27.6783],[84.6842,27.6827],[84.6814,27.6926],[84.6888,27.6973],[84.6886,27.7072],[84.6953,27.7194],[84.6827,27.7303],[84.677,27.7303],[84.6768,27.7304]]]}},{"type":"Feature","properties":{"province":3,"provinceName":"Bagmati","district":"Chitawan","localLevel":"Khairahani","type":"municipality"},"geometry":{"type":"Polygon","coordinates":[[[84.5984,27.6839],[84.5906,27.6832],[84.5834,27.6736],[84.5657,27.682],[84.5608,27.677],[84.5562,27.6381],[84.5364,27.6194],[84.5501,27.604],[84.5326,27.6029],[84.5494,27.5905],[84.5429,27.5894],[84.5338,27.5791],[84.5271,27.5784],[84.5292,27.5834],[84.5259,27.584],[84.5175,27.5746],[84.5249,27.5581],[84.5157,27.5486],[84.5463,27.551],[84.5579,27.5474],[84.5681,27.5503],[84.5742,27.5652],[84.6205,27.5665],[84.6454,27.5718],[84.631,27.5725],[84.632,27.5801],[84.6261,27.5806],[84.6255,27.5911],[84.6074,27.5984],[84.6062,27.6104],[84.59,27.6286],[84.6039,27.6753],[84.5987,27.6838],[84.5984,27.6839]]]}},{"type":"Feature","properties":{"province":3,"provinceName":"Bagmati","district":"Chitawan","localLevel":"Madi","type":"municipality"},"geometry":{"type":"Polygon","coordinates":[[[84.2727,27.502],[84.2715,27.5079],[84.262,27.5128],[84.2611,27.4985],[84.2658,27.4911],[84.2622,27.4844],[84.2712,27.4709],[84.2574,27.4587],[84.2563,27.4502],[84.2616,27.4456],[84.2608,27.4385],[84.2747,27.4286],[84.2803,27.4154],[84.2785,27.3954],[84.2846,27.3963],[84.294,27.3847],[84.3027,27.3902],[84.3347,27.3772],[84.3583,27.3732],[84.375,27.3764],[84.394,27.368],[84.4433,27.37],[84.4486,27.3635],[84.473,27.3548],[84.4781,27.3623],[84.488,27.3583],[84.486,27.3659],[84.4899,27.3711],[84.5062,27.3809],[84.522,27.3838],[84.5326,27.3808],[84.5418,27.3856],[84.5376,27.3937],[84.5035,27.4116],[84.4793,27.42],[84.4572,27.4186],[84.4358,27.4382],[84.3872,27.4499],[84.3758,27.4588],[84.354,27.4653],[84.3523,27.4709],[84.3283,27.4855],[84.314,27.4889],[84.3046,27.4858],[84.3052,27.493],[84.2905,27.503],[84.2727,27.5017],[84.2727,27.502]]]}},{"type":"Feature","properties":{"province":3,"provinceName":"Bagmati","district":"Chitawan","localLevel":"Rapti","type":"municipality"},"geometry":{"type":"Polygon","coordinates":[[[84.7944,27.6867],[84.7883,27.6917],[84.7987,27.709],[84.7723,27.7224],[84.7597,27.7354],[84.7308,27.7271],[84.7023,27.7272],[84.6948,27.721],[84.6888,27.6973],[84.6814,27.6926],[84.6838,27.6821],[84.6577,27.6783],[84.6467,27.6618],[84.6381,27.6622],[84.6401,27.6691],[84.6199,27.6864],[84.5984,27.6839],[84.6039,27.6753],[84.59,27.6286],[84.6062,27.6104],[84.6074,27.5984],[84.6255,27.5911],[84.6261,27.5806],[84.632,27.5801],[84.6313,27.5722],[84.6545,27.5743],[84.6588,27.5817],[84.6753,27.5799],[84.6792,27.5739],[84.7069,27.5636],[84.7154,27.5652],[84.7331,27.5818],[84.7405,27.6034],[84.7338,27.624],[84.7251,27.6262],[84.7195,27.6372],[84.7235,27.6455],[84.7322,27.6461],[84.7297,27.6499],[84.7374,27.6566],[84.7482,27.6553],[84.7462,27.6471],[84.7545,27.6496],[84.756,27.6543],[84.7697,27.6565],[84.7722,27.6678],[84.7821,27.6714],[84.7943,27.6866],[84.7944,27.6867]]]}},{"type":"Feature","properties":{"province":3,"provinceName":"Bagmati","district":"Chitawan","localLevel":"Ratnanagar","type":"municipality"},"geometry":{"type":"Polygon","coordinates":[[[84.564,27.6811],[84.5485,27.6702],[84.5322,27.6687],[84.5257,27.6552],[84.5164,27.6593],[84.5185,27.6649],[84.5112,27.6623],[84.5093,27.6715],[84.4838,27.6617],[84.4896,27.652],[84.4845,27.642],[84.4916,27.6333],[84.4835,27.6347],[84.4807,27.6307],[84.4841,27.6125],[84.4805,27.6029],[84.4879,27.5982],[84.4875,27.5894],[84.4794,27.5796],[84.4763,27.585],[84.4678,27.5831],[84.4748,27.577],[84.4687,27.5693],[84.4888,27.5809],[84.4968,27.5691],[84.4999,27.5541],[84.5157,27.5486],[84.5243,27.5568],[84.5175,27.5746],[84.5259,27.584],[84.5292,27.5834],[84.5271,27.5784],[84.5338,27.5791],[84.5429,27.5894],[84.5494,27.5905],[84.5326,27.6029],[84.5501,27.604],[84.5364,27.6194],[84.5562,27.6381],[84.5636,27.6807],[84.564,27.6811]]]}},{"type":"Feature","properties":{"province":4,"provinceName":"Gandaki","district":"Gorkha","localLevel":"Aarughat","type":"rural_municipality"},"geometry":{"type":"Polygon","coordinates":[[[84.9745,28.1883],[84.9511,28.1989],[84.9406,28.1953],[84.9271,28.1786],[84.909,28.1704],[84.8842,28.1711],[84.8712,28.1558],[84.8496,28.1558],[84.8422,28.1614],[84.8281,28.1586],[84.8253,28.1542],[84.802,28.1558],[84.7797,28.1487],[84.7777,28.1386],[84.7837,28.1138],[84.7809,28.1048],[84.7583,28.0951],[84.7548,28.0744],[84.7439,28.052],[84.7543,28.0439],[84.8076,28.045],[84.8125,28.0392],[84.8206,28.0475],[84.8231,28.0629],[84.8466,28.1165],[84.8569,28.1224],[84.8716,28.1203],[84.8947,28.0998],[84.9026,28.1065],[84.9203,28.1032],[84.9238,28.1064],[84.9224,28.1151],[84.931,28.1261],[84.9447,28.1224],[84.9588,28.1262],[84.9605,28.1359],[84.9564,28.1433],[84.9663,28.1777],[84.9735,28.1874],[84.9745,28.1883]]]}},{"type":"Feature","properties":{"province":4,"provinceName":"Gandaki","district":"Gorkha","localLevel":"Ajirkot","type":"rural_municipality"},"geometry":{"type":"Polygon","coordinates":[[[84.7338,28.3593],[84.7113,28.3541],[84.697,28.3608],[84.6827,28.3427],[84.6716,28.3421],[84.6698,28.3276],[84.6655,28.3217],[84.6608,28.3231],[84.662,28.3144],[84.6571,28.3124],[84.6486,28.2929],[84.652,28.2584],[84.6351,28.2298],[84.6422,28.2031],[84.6351,28.1888],[84.6142,28.1724],[84.6108,28.162],[84.6115,28.1566],[84.6214,28.1507],[84.6397,28.1456],[84.6433,28.1505],[84.6476,28.1191],[84.6618,28.1152],[84.6686,28.1087],[84.6895,28.1374],[84.6977,28.1405],[84.7081,28.1704],[84.7217,28.193],[84.7261,28.2148],[84.7382,28.2344],[84.734,28.2433],[84.7366,28.2571],[84.7295,28.2586],[84.723,28.2728],[84.7328,28.2988],[84.7326,28.3197],[84.7382,28.3384],[84.7343,28.3588],[84.7338,28.3593]]]}},{"type":"Feature","properties":{"province":4,"provinceName":"Gandaki","district":"Gorkha","localLevel":"Bhimsen Thapa","type":"rural_municipality"},"geometry":{"type":"Polygon","coordinates":[[[84.7439,28.052],[84.7464,28.0449],[84.7368,28.0423],[84.7213,28.0511],[84.7019,28.0528],[84.6806,28.0623],[84.6608,28.0601],[84.6502,28.0499],[84.6684,28.0401],[84.7002,28.0401],[84.7054,28.0313],[84.7042,28.0238],[84.6997,28.0265],[84.6998,28.0217],[84.6957,28.0228],[84.6882,27.9904],[84.702,27.9775],[84.7098,27.9793],[84.7113,27.9753],[84.7193,27.9744],[84.7213,27.968],[84.7268,27.9689],[84.7267,27.9621],[84.7419,27.9406],[84.7482,27.96],[84.7719,27.9673],[84.7774,27.9721],[84.7738,27.9771],[84.7863,27.9831],[84.7918,27.9973],[84.7991,27.9979],[84.7996,28.0021],[84.8129,28.0021],[84.8155,28.0091],[84.8117,28.0158],[84.8156,28.0293],[84.8104,28.0438],[84.7596,28.043],[84.7505,28.0446],[84.7444,28.0519],[84.7439,28.052]]]}},{"type":"Feature","properties":{"province":4,"provinceName":"Gandaki","district":"Gorkha","localLevel":"Chum Nubri","type":"rural_municipality"},"geometry":{"type":"Polygon","coordinates":[[[85.1017,28.4567],[85.1149,28.4712],[85.1207,28.4854],[85.1468,28.4855],[85.1551,28.4904],[85.1592,28.5094],[85.1683,28.5212],[85.1684,28.5319],[85.1888,28.5334],[85.1912,28.5471],[85.187,28.5612],[85.1938,28.5689],[85.1838,28.5788],[85.1836,28.5873],[85.1759,28.5973],[85.1912,28.6049],[85.2003,28.6266],[85.1871,28.6321],[85.1907,28.6409],[85.1834,28.6443],[85.1594,28.6428],[85.1474,28.6564],[85.1479,28.6609],[85.1373,28.6664],[85.1347,28.6758],[85.1176,28.6864],[85.0862,28.6708],[85.0709,28.6794],[85.0559,28.6803],[85.0543,28.6699],[85.0437,28.6686],[85.0426,28.6579],[85.0331,28.656],[85.0194,28.6393],[85.0111,28.637],[84.9911,28.6128],[84.9883,28.605],[84.9951,28.5997],[84.9847,28.5908],[84.9511,28.58],[84.9471,28.5947],[84.9219,28.5951],[84.9092,28.588],[84.9032,28.5931],[84.8883,28.5825],[84.8693,28.5815],[84.8593,28.5705],[84.7829,28.6094],[84.7491,28.6182],[84.739,28.6168],[84.7274,28.6205],[84.716,28.6329],[84.697,28.6363],[84.704,28.6473],[84.6994,28.6534],[84.7071,28.671],[84.6705,28.6833],[84.6687,28.6941],[84.6528,28.7023],[84.6529,28.7143],[84.6457,28.7251],[84.6285,28.7364],[84.5739,28.7351],[84.5594,28.7469],[84.5592,28.7521],[84.5271,28.7421],[84.5169,28.7485],[84.5006,28.7416],[84.484,28.7183],[84.5032,28.6987],[84.5222,28.6943],[84.5148,28.6735],[84.5243,28.6632],[84.5209,28.6517],[84.5336,28.6462],[84.5449,28.6272],[84.5436,28.5983],[84.5513,28.5836],[84.5497,28.5622],[84.554,28.5591],[84.5496,28.5545],[84.5616,28.55],[84.5622,28.5327],[84.5727,28.5099],[84.5672,28.501],[84.5676,28.4855],[84.5852,28.4769],[84.6007,28.4519],[84.6237,28.4491],[84.6392,28.4394],[84.6492,28.4184],[84.6625,28.4089],[84.678,28.387],[84.6788,28.3759],[84.7113,28.3541],[84.7486,28.3608],[84.75,28.3691],[84.758,28.3763],[84.7708,28.3665],[84.8195,28.3673],[84.8355,28.3602],[84.8732,28.3576],[84.888,28.3513],[84.8952,28.3401],[84.9035,28.341],[84.9106,28.3301],[84.9123,28.3422],[84.9177,28.3479],[84.9326,28.3484],[84.951,28.3601],[84.9743,28.3651],[85.0141,28.4007],[85.0001,28.4127],[85.0047,28.4319],[85.0013,28.4701],[85.0621,28.4675],[85.0945,28.4625],[85.1014,28.4568],[85.1017,28.4567]]]}},{"type":"Feature","properties":{"province":4,"provinceName":"Gandaki","district":"Gorkha","localLevel":"Dharche","type":"rural_municipality"},"geometry":{"type":"Polygon","coordinates":[[[85.1017,28.4567],[85.0945,28.4625],[85.0621,28.4675],[85.0013,28.4701],[85.0047,28.4319],[85.0001,28.4127],[85.0141,28.4007],[84.9743,28.3651],[84.951,28.3601],[84.9326,28.3484],[84.9177,28.3479],[84.9123,28.3422],[84.9106,28.3301],[84.9035,28.341],[84.8952,28.3401],[84.888,28.3513],[84.8732,28.3576],[84.8355,28.3602],[84.8195,28.3673],[84.7708,28.3665],[84.758,28.3763],[84.7521,28.3718],[84.7519,28.3075],[84.7748,28.2524],[84.7761,28.2108],[84.792,28.1945],[84.7913,28.1733],[84.802,28.1558],[84.8253,28.1542],[84.8281,28.1586],[84.8422,28.1614],[84.8496,28.1558],[84.8712,28.1558],[84.8842,28.1711],[84.909,28.1704],[84.9271,28.1786],[84.9406,28.1953],[84.9511,28.1989],[84.9756,28.1889],[84.9643,28.2125],[84.9938,28.2445],[85.0009,28.241],[85.0033,28.2526],[85.0302,28.2622],[85.0402,28.2917],[85.0349,28.3026],[85.0489,28.3257],[85.0828,28.3457],[85.1102,28.3464],[85.1174,28.367],[85.1241,28.3725],[85.1242,28.3858],[85.1289,28.3922],[85.1181,28.4087],[85.1167,28.4426],[85.105,28.4477],[85.1016,28.4549],[85.1017,28.4567]]]}},{"type":"Feature","properties":{"province":4,"provinceName":"Gandaki","district":"Gorkha","localLevel":"Gandaki","type":"rural_municipality"},"geometry":{"type":"Polygon","coordinates":[[[84.7346,27.9269],[84.7238,27.9274],[84.7133,27.9177],[84.7088,27.9218],[84.6776,27.9156],[84.662,27.8968],[84.6483,27.8914],[84.635,27.8694],[84.6377,27.8601],[84.6511,27.8595],[84.6495,27.8532],[84.6626,27.8493],[84.6662,27.8404],[84.6632,27.829],[84.6702,27.8183],[84.6872,27.8101],[84.7096,27.8064],[84.713,27.8003],[84.7209,27.8035],[84.733,27.7954],[84.741,27.8038],[84.756,27.8062],[84.7648,27.818],[84.7753,27.8084],[84.7846,27.8137],[84.7759,27.824],[84.7781,27.8351],[84.7697,27.8436],[84.7673,27.8591],[84.7589,27.8607],[84.7547,27.8749],[84.7482,27.8797],[84.7514,27.8859],[84.7382,27.8919],[84.7345,27.9266],[84.7346,27.9269]]]}},{"type":"Feature","properties":{"province":4,"provinceName":"Gandaki","district":"Gorkha","localLevel":"Gorkha","type":"municipality"},"geometry":{"type":"Polygon","coordinates":[[[84.6873,27.9932],[84.6957,28.0228],[84.6998,28.0217],[84.6997,28.0265],[84.7042,28.0238],[84.7054,28.0313],[84.7002,28.0401],[84.6684,28.0401],[84.6462,28.0492],[84.6038,28.0351],[84.593,28.0268],[84.5916,28.0165],[84.5816,28.0123],[84.5694,27.9972],[84.5567,27.9646],[84.5429,27.9547],[84.5402,27.9608],[84.5303,27.9566],[84.5224,27.9599],[84.5019,27.9575],[84.4754,27.9359],[84.4875,27.9272],[84.5087,27.9228],[84.5102,27.9195],[84.5036,27.9154],[84.5123,27.9135],[84.5153,27.9175],[84.5193,27.9123],[84.535,27.9128],[84.5402,27.9175],[84.5398,27.9089],[84.5476,27.9047],[84.5537,27.9104],[84.5477,27.9144],[84.5597,27.9235],[84.5557,27.9295],[84.5602,27.9423],[84.5708,27.9447],[84.5797,27.9568],[84.5967,27.9577],[84.599,27.9522],[84.6104,27.9495],[84.6174,27.9544],[84.6526,27.9488],[84.6558,27.9523],[84.6507,27.9648],[84.6526,27.9835],[84.6625,27.9861],[84.6746,27.9977],[84.6868,27.9936],[84.6873,27.9932]]]}},{"type":"Feature","properties":{"province":4,"provinceName":"Gandaki","district":"Gorkha","localLevel":"Palungtar","type":"municipality"},"geometry":{"type":"Polygon","coordinates":[[[84.5135,28.088],[84.5,28.085],[84.4801,28.0886],[84.4821,28.0807],[84.4896,28.0775],[84.4861,28.0764],[84.4903,28.0714],[84.4894,28.0624],[84.4843,28.0554],[84.4804,28.0582],[84.4683,28.0508],[84.4703,28.0453],[84.4637,28.0384],[84.4663,28.0281],[84.4617,28.0235],[84.4592,28.0033],[84.423,27.9775],[84.4228,27.9584],[84.4277,27.952],[84.4469,27.9461],[84.4547,27.9495],[84.4605,27.942],[84.4665,27.9434],[84.4781,27.9367],[84.4785,27.9413],[84.4928,27.949],[84.4963,27.9558],[84.5224,27.9599],[84.5303,27.9566],[84.5402,27.9608],[84.5418,27.9543],[84.5569,27.9648],[84.5694,27.9972],[84.5865,28.0165],[84.5878,28.0246],[84.5844,28.0298],[84.5781,28.03],[84.5646,28.0494],[84.566,28.0593],[84.5586,28.0748],[84.5238,28.0802],[84.5137,28.0872],[84.5135,28.088]]]}},{"type":"Feature","properties":{"province":4,"provinceName":"Gandaki","district":"Gorkha","localLevel":"Sahid Lakhan","type":"rural_municipality"},"geometry":{"type":"Polygon","coordinates":[[[84.6873,27.9932],[84.6746,27.9977],[84.6625,27.9861],[84.6526,27.9835],[84.6507,27.9648],[84.6558,27.9523],[84.6526,27.9488],[84.6174,27.9544],[84.6104,27.9495],[84.599,27.9522],[84.5976,27.9574],[84.5839,27.9578],[84.5738,27.9526],[84.5708,27.9447],[84.5602,27.9423],[84.5557,27.9295],[84.5596,27.9232],[84.5477,27.9144],[84.5537,27.9102],[84.5425,27.8967],[84.5427,27.8853],[84.5472,27.8804],[84.5429,27.8756],[84.5467,27.8696],[84.5546,27.8697],[84.5496,27.8628],[84.5609,27.8577],[84.5716,27.8594],[84.5791,27.864],[84.5802,27.8722],[84.5929,27.8796],[84.6103,27.8713],[84.6247,27.8801],[84.635,27.8694],[84.6483,27.8914],[84.662,27.8968],[84.6776,27.9156],[84.7088,27.9218],[84.7133,27.9177],[84.7238,27.9274],[84.7384,27.9281],[84.7361,27.9329],[84.7419,27.9406],[84.7267,27.9621],[84.7268,27.9689],[84.7213,27.968],[84.7193,27.9744],[84.7113,27.9753],[84.7098,27.9793],[84.702,27.9775],[84.6876,27.9927],[84.6873,27.9932]]]}},{"type":"Feature","properties":{"province":4,"provinceName":"Gandaki","district":"Gorkha","localLevel":"Siranchok","type":"rural_municipality"},"geometry":{"type":"Polygon","coordinates":[[[84.6686,28.1087],[84.6618,28.1152],[84.6476,28.1191],[84.6433,28.1505],[84.6397,28.1456],[84.61,28.1586],[84.5876,28.146],[84.5891,28.1428],[84.5783,28.138],[84.5763,28.1303],[84.5584,28.1245],[84.5532,28.1093],[84.5443,28.1004],[84.5324,28.0992],[84.5135,28.088],[84.5238,28.0802],[84.5586,28.0748],[84.566,28.0593],[84.5646,28.0494],[84.5781,28.03],[84.5844,28.0298],[84.5878,28.0246],[84.5838,28.0124],[84.5914,28.0162],[84.5928,28.0266],[84.6038,28.0351],[84.6501,28.0497],[84.6571,28.0598],[84.6532,28.0614],[84.661,28.0726],[84.6614,28.0929],[84.6681,28.1082],[84.6686,28.1087]]]}},{"type":"Feature","properties":{"province":4,"provinceName":"Gandaki","district":"Gorkha","localLevel":"Barpak Sulikot","type":"rural_municipality"},"geometry":{"type":"Polygon","coordinates":[[[84.802,28.1558],[84.7913,28.1733],[84.792,28.1945],[84.7761,28.2108],[84.7748,28.2524],[84.7519,28.3075],[84.751,28.3703],[84.7488,28.361],[84.7338,28.3593],[84.7382,28.3384],[84.7326,28.3197],[84.7328,28.2988],[84.723,28.2728],[84.7295,28.2586],[84.7366,28.2571],[84.7353,28.2244],[84.7261,28.2148],[84.7217,28.193],[84.7081,28.1704],[84.6977,28.1405],[84.6895,28.1374],[84.6651,28.1043],[84.661,28.0726],[84.6518,28.0523],[84.6608,28.0601],[84.6814,28.0623],[84.7019,28.0528],[84.7251,28.0497],[84.7368,28.0423],[84.7463,28.0448],[84.7439,28.052],[84.7559,28.0782],[84.7554,28.0909],[84.7631,28.1001],[84.7809,28.1048],[84.7837,28.1138],[84.7777,28.1386],[84.7797,28.1487],[84.8016,28.1555],[84.802,28.1558]]]}},{"type":"Feature","properties":{"province":4,"provinceName":"Gandaki","district":"Lamjung","localLevel":"Besishahar","type":"municipality"},"geometry":{"type":"Polygon","coordinates":[[[84.4468,28.1643],[84.4533,28.168],[84.4608,28.186],[84.4498,28.2124],[84.4527,28.2257],[84.4384,28.2305],[84.4327,28.2278],[84.4389,28.2081],[84.4231,28.212],[84.4102,28.2074],[84.4047,28.2117],[84.405,28.2193],[84.395,28.2243],[84.3952,28.2281],[84.4142,28.234],[84.4224,28.2515],[84.441,28.2684],[84.4389,28.281],[84.4282,28.2857],[84.3862,28.2751],[84.3687,28.2575],[84.3634,28.2704],[84.346,28.2691],[84.356,28.2621],[84.3503,28.253],[84.3441,28.2515],[84.3424,28.2581],[84.3346,28.2516],[84.324,28.25],[84.3257,28.2398],[84.3349,28.241],[84.3367,28.23],[84.3298,28.2323],[84.3254,28.2266],[84.308,28.2247],[84.2884,28.2127],[84.2813,28.2031],[84.289,28.1908],[84.3021,28.1982],[84.3211,28.1998],[84.3227,28.1952],[84.3182,28.1909],[84.3244,28.1889],[84.3267,28.1783],[84.3401,28.1829],[84.3736,28.1732],[84.3773,28.1672],[84.3867,28.1775],[84.3982,28.1745],[84.4001,28.168],[84.4096,28.1723],[84.4155,28.1517],[84.4384,28.1718],[84.4465,28.1646],[84.4468,28.1643]]]}},{"type":"Feature","properties":{"province":4,"provinceName":"Gandaki","district":"Lamjung","localLevel":"Dordi","type":"rural_municipality"},"geometry":{"type":"Polygon","coordinates":[[[84.697,28.3608],[84.6785,28.3763],[84.678,28.387],[84.6625,28.4089],[84.6492,28.4184],[84.6401,28.4385],[84.6237,28.4491],[84.615,28.4474],[84.6188,28.4361],[84.5855,28.4143],[84.586,28.4033],[84.5768,28.3914],[84.5703,28.3632],[84.5506,28.3527],[84.5298,28.3245],[84.5227,28.329],[84.5054,28.3248],[84.4584,28.2987],[84.4389,28.281],[84.441,28.2684],[84.4224,28.2515],[84.4142,28.234],[84.3948,28.2277],[84.3958,28.2228],[84.405,28.2193],[84.4047,28.2117],[84.4102,28.2074],[84.4231,28.212],[84.4389,28.2081],[84.4327,28.2278],[84.4384,28.2305],[84.4527,28.2257],[84.4498,28.2124],[84.4608,28.186],[84.4533,28.168],[84.4468,28.1643],[84.4426,28.1372],[84.4591,28.1354],[84.5,28.146],[84.4902,28.1603],[84.4966,28.1711],[84.4782,28.1745],[84.4838,28.1808],[84.4807,28.1993],[84.5136,28.1955],[84.5234,28.1849],[84.5338,28.1812],[84.5609,28.1875],[84.5544,28.201],[84.5593,28.2148],[84.5584,28.2328],[84.5772,28.2477],[84.5865,28.2696],[84.6157,28.3086],[84.6375,28.3255],[84.6655,28.3217],[84.6716,28.3421],[84.6827,28.3427],[84.6951,28.3586],[84.697,28.3608]]]}},{"type":"Feature","properties":{"province":4,"provinceName":"Gandaki","district":"Lamjung","localLevel":"Dudhpokhari","type":"rural_municipality"},"geometry":{"type":"Polygon","coordinates":[[[84.6615,28.3238],[84.6375,28.3255],[84.6181,28.3111],[84.5865,28.2696],[84.5772,28.2477],[84.5603,28.2362],[84.5544,28.2018],[84.5609,28.1875],[84.5338,28.1812],[84.5234,28.1849],[84.5136,28.1955],[84.4807,28.1993],[84.4838,28.1808],[84.4782,28.1745],[84.4966,28.1711],[84.4902,28.1603],[84.494,28.1502],[84.5003,28.1457],[84.5228,28.161],[84.5267,28.1572],[84.5431,28.1574],[84.555,28.1338],[84.5549,28.1204],[84.5629,28.1273],[84.5763,28.1303],[84.5783,28.138],[84.5891,28.1428],[84.5876,28.146],[84.6115,28.1593],[84.6142,28.1724],[84.6351,28.1888],[84.6422,28.2031],[84.6351,28.2296],[84.6537,28.2643],[84.6486,28.2929],[84.6571,28.3124],[84.662,28.3144],[84.6611,28.3236],[84.6615,28.3238]]]}},{"type":"Feature","properties":{"province":4,"provinceName":"Gandaki","district":"Lamjung","localLevel":"Kwholasothar","type":"rural_municipality"},"geometry":{"type":"Polygon","coordinates":[[[84.3251,28.2526],[84.3188,28.2562],[84.3179,28.2644],[84.3198,28.2711],[84.3288,28.271],[84.3318,28.2855],[84.3151,28.2795],[84.2796,28.2767],[84.2701,28.2895],[84.2999,28.3096],[84.2876,28.3154],[84.281,28.3435],[84.2832,28.353],[84.2715,28.3585],[84.25,28.3896],[84.2496,28.4087],[84.2379,28.4191],[84.2336,28.4173],[84.2267,28.4022],[84.2161,28.3919],[84.2198,28.3601],[84.2127,28.3528],[84.2066,28.3375],[84.2076,28.3279],[84.2002,28.3205],[84.1978,28.3049],[84.1889,28.2913],[84.2131,28.2654],[84.2163,28.2441],[84.2101,28.2077],[84.2185,28.2109],[84.2361,28.2024],[84.2498,28.2083],[84.259,28.2054],[84.2679,28.216],[84.2815,28.2039],[84.308,28.2247],[84.3254,28.2266],[84.3298,28.2323],[84.3367,28.23],[84.3349,28.241],[84.3235,28.2429],[84.325,28.2523],[84.3251,28.2526]]]}},{"type":"Feature","properties":{"province":4,"provinceName":"Gandaki","district":"Lamjung","localLevel":"MadhyaNepal","type":"municipality"},"geometry":{"type":"Polygon","coordinates":[[[84.2815,28.2039],[84.2679,28.216],[84.2592,28.2055],[84.2498,28.2083],[84.2363,28.2023],[84.2169,28.2109],[84.2029,28.1989],[84.1928,28.1962],[84.1964,28.1882],[84.2079,28.1892],[84.2113,28.1835],[84.2209,28.1807],[84.2155,28.1722],[84.2307,28.1396],[84.221,28.1324],[84.2195,28.1236],[84.2314,28.1016],[84.2279,28.095],[84.234,28.0787],[84.2477,28.0825],[84.2501,28.0877],[84.256,28.085],[84.2659,28.0932],[84.2802,28.0929],[84.2834,28.0981],[84.3117,28.1071],[84.3254,28.1194],[84.3227,28.1286],[84.3278,28.1418],[84.3207,28.1453],[84.3209,28.1505],[84.3106,28.1453],[84.3223,28.1661],[84.3169,28.1713],[84.3189,28.1784],[84.2826,28.1807],[84.2892,28.1895],[84.2814,28.2035],[84.2815,28.2039]]]}},{"type":"Feature","properties":{"province":4,"provinceName":"Gandaki","district":"Lamjung","localLevel":"Marsyangdi","type":"rural_municipality"},"geometry":{"type":"Polygon","coordinates":[[[84.5703,28.4827],[84.5528,28.4713],[84.5334,28.4728],[84.4929,28.4614],[84.4635,28.5],[84.4469,28.5092],[84.4346,28.51],[84.4251,28.5031],[84.4193,28.4908],[84.4179,28.4713],[84.4003,28.4564],[84.3754,28.4609],[84.3764,28.4538],[84.3301,28.4527],[84.2903,28.4448],[84.2809,28.4469],[84.2712,28.4564],[84.2508,28.4436],[84.247,28.424],[84.238,28.4182],[84.2498,28.4084],[84.2494,28.3907],[84.2715,28.3585],[84.2832,28.353],[84.281,28.3435],[84.288,28.3145],[84.2999,28.3096],[84.2701,28.2895],[84.2796,28.2767],[84.3151,28.2795],[84.3318,28.2855],[84.3288,28.271],[84.3193,28.2701],[84.3188,28.2562],[84.3327,28.2509],[84.3432,28.258],[84.3467,28.2511],[84.356,28.2621],[84.346,28.2691],[84.3634,28.2704],[84.3687,28.2575],[84.3875,28.2757],[84.4053,28.2775],[84.4197,28.286],[84.4389,28.281],[84.4584,28.2987],[84.5054,28.3248],[84.5227,28.329],[84.53,28.3247],[84.5506,28.3527],[84.5703,28.3632],[84.5768,28.3914],[84.586,28.4033],[84.5855,28.4143],[84.6188,28.4361],[84.615,28.4474],[84.6007,28.4519],[84.5852,28.4769],[84.5707,28.4825],[84.5703,28.4827]]]}},{"type":"Feature","properties":{"province":4,"provinceName":"Gandaki","district":"Lamjung","localLevel":"Rainas","type":"municipality"},"geometry":{"type":"Polygon","coordinates":[[[84.5547,28.1204],[84.5559,28.1306],[84.5474,28.1527],[84.5431,28.1574],[84.5267,28.1572],[84.5228,28.161],[84.4865,28.1402],[84.4591,28.1354],[84.4434,28.1377],[84.4334,28.1108],[84.4598,28.0907],[84.4709,28.0753],[84.4693,28.0697],[84.4762,28.0676],[84.4769,28.0612],[84.4839,28.0554],[84.4903,28.0665],[84.4862,28.0766],[84.4899,28.0765],[84.4821,28.0807],[84.4803,28.0889],[84.5,28.085],[84.5158,28.0878],[84.5324,28.0992],[84.5443,28.1004],[84.5532,28.1093],[84.5545,28.1203],[84.5547,28.1204]]]}},{"type":"Feature","properties":{"province":4,"provinceName":"Gandaki","district":"Lamjung","localLevel":"Sundarbazar","type":"municipality"},"geometry":{"type":"Polygon","coordinates":[[[84.4468,28.1643],[84.4384,28.1718],[84.422,28.1584],[84.422,28.1543],[84.4137,28.1522],[84.4096,28.1723],[84.4001,28.168],[84.3982,28.1745],[84.3867,28.1775],[84.3773,28.1672],[84.3736,28.1732],[84.3401,28.1829],[84.3267,28.1783],[84.3244,28.1889],[84.3183,28.1904],[84.3227,28.1952],[84.3208,28.1998],[84.2926,28.194],[84.2826,28.1807],[84.3189,28.1784],[84.3169,28.1713],[84.3223,28.1661],[84.3106,28.1453],[84.3209,28.1505],[84.3207,28.1453],[84.3278,28.1418],[84.3227,28.1286],[84.3254,28.1194],[84.3612,28.129],[84.391,28.1263],[84.3973,28.1296],[84.4241,28.1191],[84.4334,28.1108],[84.4371,28.1288],[84.4431,28.1357],[84.4467,28.1634],[84.4468,28.1643]]]}},{"type":"Feature","properties":{"province":4,"provinceName":"Gandaki","district":"Tanahu","localLevel":"Anbukhaireni","type":"rural_municipality"},"geometry":{"type":"Polygon","coordinates":[[[84.4753,27.9365],[84.4761,27.9394],[84.4653,27.9435],[84.4553,27.9371],[84.4381,27.9348],[84.4409,27.9311],[84.4328,27.9171],[84.4343,27.9129],[84.4544,27.9178],[84.4575,27.9115],[84.443,27.8932],[84.4303,27.8992],[84.4046,27.8697],[84.4062,27.8644],[84.4255,27.8611],[84.4325,27.865],[84.4339,27.8569],[84.4453,27.8491],[84.4363,27.8423],[84.4386,27.8343],[84.4693,27.8311],[84.4577,27.8199],[84.4671,27.8187],[84.4702,27.8242],[84.5174,27.8156],[84.5241,27.8321],[84.5483,27.8316],[84.5573,27.8356],[84.561,27.8582],[84.5496,27.8628],[84.5545,27.8699],[84.5467,27.8696],[84.5429,27.8756],[84.5472,27.8804],[84.5427,27.8853],[84.5425,27.8967],[84.5476,27.9047],[84.5398,27.9089],[84.5409,27.9171],[84.535,27.9128],[84.5193,27.9123],[84.5153,27.9175],[84.5123,27.9135],[84.5036,27.9154],[84.5102,27.9195],[84.5087,27.9228],[84.4875,27.9272],[84.4753,27.9361],[84.4753,27.9365]]]}},{"type":"Feature","properties":{"province":4,"provinceName":"Gandaki","district":"Tanahu","localLevel":"Bandipur","type":"rural_municipality"},"geometry":{"type":"Polygon","coordinates":[[[84.4245,27.9559],[84.4187,27.9521],[84.4085,27.9687],[84.4123,27.974],[84.4041,27.9796],[84.3784,27.9839],[84.3664,27.994],[84.3698,27.9707],[84.3536,27.9739],[84.3537,27.9695],[84.3457,27.9639],[84.3462,27.9579],[84.3612,27.9478],[84.3564,27.939],[84.3618,27.9291],[84.3602,27.9189],[84.3504,27.9117],[84.3531,27.9061],[84.3439,27.8996],[84.3523,27.8991],[84.358,27.893],[84.3483,27.8774],[84.3543,27.8715],[84.3648,27.8674],[84.3837,27.8692],[84.4023,27.8512],[84.4363,27.8423],[84.4453,27.8491],[84.4339,27.8569],[84.4325,27.865],[84.4239,27.8612],[84.4064,27.8643],[84.4045,27.8695],[84.4303,27.8992],[84.443,27.8932],[84.453,27.905],[84.4577,27.9123],[84.4547,27.9177],[84.4385,27.9112],[84.4328,27.9171],[84.4409,27.9311],[84.4381,27.9348],[84.4553,27.9371],[84.4601,27.9423],[84.4559,27.9491],[84.4469,27.9461],[84.4246,27.9558],[84.4245,27.9559]]]}},{"type":"Feature","properties":{"province":4,"provinceName":"Gandaki","district":"Tanahu","localLevel":"Bhanu","type":"municipality"},"geometry":{"type":"Polygon","coordinates":[[[84.4334,28.1108],[84.4241,28.1191],[84.3978,28.1296],[84.391,28.1263],[84.3508,28.1269],[84.3429,28.1225],[84.3464,28.1148],[84.3445,28.1022],[84.3351,28.0956],[84.3347,28.1011],[84.3294,28.1005],[84.3298,28.091],[84.3181,28.0862],[84.3126,28.0704],[84.3205,28.0577],[84.3458,28.0519],[84.3492,28.0455],[84.3463,28.0408],[84.368,28.036],[84.3612,28.0274],[84.345,28.0235],[84.3368,28.0133],[84.345,28.011],[84.3511,28.0024],[84.349,27.9911],[84.3658,27.9835],[84.368,27.9943],[84.3784,27.9839],[84.4041,27.9796],[84.4123,27.974],[84.4085,27.9687],[84.4189,27.952],[84.4245,27.9559],[84.421,27.9694],[84.4236,27.9785],[84.4594,28.0037],[84.4617,28.0235],[84.4663,28.0281],[84.4637,28.0384],[84.4703,28.0453],[84.4682,28.0506],[84.4797,28.0575],[84.4773,28.0664],[84.4691,28.0699],[84.4718,28.0719],[84.4679,28.0814],[84.4537,28.0923],[84.4544,28.0956],[84.4453,28.0991],[84.4457,28.1042],[84.4336,28.1106],[84.4334,28.1108]]]}},{"type":"Feature","properties":{"province":4,"provinceName":"Gandaki","district":"Tanahu","localLevel":"Bhimad","type":"municipality"},"geometry":{"type":"Polygon","coordinates":[[[84.0883,28.0063],[84.0834,28.013],[84.0745,28.0122],[84.0649,28.0205],[84.0524,28.0233],[84.0418,28.0153],[84.036,28.0194],[84.0192,28.0118],[84.0082,28.0137],[84.0046,28.0062],[83.9939,28.0058],[83.991,27.998],[83.9818,27.9977],[83.9818,27.9726],[83.9691,27.9579],[83.9714,27.9372],[83.9802,27.9165],[83.9764,27.9026],[83.9846,27.9029],[83.9986,27.9226],[84.0064,27.9258],[84.0111,27.9232],[84.0122,27.9277],[84.0299,27.9196],[84.0316,27.923],[84.0377,27.9175],[84.0583,27.9165],[84.061,27.9192],[84.0566,27.9283],[84.065,27.9316],[84.07,27.942],[84.077,27.9226],[84.0865,27.9225],[84.0914,27.9281],[84.0916,27.9403],[84.1028,27.9421],[84.1092,27.9487],[84.1255,27.9426],[84.1297,27.9478],[84.1495,27.9541],[84.1598,27.9664],[84.1653,27.9661],[84.1594,27.9734],[84.1519,27.9672],[84.1534,27.9722],[84.147,27.9761],[84.137,27.9684],[84.1303,27.9726],[84.1274,27.965],[84.118,27.9709],[84.0953,27.9734],[84.093,27.9787],[84.0837,27.9803],[84.0914,27.9942],[84.0881,28.0059],[84.0883,28.0063]]]}},{"type":"Feature","properties":{"province":4,"provinceName":"Gandaki","district":"Tanahu","localLevel":"Byas","type":"municipality"},"geometry":{"type":"Polygon","coordinates":[[[84.3428,28.1218],[84.3301,28.1234],[84.3117,28.1071],[84.2834,28.0981],[84.28,28.0928],[84.2659,28.0932],[84.2554,28.0848],[84.2501,28.0877],[84.2479,28.0826],[84.235,28.0786],[84.227,28.0978],[84.2211,28.0997],[84.2116,28.0943],[84.1981,28.0971],[84.1899,28.0863],[84.183,28.0854],[84.1896,28.0751],[84.1856,28.0616],[84.1758,28.0544],[84.1812,28.0504],[84.1804,28.0451],[84.1999,28.0393],[84.2017,28.0344],[84.2201,28.0247],[84.2182,28.0093],[84.2421,27.9867],[84.2494,27.9846],[84.2396,27.9538],[84.2579,27.9511],[84.2668,27.9657],[84.2752,27.9682],[84.2806,27.9515],[84.2753,27.9472],[84.2781,27.9365],[84.2974,27.9191],[84.3141,27.9153],[84.3258,27.8987],[84.3274,27.8864],[84.3483,27.8774],[84.358,27.893],[84.3523,27.8991],[84.3439,27.8996],[84.3531,27.9061],[84.3504,27.9117],[84.3543,27.9115],[84.3552,27.9176],[84.3602,27.9189],[84.3618,27.9308],[84.3564,27.939],[84.3612,27.9478],[84.3449,27.9604],[84.3536,27.9739],[84.3696,27.9706],[84.3708,27.9778],[84.3605,27.9887],[84.349,27.9911],[84.3511,28.0024],[84.345,28.011],[84.3365,28.0123],[84.345,28.0235],[84.3612,28.0274],[84.368,28.036],[84.3463,28.0408],[84.3492,28.0455],[84.3458,28.0519],[84.3205,28.0577],[84.3126,28.0704],[84.3181,28.0862],[84.3298,28.091],[84.3294,28.1005],[84.3347,28.1011],[84.3351,28.0956],[84.3445,28.1022],[84.3464,28.1148],[84.3429,28.1216],[84.3428,28.1218]]]}},{"type":"Feature","properties":{"province":4,"provinceName":"Gandaki","district":"Tanahu","localLevel":"Devghat","type":"rural_municipality"},"geometry":{"type":"Polygon","coordinates":[[[84.3483,27.8774],[84.3368,27.88],[84.3285,27.8699],[84.3103,27.8636],[84.2946,27.8365],[84.3079,27.8186],[84.3002,27.8063],[84.3022,27.7922],[84.316,27.7852],[84.3205,27.7741],[84.3178,27.7631],[84.3241,27.7591],[84.3273,27.7485],[84.3362,27.7487],[84.3421,27.7438],[84.346,27.751],[84.3539,27.7487],[84.3629,27.7534],[84.3699,27.7743],[84.3806,27.779],[84.3943,27.7753],[84.4084,27.7616],[84.4196,27.7589],[84.42,27.749],[84.4263,27.7459],[84.4242,27.7411],[84.4392,27.7426],[84.4527,27.7591],[84.4736,27.7524],[84.4727,27.7607],[84.4636,27.7728],[84.4406,27.7787],[84.4321,27.7905],[84.4349,27.8132],[84.4479,27.8229],[84.4568,27.8201],[84.4676,27.8262],[84.4687,27.8317],[84.4392,27.8339],[84.4355,27.8444],[84.4246,27.8428],[84.4153,27.8503],[84.4023,27.8512],[84.3842,27.869],[84.3618,27.8679],[84.3485,27.8773],[84.3483,27.8774]]]}},{"type":"Feature","properties":{"province":4,"provinceName":"Gandaki","district":"Tanahu","localLevel":"Ghiring","type":"rural_municipality"},"geometry":{"type":"Polygon","coordinates":[[[84.1324,27.946],[84.1297,27.9478],[84.1252,27.9426],[84.1092,27.9487],[84.1028,27.9421],[84.0916,27.9403],[84.0914,27.9281],[84.0858,27.9224],[84.077,27.9226],[84.0698,27.9419],[84.065,27.9316],[84.0566,27.9283],[84.061,27.9192],[84.0583,27.9165],[84.0377,27.9175],[84.0316,27.923],[84.0299,27.9196],[84.0122,27.9277],[84.0111,27.9232],[84.0064,27.9258],[83.9986,27.9226],[83.9846,27.9029],[83.9561,27.8972],[83.954,27.8892],[83.9433,27.8943],[83.9388,27.8849],[83.9496,27.8696],[83.9736,27.8724],[83.9805,27.8659],[83.9967,27.8659],[84.0014,27.8549],[84.0206,27.8507],[84.0243,27.8534],[84.0174,27.8585],[84.023,27.8617],[84.0295,27.8565],[84.0423,27.8565],[84.0426,27.8499],[84.0509,27.8559],[84.0557,27.8489],[84.0704,27.8569],[84.0736,27.8648],[84.0808,27.8635],[84.0826,27.8697],[84.103,27.8662],[84.0978,27.8582],[84.1047,27.8548],[84.1113,27.8616],[84.1189,27.8506],[84.1231,27.86],[84.1422,27.856],[84.1459,27.8736],[84.1365,27.8698],[84.129,27.8731],[84.1229,27.8683],[84.1231,27.8782],[84.1304,27.8797],[84.1288,27.8935],[84.1326,27.8948],[84.1274,27.916],[84.1277,27.9256],[84.1355,27.9339],[84.1329,27.9459],[84.1324,27.946]]]}},{"type":"Feature","properties":{"province":4,"provinceName":"Gandaki","district":"Tanahu","localLevel":"Myagde","type":"rural_municipality"},"geometry":{"type":"Polygon","coordinates":[[[84.1761,28.0532],[84.1518,28.0631],[84.143,28.0376],[84.1246,28.0413],[84.116,28.0191],[84.1114,28.0235],[84.103,28.0218],[84.1,28.0127],[84.0901,28.0086],[84.0873,28.0022],[84.0914,27.9942],[84.0837,27.9803],[84.093,27.9787],[84.0981,27.9721],[84.118,27.9709],[84.1272,27.965],[84.1303,27.9726],[84.137,27.9684],[84.147,27.9761],[84.1534,27.9722],[84.1535,27.9666],[84.1617,27.9724],[84.1726,27.959],[84.2087,27.9561],[84.2119,27.9512],[84.2204,27.9551],[84.2396,27.9538],[84.2494,27.9846],[84.2421,27.9867],[84.2182,28.0093],[84.2201,28.0247],[84.2017,28.0344],[84.1999,28.0393],[84.1804,28.0451],[84.1812,28.0504],[84.1763,28.0532],[84.1761,28.0532]]]}},{"type":"Feature","properties":{"province":4,"provinceName":"Gandaki","district":"Tanahu","localLevel":"Rhishing","type":"rural_municipality"},"geometry":{"type":"Polygon","coordinates":[[[84.3368,27.88],[84.3266,27.8876],[84.3258,27.8987],[84.3141,27.9153],[84.2974,27.9191],[84.2767,27.9383],[84.2753,27.9472],[84.2806,27.9515],[84.2793,27.9637],[84.2742,27.9688],[84.2672,27.9661],[84.2556,27.9506],[84.2204,27.9551],[84.2119,27.9512],[84.2087,27.9561],[84.1726,27.959],[84.1606,27.9667],[84.1495,27.9541],[84.1324,27.946],[84.1355,27.9339],[84.1277,27.9256],[84.1274,27.916],[84.1326,27.8948],[84.1288,27.8935],[84.1304,27.8797],[84.1231,27.8782],[84.1229,27.8683],[84.1293,27.8731],[84.1473,27.8715],[84.1446,27.857],[84.1327,27.8584],[84.1305,27.8521],[84.1228,27.8481],[84.1284,27.8452],[84.1453,27.8501],[84.1579,27.8481],[84.1594,27.8394],[84.1648,27.8414],[84.1647,27.8466],[84.1736,27.8471],[84.1754,27.8522],[84.1929,27.8464],[84.2043,27.8522],[84.2096,27.849],[84.2113,27.8386],[84.2157,27.8463],[84.2276,27.8364],[84.2298,27.8455],[84.2444,27.8464],[84.2536,27.8386],[84.268,27.8385],[84.2707,27.8322],[84.2747,27.8362],[84.2981,27.8377],[84.3103,27.8636],[84.3285,27.8699],[84.3368,27.8799],[84.3368,27.88]]]}},{"type":"Feature","properties":{"province":4,"provinceName":"Gandaki","district":"Tanahu","localLevel":"Shuklagandaki","type":"municipality"},"geometry":{"type":"Polygon","coordinates":[[[84.0069,28.1158],[83.9951,28.1088],[83.9944,28.0993],[83.9841,28.0991],[83.9753,28.0902],[83.9631,28.0865],[83.9609,28.0797],[83.9709,28.0746],[83.9519,28.0667],[83.9417,28.0682],[83.9495,28.0513],[83.9565,28.0508],[83.9695,28.0374],[83.9826,28.0373],[83.9975,28.0468],[83.9987,28.035],[84.0074,28.0301],[84.0193,28.0306],[84.0418,28.0153],[84.0465,28.022],[84.0612,28.0223],[84.0745,28.0122],[84.085,28.0121],[84.0883,28.0063],[84.1,28.0127],[84.103,28.0218],[84.1114,28.0235],[84.116,28.0191],[84.1246,28.0413],[84.143,28.0376],[84.1521,28.0633],[84.1761,28.0532],[84.1856,28.0616],[84.1896,28.0751],[84.183,28.0854],[84.1899,28.0863],[84.1968,28.0953],[84.185,28.0958],[84.1812,28.1011],[84.1605,28.097],[84.1468,28.106],[84.1164,28.1059],[84.1052,28.1101],[84.081,28.0914],[84.0718,28.0775],[84.0604,28.0881],[84.0493,28.0843],[84.0398,28.0914],[84.0442,28.0945],[84.0346,28.0993],[84.028,28.0959],[84.0293,28.1052],[84.0146,28.1054],[84.0171,28.1102],[84.0073,28.1158],[84.0069,28.1158]]]}},{"type":"Feature","properties":{"province":4,"provinceName":"Gandaki","district":"Syangja","localLevel":"Aandhikhola","type":"rural_municipality"},"geometry":{"type":"Polygon","coordinates":[[[83.8114,28.2198],[83.8057,28.2211],[83.8015,28.2089],[83.7853,28.1967],[83.7742,28.1983],[83.7583,28.1901],[83.7681,28.1705],[83.7625,28.1635],[83.7663,28.1535],[83.7615,28.146],[83.7472,28.148],[83.7427,28.1411],[83.7447,28.1337],[83.7599,28.131],[83.7599,28.1154],[83.7715,28.1123],[83.7857,28.1228],[83.8077,28.1256],[83.8281,28.1184],[83.8596,28.1228],[83.8417,28.1387],[83.8553,28.1408],[83.859,28.1462],[83.8546,28.1531],[83.8413,28.1598],[83.8271,28.1769],[83.8189,28.1716],[83.8117,28.173],[83.8137,28.199],[83.8188,28.2099],[83.8116,28.2197],[83.8114,28.2198]]]}},{"type":"Feature","properties":{"province":4,"provinceName":"Gandaki","district":"Syangja","localLevel":"Arjunchaupari","type":"rural_municipality"},"geometry":{"type":"Polygon","coordinates":[[[83.7472,28.148],[83.7325,28.1477],[83.7111,28.1305],[83.7074,28.1183],[83.7321,28.1013],[83.7194,28.0899],[83.7057,28.0901],[83.7129,28.0829],[83.721,28.0859],[83.7314,28.0809],[83.7388,28.0661],[83.7499,28.0591],[83.7585,28.0685],[83.7631,28.063],[83.7759,28.0647],[83.7843,28.0724],[83.7991,28.0736],[83.7948,28.09],[83.8056,28.0957],[83.8081,28.102],[83.8206,28.1003],[83.814,28.1087],[83.8155,28.1233],[83.7857,28.1228],[83.7715,28.1123],[83.7599,28.1154],[83.7599,28.131],[83.7441,28.1344],[83.7427,28.1413],[83.7472,28.1477],[83.7472,28.148]]]}},{"type":"Feature","properties":{"province":4,"provinceName":"Gandaki","district":"Syangja","localLevel":"Bhirkot","type":"municipality"},"geometry":{"type":"Polygon","coordinates":[[[83.7991,28.0736],[83.7843,28.0724],[83.7759,28.0647],[83.7631,28.063],[83.7585,28.0685],[83.7499,28.0591],[83.7388,28.0661],[83.7317,28.0806],[83.7191,28.0857],[83.7109,28.0811],[83.7147,28.0631],[83.7044,28.0525],[83.696,28.0522],[83.6961,28.0486],[83.7134,28.0327],[83.7092,28.0321],[83.7145,28.0257],[83.712,28.0214],[83.7297,28.0197],[83.7333,28.0253],[83.7533,28.0214],[83.7589,28.0135],[83.7614,28.0171],[83.7668,28.0112],[83.7753,28.0105],[83.7805,28.0024],[83.7873,28.0056],[83.794,27.9982],[83.8028,27.9993],[83.7972,28.0111],[83.8149,28.0065],[83.8285,28.0117],[83.8436,28.0114],[83.8485,28.0174],[83.8613,28.0193],[83.8629,28.0259],[83.8707,28.0294],[83.8571,28.0366],[83.8462,28.0311],[83.8308,28.0368],[83.8249,28.034],[83.822,28.0435],[83.8252,28.0491],[83.8162,28.049],[83.8101,28.0619],[83.8065,28.0617],[83.8088,28.0674],[83.7992,28.0736],[83.7991,28.0736]]]}},{"type":"Feature","properties":{"province":4,"provinceName":"Gandaki","district":"Syangja","localLevel":"Biruwa","type":"rural_municipality"},"geometry":{"type":"Polygon","coordinates":[[[83.9417,28.0682],[83.9265,28.0703],[83.9214,28.075],[83.9021,28.0689],[83.8994,28.063],[83.8934,28.0688],[83.8864,28.0626],[83.8502,28.0568],[83.8576,28.0518],[83.8497,28.0497],[83.8495,28.0447],[83.8618,28.0316],[83.8683,28.0337],[83.8707,28.0294],[83.8629,28.0259],[83.8592,28.0177],[83.8637,28],[83.8613,27.9871],[83.869,27.9755],[83.8632,27.97],[83.8634,27.9635],[83.8798,27.9573],[83.8809,27.9502],[83.8766,27.9445],[83.9052,27.939],[83.9018,27.9307],[83.9044,27.9114],[83.914,27.9235],[83.916,27.9355],[83.9241,27.9425],[83.9208,27.9527],[83.9254,27.9568],[83.8992,27.9671],[83.9093,27.9782],[83.9192,27.9717],[83.9246,27.9791],[83.9346,27.9812],[83.9314,27.9868],[83.9347,27.9924],[83.9417,27.9929],[83.9345,27.9962],[83.9411,28.0104],[83.9297,28.0165],[83.9396,28.0376],[83.9328,28.0403],[83.9335,28.0442],[83.9436,28.0471],[83.9484,28.0538],[83.9419,28.0677],[83.9417,28.0682]]]}},{"type":"Feature","properties":{"province":4,"provinceName":"Gandaki","district":"Syangja","localLevel":"Chapakot","type":"municipality"},"geometry":{"type":"Polygon","coordinates":[[[83.8632,27.9699],[83.8477,27.9791],[83.8393,27.9586],[83.8481,27.9544],[83.8233,27.9568],[83.8316,27.9409],[83.8295,27.9291],[83.8406,27.9243],[83.8366,27.9193],[83.8246,27.9242],[83.8183,27.9322],[83.8067,27.9273],[83.7986,27.93],[83.7953,27.9386],[83.77,27.9275],[83.7604,27.9297],[83.7544,27.9386],[83.7539,27.9294],[83.7601,27.9229],[83.7585,27.9092],[83.7771,27.9031],[83.7906,27.8853],[83.8093,27.873],[83.823,27.8776],[83.8476,27.8683],[83.8473,27.8814],[83.8604,27.8734],[83.8632,27.8821],[83.8796,27.8882],[83.8831,27.8822],[83.8944,27.8859],[83.9122,27.8801],[83.9159,27.8776],[83.9128,27.8725],[83.9268,27.868],[83.9391,27.8776],[83.9443,27.8758],[83.9387,27.8852],[83.9428,27.8938],[83.954,27.8892],[83.9561,27.8972],[83.9637,27.9008],[83.9547,27.9216],[83.9374,27.9187],[83.9292,27.9236],[83.9159,27.9242],[83.9044,27.9114],[83.9018,27.9307],[83.9052,27.939],[83.8766,27.9445],[83.8809,27.9502],[83.8798,27.9573],[83.8634,27.9635],[83.8632,27.9692],[83.8632,27.9699]]]}},{"type":"Feature","properties":{"province":4,"provinceName":"Gandaki","district":"Syangja","localLevel":"Galyang","type":"municipality"},"geometry":{"type":"Polygon","coordinates":[[[83.6658,28.0137],[83.6504,28.0126],[83.6385,28.0179],[83.6299,28.0125],[83.6288,28.0053],[83.6069,28.0119],[83.6046,27.9961],[83.5861,27.9872],[83.5872,27.9787],[83.5934,27.9789],[83.61,27.9666],[83.6087,27.9589],[83.6135,27.9591],[83.6219,27.942],[83.6189,27.9304],[83.6288,27.925],[83.623,27.9175],[83.6355,27.914],[83.6354,27.8999],[83.657,27.9023],[83.6777,27.9273],[83.684,27.924],[83.6816,27.9199],[83.6851,27.9162],[83.6915,27.9237],[83.7004,27.9168],[83.721,27.9201],[83.7448,27.9],[83.7496,27.9012],[83.7446,27.9045],[83.7468,27.9078],[83.7601,27.9034],[83.7571,27.9125],[83.76,27.9235],[83.7526,27.9359],[83.7544,27.9386],[83.7604,27.9297],[83.77,27.9275],[83.7792,27.933],[83.7792,27.9498],[83.7684,27.9556],[83.7442,27.9581],[83.7372,27.9528],[83.7263,27.9602],[83.7372,27.9697],[83.7366,27.9738],[83.7324,27.9706],[83.7218,27.9779],[83.7253,27.96],[83.715,27.9602],[83.7118,27.9528],[83.7049,27.9525],[83.703,27.9586],[83.69,27.9639],[83.6949,27.9698],[83.6849,27.9759],[83.6951,27.9814],[83.6776,27.983],[83.6841,27.9976],[83.6818,28.003],[83.6673,27.9973],[83.6659,28.0132],[83.6658,28.0137]]]}},{"type":"Feature","properties":{"province":4,"provinceName":"Gandaki","district":"Syangja","localLevel":"Harinas","type":"rural_municipality"},"geometry":{"type":"Polygon","coordinates":[[[84.034,28.0193],[84.0193,28.0306],[84.0125,28.0289],[83.9995,28.0341],[83.9975,28.0468],[83.9822,28.0373],[83.9658,28.0386],[83.957,28.0504],[83.9484,28.0538],[83.9436,28.0471],[83.9338,28.0447],[83.9328,28.0403],[83.9396,28.0376],[83.9297,28.0165],[83.9411,28.0104],[83.9345,27.9962],[83.9417,27.9929],[83.9347,27.9924],[83.9314,27.9868],[83.9346,27.9812],[83.9246,27.9791],[83.9192,27.9717],[83.9093,27.9782],[83.8992,27.9671],[83.9254,27.9568],[83.9208,27.9527],[83.9241,27.9427],[83.916,27.9355],[83.914,27.9237],[83.9292,27.9236],[83.9374,27.9187],[83.9537,27.9223],[83.9627,27.899],[83.9764,27.9026],[83.9802,27.9165],[83.9714,27.9372],[83.9691,27.9579],[83.9818,27.9726],[83.9813,27.9972],[83.9934,27.9995],[83.9941,28.006],[84.0046,28.0062],[84.0082,28.0137],[84.0192,28.0118],[84.0339,28.019],[84.034,28.0193]]]}},{"type":"Feature","properties":{"province":4,"provinceName":"Gandaki","district":"Syangja","localLevel":"Kaligandagi","type":"rural_municipality"},"geometry":{"type":"Polygon","coordinates":[[[83.552,27.9766],[83.5477,27.9708],[83.5239,27.9637],[83.5024,27.9767],[83.4849,27.9815],[83.4636,27.9537],[83.4455,27.9446],[83.4474,27.9392],[83.4419,27.9331],[83.4509,27.9283],[83.4625,27.9342],[83.4859,27.9225],[83.4925,27.929],[83.5079,27.9284],[83.5118,27.9328],[83.5049,27.9369],[83.5107,27.9406],[83.5184,27.9372],[83.5261,27.9239],[83.533,27.939],[83.5388,27.9369],[83.5399,27.9279],[83.5505,27.9279],[83.5676,27.9345],[83.573,27.9429],[83.5784,27.937],[83.5766,27.9301],[83.5937,27.9313],[83.6018,27.9234],[83.6128,27.925],[83.6206,27.9319],[83.6222,27.9408],[83.6135,27.9591],[83.6087,27.9589],[83.6097,27.967],[83.593,27.9792],[83.5811,27.9792],[83.5794,27.9742],[83.5529,27.9766],[83.552,27.9766]]]}},{"type":"Feature","properties":{"province":4,"provinceName":"Gandaki","district":"Syangja","localLevel":"Phedikhola","type":"rural_municipality"},"geometry":{"type":"Polygon","coordinates":[[[83.9254,28.1514],[83.9292,28.1604],[83.9256,28.1683],[83.9074,28.1769],[83.8929,28.1944],[83.8795,28.1922],[83.8727,28.1975],[83.8581,28.1939],[83.8488,28.199],[83.8399,28.2118],[83.8321,28.2141],[83.8168,28.2075],[83.8117,28.173],[83.8189,28.1716],[83.8271,28.1769],[83.8413,28.1598],[83.8546,28.1531],[83.8619,28.1408],[83.8886,28.1356],[83.9021,28.139],[83.9271,28.1362],[83.9225,28.1479],[83.9253,28.1514],[83.9254,28.1514]]]}},{"type":"Feature","properties":{"province":4,"provinceName":"Gandaki","district":"Syangja","localLevel":"Putalibazar","type":"municipality"},"geometry":{"type":"Polygon","coordinates":[[[84.0069,28.1158],[84.0009,28.1215],[84.004,28.1318],[83.9922,28.1345],[83.9819,28.1433],[83.963,28.1386],[83.9416,28.141],[83.9254,28.1514],[83.9225,28.1479],[83.9272,28.1363],[83.9021,28.139],[83.8886,28.1356],[83.8621,28.1407],[83.8583,28.1454],[83.8534,28.1396],[83.8416,28.139],[83.859,28.1221],[83.8281,28.1184],[83.8152,28.1236],[83.8141,28.1084],[83.8206,28.1003],[83.8076,28.1018],[83.8058,28.0958],[83.7934,28.0882],[83.7987,28.0741],[83.8095,28.0661],[83.8065,28.0617],[83.8123,28.0589],[83.8146,28.0505],[83.8254,28.0488],[83.8237,28.0351],[83.8308,28.0368],[83.8462,28.0311],[83.8567,28.0367],[83.8495,28.0447],[83.8497,28.0497],[83.8576,28.0518],[83.85,28.0556],[83.8536,28.0597],[83.8864,28.0626],[83.8934,28.0688],[83.8989,28.0628],[83.9021,28.0689],[83.9214,28.075],[83.9266,28.0703],[83.9514,28.0667],[83.9635,28.0709],[83.9715,28.0751],[83.9611,28.0793],[83.9631,28.0865],[83.9753,28.0902],[83.9841,28.0991],[83.9944,28.0993],[83.9951,28.1088],[84.0067,28.1155],[84.0069,28.1158]]]}},{"type":"Feature","properties":{"province":4,"provinceName":"Gandaki","district":"Syangja","localLevel":"Waling","type":"municipality"},"geometry":{"type":"Polygon","coordinates":[[[83.8594,28.0186],[83.8149,28.0065],[83.7983,28.0116],[83.8032,27.9995],[83.794,27.9982],[83.7873,28.0056],[83.7805,28.0024],[83.7753,28.0105],[83.7668,28.0112],[83.7618,28.017],[83.7589,28.0135],[83.7533,28.0214],[83.7333,28.0253],[83.7297,28.0197],[83.712,28.0214],[83.7145,28.0257],[83.7092,28.0321],[83.7134,28.0327],[83.6957,28.0505],[83.6959,28.0415],[83.6906,28.0381],[83.6933,28.0325],[83.6999,28.0323],[83.6806,28.0181],[83.6659,28.014],[83.6661,28.0007],[83.6675,27.9973],[83.6818,28.003],[83.6841,27.9976],[83.6776,27.983],[83.6951,27.9814],[83.6849,27.9759],[83.6949,27.9698],[83.69,27.9639],[83.703,27.9586],[83.7049,27.9525],[83.7118,27.9528],[83.715,27.9602],[83.7253,27.96],[83.7218,27.9779],[83.7324,27.9706],[83.7366,27.9738],[83.7372,27.9697],[83.7263,27.9602],[83.7372,27.9528],[83.7442,27.9581],[83.7684,27.9556],[83.7792,27.9498],[83.7792,27.933],[83.7953,27.9386],[83.7986,27.93],[83.8067,27.9273],[83.8183,27.9322],[83.8246,27.9242],[83.8366,27.9193],[83.8406,27.9243],[83.8295,27.9291],[83.8316,27.9409],[83.8233,27.9568],[83.8481,27.9544],[83.8393,27.9586],[83.8477,27.9791],[83.8554,27.9721],[83.8686,27.9726],[83.8613,27.9871],[83.8637,28],[83.8592,28.018],[83.8594,28.0186]]]}},{"type":"Feature","properties":{"province":4,"provinceName":"Gandaki","district":"Kaski","localLevel":"Annapurna","type":"rural_municipality"},"geometry":{"type":"Polygon","coordinates":[[[83.9438,28.601],[83.8896,28.6067],[83.8736,28.6132],[83.8114,28.5896],[83.8033,28.5767],[83.8123,28.5588],[83.8297,28.5418],[83.8307,28.5342],[83.8156,28.5181],[83.8037,28.5153],[83.7746,28.4803],[83.7547,28.4724],[83.7556,28.4582],[83.7386,28.4383],[83.7339,28.4204],[83.7474,28.4025],[83.7594,28.4054],[83.7617,28.3941],[83.7027,28.3984],[83.7072,28.3878],[83.7252,28.3751],[83.7206,28.3681],[83.7297,28.3563],[83.7282,28.3488],[83.7398,28.343],[83.7486,28.3274],[83.7765,28.3089],[83.7636,28.2928],[83.7765,28.2853],[83.7676,28.2739],[83.7746,28.2698],[83.803,28.2605],[83.8221,28.2605],[83.8244,28.2553],[83.8384,28.2652],[83.8476,28.2624],[83.8569,28.2668],[83.8802,28.2547],[83.8839,28.2576],[83.8865,28.2785],[83.8781,28.2821],[83.8819,28.2898],[83.8748,28.2913],[83.8643,28.2855],[83.847,28.291],[83.849,28.2988],[83.8305,28.3041],[83.8311,28.3271],[83.8452,28.3371],[83.8459,28.3864],[83.8582,28.4064],[83.8572,28.4162],[83.8791,28.4465],[83.8623,28.4596],[83.8874,28.4786],[83.902,28.4976],[83.9178,28.5363],[83.9298,28.5417],[83.9369,28.5532],[83.9506,28.5628],[83.9506,28.5873],[83.9441,28.6009],[83.9438,28.601]]]}},{"type":"Feature","properties":{"province":4,"provinceName":"Gandaki","district":"Kaski","localLevel":"Machhapuchchhre","type":"rural_municipality"},"geometry":{"type":"Polygon","coordinates":[[[84.0874,28.5383],[84.0619,28.5633],[84.033,28.5725],[84.0156,28.5871],[83.9917,28.5843],[83.9659,28.6052],[83.9438,28.601],[83.9506,28.5873],[83.9506,28.5628],[83.9369,28.5532],[83.9298,28.5417],[83.9178,28.5363],[83.902,28.4976],[83.8874,28.4786],[83.8617,28.458],[83.8791,28.4465],[83.8572,28.4162],[83.8582,28.4064],[83.8459,28.3864],[83.8454,28.3376],[83.832,28.3296],[83.8305,28.3041],[83.849,28.2988],[83.8467,28.2912],[83.8643,28.2855],[83.8875,28.2976],[83.9107,28.2915],[83.9268,28.3013],[83.9347,28.2926],[83.9617,28.3111],[83.9684,28.3284],[83.9906,28.3281],[84.0048,28.341],[84.0224,28.3282],[84.0356,28.3504],[84.0534,28.3599],[84.0681,28.3751],[84.056,28.4138],[84.06,28.4175],[84.0576,28.4318],[84.0507,28.4382],[84.0605,28.4501],[84.0674,28.4715],[84.0773,28.4787],[84.0772,28.4884],[84.0867,28.5019],[84.0874,28.5108],[84.0787,28.5236],[84.0872,28.5381],[84.0874,28.5383]]]}},{"type":"Feature","properties":{"province":4,"provinceName":"Gandaki","district":"Kaski","localLevel":"Madi","type":"rural_municipality"},"geometry":{"type":"Polygon","coordinates":[[[84.1888,28.5027],[84.1639,28.5125],[84.1395,28.5392],[84.1266,28.5345],[84.0887,28.5391],[84.0813,28.5329],[84.0787,28.5234],[84.0874,28.5108],[84.0867,28.5019],[84.0772,28.4884],[84.0773,28.4787],[84.0674,28.4715],[84.0605,28.4501],[84.0506,28.438],[84.0576,28.4318],[84.06,28.4175],[84.056,28.4138],[84.0681,28.3751],[84.0534,28.3599],[84.0356,28.3504],[84.0208,28.3275],[84.0336,28.3004],[84.0634,28.2799],[84.0648,28.2597],[84.0549,28.2335],[84.0585,28.226],[84.0514,28.2175],[84.0793,28.219],[84.0839,28.214],[84.0695,28.2114],[84.0795,28.2103],[84.0999,28.2238],[84.1102,28.2205],[84.1113,28.2109],[84.1298,28.209],[84.1292,28.2031],[84.1449,28.1987],[84.1479,28.1921],[84.165,28.189],[84.1739,28.1948],[84.1945,28.192],[84.1929,28.1964],[84.2036,28.1994],[84.2125,28.2118],[84.2163,28.2441],[84.2131,28.2654],[84.1985,28.2778],[84.1889,28.2913],[84.1897,28.2965],[84.1978,28.3049],[84.1996,28.3193],[84.2076,28.3279],[84.2076,28.3408],[84.2197,28.3597],[84.2194,28.3779],[84.2145,28.386],[84.2171,28.3938],[84.2267,28.4022],[84.2317,28.4158],[84.247,28.424],[84.2485,28.4417],[84.2685,28.4514],[84.2808,28.4707],[84.2639,28.4818],[84.2567,28.4795],[84.2355,28.4838],[84.2284,28.4806],[84.2205,28.4855],[84.1912,28.489],[84.1888,28.5026],[84.1888,28.5027]]]}},{"type":"Feature","properties":{"province":4,"provinceName":"Gandaki","district":"Kaski","localLevel":"Pokhara Lekhnath","type":"metropolitan_city"},"geometry":{"type":"Polygon","coordinates":[[[84.0208,28.3275],[84.004,28.341],[83.9906,28.3281],[83.9684,28.3284],[83.9617,28.3111],[83.9347,28.2926],[83.9268,28.3013],[83.9107,28.2915],[83.8872,28.2974],[83.8781,28.2821],[83.8865,28.2785],[83.8831,28.2564],[83.8611,28.2666],[83.8476,28.2624],[83.8384,28.2652],[83.8004,28.2284],[83.8188,28.2099],[83.8262,28.2142],[83.8393,28.2121],[83.8581,28.1939],[83.8727,28.1975],[83.8795,28.1922],[83.8929,28.1944],[83.9074,28.1769],[83.9256,28.1683],[83.9292,28.1604],[83.9256,28.1495],[83.9323,28.1438],[83.963,28.1386],[83.9822,28.1432],[83.9922,28.1345],[84.004,28.1318],[84.0009,28.1215],[84.012,28.1103],[84.0171,28.1102],[84.0145,28.1055],[84.0291,28.1053],[84.028,28.0959],[84.0346,28.0993],[84.0442,28.0945],[84.0398,28.0914],[84.0493,28.0843],[84.0604,28.0881],[84.0718,28.0775],[84.081,28.0914],[84.0899,28.0948],[84.1009,28.1075],[84.1078,28.1103],[84.1169,28.106],[84.13,28.1159],[84.1237,28.1229],[84.1256,28.131],[84.1125,28.1352],[84.1122,28.1435],[84.1188,28.1507],[84.1201,28.161],[84.1463,28.1745],[84.1438,28.1883],[84.1499,28.1914],[84.1449,28.1987],[84.1292,28.2031],[84.1298,28.209],[84.1111,28.211],[84.1079,28.2217],[84.0997,28.2237],[84.0917,28.2172],[84.0882,28.2194],[84.085,28.2122],[84.0722,28.2094],[84.0697,28.2123],[84.0841,28.2142],[84.0793,28.219],[84.0514,28.2175],[84.0585,28.226],[84.0549,28.2335],[84.0648,28.2597],[84.0634,28.2799],[84.0336,28.3004],[84.021,28.3269],[84.0208,28.3275]]]}},{"type":"Feature","properties":{"province":4,"provinceName":"Gandaki","district":"Kaski","localLevel":"Rupa","type":"rural_municipality"},"geometry":{"type":"Polygon","coordinates":[[[84.1957,28.1928],[84.1739,28.1948],[84.1654,28.189],[84.1446,28.1895],[84.1463,28.1745],[84.1201,28.161],[84.1188,28.1507],[84.1122,28.1435],[84.1125,28.1352],[84.1255,28.1311],[84.1239,28.1225],[84.1303,28.1186],[84.1187,28.107],[84.1468,28.106],[84.1605,28.097],[84.1812,28.1011],[84.1847,28.0959],[84.1934,28.0945],[84.2135,28.0945],[84.2211,28.0997],[84.2281,28.0957],[84.2314,28.1016],[84.2195,28.1236],[84.221,28.1324],[84.2307,28.1403],[84.2231,28.1493],[84.2219,28.1649],[84.2155,28.1722],[84.2209,28.1807],[84.2113,28.1835],[84.2079,28.1892],[84.1964,28.1882],[84.196,28.1923],[84.1957,28.1928]]]}},{"type":"Feature","properties":{"province":4,"provinceName":"Gandaki","district":"Manang","localLevel":"Chame","type":"rural_municipality"},"geometry":{"type":"Polygon","coordinates":[[[84.2808,28.4707],[84.2999,28.4961],[84.3053,28.5198],[84.3166,28.5298],[84.305,28.5444],[84.292,28.5514],[84.2634,28.5528],[84.2487,28.5756],[84.2335,28.5549],[84.2284,28.5539],[84.209,28.5169],[84.1888,28.5027],[84.1912,28.489],[84.2205,28.4855],[84.2284,28.4806],[84.2355,28.4838],[84.2567,28.4795],[84.2639,28.4818],[84.2803,28.4709],[84.2808,28.4707]]]}},{"type":"Feature","properties":{"province":4,"provinceName":"Gandaki","district":"Manang","localLevel":"Narpa Bhumi","type":"rural_municipality"},"geometry":{"type":"Polygon","coordinates":[[[84.1916,28.8993],[84.1814,28.8967],[84.1723,28.8816],[84.1598,28.8721],[84.1485,28.8801],[84.1406,28.8792],[84.1327,28.8885],[84.1175,28.8809],[84.0979,28.8873],[84.0921,28.8793],[84.0938,28.8733],[84.0864,28.8659],[84.0912,28.8553],[84.0871,28.8495],[84.0629,28.839],[84.0539,28.8425],[84.048,28.8301],[84.0495,28.8224],[84.039,28.813],[84.0262,28.8089],[84.0247,28.8012],[84.0353,28.7895],[84.0361,28.7816],[84.024,28.7717],[84.0271,28.7673],[84.0251,28.7434],[84.0409,28.7283],[84.0598,28.7213],[84.0873,28.7302],[84.0989,28.7246],[84.1148,28.7248],[84.1131,28.7037],[84.1249,28.6883],[84.1386,28.6824],[84.1467,28.6715],[84.1668,28.6657],[84.1878,28.6529],[84.1916,28.6369],[84.1879,28.6301],[84.1948,28.6168],[84.2243,28.5826],[84.2405,28.5732],[84.2418,28.5671],[84.2487,28.5756],[84.2429,28.5923],[84.2496,28.599],[84.2542,28.626],[84.288,28.6514],[84.3251,28.6626],[84.3327,28.6769],[84.3298,28.6868],[84.3328,28.6907],[84.3501,28.6943],[84.3649,28.7037],[84.3852,28.7037],[84.3956,28.7106],[84.3928,28.7268],[84.3974,28.7319],[84.4203,28.7372],[84.4253,28.75],[84.4179,28.7569],[84.4183,28.7672],[84.4245,28.7716],[84.4387,28.7693],[84.4481,28.7824],[84.4475,28.7931],[84.4342,28.8014],[84.4318,28.8132],[84.4375,28.8208],[84.421,28.8315],[84.4028,28.8301],[84.4015,28.8372],[84.4098,28.8429],[84.4116,28.8527],[84.3979,28.8591],[84.3774,28.8643],[84.3592,28.8593],[84.3447,28.8729],[84.3355,28.8646],[84.3258,28.8626],[84.3178,28.8697],[84.29,28.8769],[84.2677,28.8977],[84.255,28.8902],[84.2225,28.8915],[84.1919,28.8993],[84.1916,28.8993]]]}},{"type":"Feature","properties":{"province":4,"provinceName":"Gandaki","district":"Manang","localLevel":"Nasho","type":"rural_municipality"},"geometry":{"type":"Polygon","coordinates":[[[84.4387,28.7693],[84.4245,28.7716],[84.4183,28.7672],[84.4179,28.7569],[84.4253,28.75],[84.4207,28.7379],[84.3954,28.7304],[84.3917,28.7232],[84.3956,28.7106],[84.3852,28.7037],[84.3649,28.7037],[84.3501,28.6943],[84.3328,28.6907],[84.3298,28.6868],[84.3327,28.6769],[84.3251,28.6626],[84.288,28.6514],[84.2542,28.626],[84.2496,28.599],[84.2429,28.5923],[84.2617,28.5541],[84.2958,28.5497],[84.3166,28.5298],[84.3053,28.5198],[84.2999,28.4961],[84.2716,28.4602],[84.2809,28.4469],[84.3764,28.4538],[84.3754,28.4609],[84.4003,28.4564],[84.4179,28.4713],[84.4193,28.4908],[84.4251,28.5031],[84.4346,28.51],[84.4469,28.5092],[84.4635,28.5],[84.4929,28.4614],[84.5334,28.4728],[84.5528,28.4713],[84.5703,28.4827],[84.5669,28.4868],[84.5672,28.501],[84.5727,28.5099],[84.5694,28.5229],[84.5622,28.5327],[84.5616,28.55],[84.5496,28.5545],[84.554,28.5591],[84.5497,28.5622],[84.5513,28.5836],[84.5436,28.5983],[84.5449,28.6272],[84.5336,28.6462],[84.5209,28.6517],[84.5243,28.6632],[84.5148,28.6735],[84.5222,28.6943],[84.5032,28.6987],[84.484,28.7183],[84.494,28.7346],[84.483,28.7466],[84.4626,28.7512],[84.4541,28.7647],[84.4392,28.7691],[84.4387,28.7693]]]}},{"type":"Feature","properties":{"province":4,"provinceName":"Gandaki","district":"Manang","localLevel":"Manang Nshiang","type":"rural_municipality"},"geometry":{"type":"Polygon","coordinates":[[[84.0247,28.8012],[84.0161,28.7975],[83.9971,28.8133],[83.9707,28.8166],[83.9619,28.8338],[83.9525,28.8347],[83.9404,28.8246],[83.9397,28.8122],[83.9443,28.8063],[83.941,28.7884],[83.9254,28.7798],[83.9096,28.7784],[83.8994,28.7704],[83.8933,28.7436],[83.8809,28.7377],[83.8662,28.7226],[83.8472,28.7269],[83.8152,28.7143],[83.7913,28.6931],[83.8153,28.6817],[83.8519,28.6536],[83.8737,28.6131],[83.8896,28.6067],[83.9271,28.6054],[83.9411,28.601],[83.9661,28.6051],[83.9917,28.5843],[84.0156,28.5871],[84.033,28.5725],[84.0619,28.5633],[84.0874,28.5383],[84.1266,28.5345],[84.1395,28.5392],[84.1653,28.5116],[84.1888,28.5027],[84.2012,28.5091],[84.2284,28.5539],[84.2418,28.5671],[84.2405,28.5732],[84.2243,28.5826],[84.1948,28.6168],[84.1879,28.6301],[84.1916,28.6369],[84.1878,28.6529],[84.1668,28.6657],[84.1467,28.6715],[84.1386,28.6824],[84.1249,28.6883],[84.1131,28.7037],[84.1148,28.7248],[84.0989,28.7246],[84.0873,28.7302],[84.0598,28.7213],[84.0409,28.7283],[84.0252,28.7433],[84.0271,28.7673],[84.024,28.7717],[84.0361,28.7816],[84.0353,28.7895],[84.025,28.8011],[84.0247,28.8012]]]}},{"type":"Feature","properties":{"province":4,"provinceName":"Gandaki","district":"Mustang","localLevel":"Waragun Muktikshetra","type":"rural_municipality"},"geometry":{"type":"Polygon","coordinates":[[[84.0539,28.8425],[84.0396,28.8399],[84.0227,28.8535],[84.023,28.8605],[84.0194,28.8562],[84.0113,28.8577],[83.9876,28.8733],[83.9758,28.892],[83.9742,28.91],[83.9509,28.9223],[83.9413,28.9392],[83.9162,28.9445],[83.8994,28.9378],[83.8805,28.939],[83.8583,28.9283],[83.8304,28.9276],[83.8351,28.9658],[83.829,28.9675],[83.8287,28.9759],[83.818,28.9753],[83.8121,28.992],[83.7742,29.019],[83.7522,29.0216],[83.7504,29.0139],[83.7359,29.0091],[83.7051,29.023],[83.6823,29.0238],[83.681,29.0179],[83.6741,29.0184],[83.665,29.0228],[83.6615,29.0299],[83.6397,29.0288],[83.6199,29.0437],[83.6145,29.0354],[83.6186,29.0188],[83.614,29.0147],[83.619,29.0061],[83.6171,28.9876],[83.6113,28.9802],[83.6012,28.9856],[83.5941,28.9836],[83.5821,28.9561],[83.569,28.9433],[83.5607,28.9448],[83.5586,28.9337],[83.5483,28.9218],[83.5015,28.8771],[83.5082,28.8564],[83.5,28.8425],[83.494,28.8464],[83.4837,28.8446],[83.4856,28.8321],[83.4817,28.8234],[83.4898,28.8037],[83.489,28.7905],[83.5193,28.796],[83.5398,28.7892],[83.5849,28.8151],[83.6071,28.8159],[83.6117,28.8123],[83.6221,28.8155],[83.6338,28.8307],[83.6312,28.8524],[83.649,28.8611],[83.6819,28.8683],[83.7071,28.8621],[83.7045,28.8408],[83.7203,28.8094],[83.73,28.8047],[83.7918,28.8035],[83.7954,28.7956],[83.8153,28.7934],[83.826,28.7856],[83.8539,28.7795],[83.8608,28.7641],[83.8928,28.7511],[83.898,28.7684],[83.909,28.7781],[83.9254,28.7798],[83.941,28.7884],[83.9443,28.8063],[83.9397,28.8122],[83.9404,28.8246],[83.9525,28.8347],[83.9619,28.8338],[83.9697,28.8171],[83.9971,28.8133],[84.0068,28.8017],[84.0168,28.7974],[84.0254,28.8018],[84.0274,28.8101],[84.039,28.813],[84.0495,28.8224],[84.048,28.8301],[84.0539,28.8423],[84.0539,28.8425]]]}},{"type":"Feature","properties":{"province":4,"provinceName":"Gandaki","district":"Mustang","localLevel":"Lo-Ghekar Damodarkunda","type":"rural_municipality"},"geometry":{"type":"Polygon","coordinates":[[[83.75,29.2438],[83.7239,29.2415],[83.7133,29.2445],[83.6863,29.2131],[83.658,29.2039],[83.6602,29.1874],[83.6656,29.184],[83.6595,29.1761],[83.6682,29.1697],[83.6649,29.1567],[83.6779,29.1489],[83.677,29.137],[83.6825,29.1234],[83.6623,29.1244],[83.6535,29.119],[83.652,29.1044],[83.6309,29.1068],[83.6227,29.0978],[83.6177,29.0983],[83.6182,29.0925],[83.6331,29.0801],[83.6336,29.0629],[83.6225,29.0604],[83.6202,29.0551],[83.6199,29.0437],[83.6307,29.035],[83.6401,29.0287],[83.6615,29.0299],[83.665,29.0228],[83.6741,29.0184],[83.681,29.0179],[83.6823,29.0238],[83.7054,29.023],[83.7345,29.0091],[83.75,29.0134],[83.7522,29.0216],[83.7742,29.019],[83.8121,28.992],[83.818,28.9753],[83.8287,28.9759],[83.829,28.9675],[83.8351,28.9658],[83.8304,28.9276],[83.8583,28.9283],[83.8805,28.939],[83.8994,28.9378],[83.9162,28.9445],[83.9425,28.9387],[83.9509,28.9223],[83.9742,28.91],[83.9758,28.892],[83.9876,28.8733],[84.0113,28.8577],[84.0194,28.8562],[84.023,28.8605],[84.0239,28.8521],[84.0414,28.8395],[84.0526,28.8431],[84.0629,28.839],[84.0871,28.8495],[84.0912,28.8553],[84.0864,28.8659],[84.0938,28.8733],[84.0921,28.8793],[84.0979,28.8873],[84.1171,28.8807],[84.1327,28.8885],[84.1406,28.8792],[84.1485,28.8801],[84.1598,28.8721],[84.1865,28.9002],[84.2225,28.8915],[84.228,28.8939],[84.2226,28.9156],[84.2336,28.9596],[84.2439,28.9761],[84.2416,28.9973],[84.25,29.0126],[84.25,29.0372],[84.2444,29.0442],[84.223,29.0535],[84.1918,29.0469],[84.1883,29.0807],[84.1477,29.096],[84.1287,29.0837],[84.1246,29.0758],[84.117,29.0797],[84.1141,29.0872],[84.101,29.0923],[84.0865,29.1076],[84.0827,29.1223],[84.0654,29.1337],[84.0591,29.1517],[84.0367,29.1663],[84.0272,29.1618],[84.0132,29.1658],[84.0013,29.1565],[83.979,29.1038],[83.9665,29.0887],[83.956,29.087],[83.9537,29.0797],[83.9438,29.0723],[83.9393,29.0918],[83.9303,29.1042],[83.9172,29.1085],[83.9087,29.1208],[83.894,29.1245],[83.8872,29.1354],[83.8568,29.144],[83.8157,29.1702],[83.7957,29.1902],[83.7905,29.2108],[83.7689,29.2269],[83.75,29.234],[83.7496,29.242],[83.75,29.2438]],[[84.2427,29],[84.243,29],[84.2427,29],[84.2427,29]]]}},{"type":"Feature","properties":{"province":4,"provinceName":"Gandaki","district":"Mustang","localLevel":"Gharapjhong","type":"rural_municipality"},"geometry":{"type":"Polygon","coordinates":[[[83.8928,28.7511],[83.8608,28.7641],[83.8539,28.7795],[83.826,28.7856],[83.8153,28.7934],[83.7954,28.7956],[83.7918,28.8035],[83.73,28.8047],[83.7203,28.8094],[83.7046,28.8405],[83.7072,28.862],[83.7021,28.8647],[83.6785,28.8684],[83.6694,28.863],[83.6484,28.8609],[83.6311,28.8523],[83.6338,28.8307],[83.6221,28.8155],[83.6117,28.8123],[83.6071,28.8159],[83.5849,28.8151],[83.5809,28.8079],[83.5821,28.803],[83.6152,28.7967],[83.6157,28.7906],[83.6389,28.7685],[83.6533,28.7388],[83.6798,28.7313],[83.6785,28.7259],[83.6581,28.7102],[83.631,28.6946],[83.6552,28.6887],[83.6657,28.6799],[83.6665,28.6699],[83.6707,28.6686],[83.7089,28.674],[83.7205,28.6843],[83.7383,28.6781],[83.7466,28.69],[83.7695,28.6864],[83.7913,28.6931],[83.8148,28.7141],[83.8384,28.724],[83.856,28.7266],[83.8662,28.7226],[83.8741,28.7269],[83.8809,28.7377],[83.8933,28.7436],[83.8928,28.7509],[83.8928,28.7511]]]}},{"type":"Feature","properties":{"province":4,"provinceName":"Gandaki","district":"Mustang","localLevel":"Lomanthang","type":"rural_municipality"},"geometry":{"type":"Polygon","coordinates":[[[84.1883,29.0807],[84.2038,29.1037],[84.2031,29.1239],[84.1769,29.1308],[84.1755,29.1497],[84.1681,29.1641],[84.1714,29.1721],[84.1644,29.1852],[84.1689,29.1903],[84.1665,29.1948],[84.1797,29.2067],[84.1905,29.2057],[84.2019,29.2139],[84.2002,29.2281],[84.2051,29.2366],[84.1948,29.2441],[84.1815,29.2377],[84.1595,29.2417],[84.1433,29.2361],[84.1185,29.2441],[84.1145,29.2481],[84.1145,29.263],[84.1238,29.2703],[84.1197,29.2767],[84.1224,29.2795],[84.0981,29.292],[84.0879,29.2945],[84.0827,29.2884],[84.0709,29.2852],[84.0445,29.3008],[84.0319,29.2928],[84.0285,29.2856],[84.0125,29.2944],[83.992,29.2984],[83.9911,29.3026],[84.0014,29.3063],[84.0031,29.3119],[83.978,29.3286],[83.9648,29.3313],[83.9451,29.3162],[83.9069,29.3257],[83.9001,29.3188],[83.8895,29.3201],[83.8588,29.3098],[83.8502,29.2976],[83.8148,29.302],[83.8099,29.2858],[83.7966,29.2774],[83.8044,29.2563],[83.7994,29.25],[83.7835,29.2443],[83.7732,29.2468],[83.7661,29.2401],[83.75,29.2438],[83.75,29.234],[83.7689,29.2269],[83.7905,29.2108],[83.7957,29.1902],[83.8157,29.1702],[83.8568,29.144],[83.8872,29.1354],[83.894,29.1245],[83.9087,29.1208],[83.9172,29.1085],[83.9303,29.1042],[83.9393,29.0918],[83.9438,29.0723],[83.9537,29.0797],[83.956,29.087],[83.9665,29.0887],[83.9786,29.1032],[84.0016,29.1502],[84.0015,29.1573],[84.0133,29.1658],[84.0272,29.1618],[84.0367,29.1663],[84.0591,29.1517],[84.0654,29.1337],[84.0827,29.1223],[84.0912,29.1018],[84.1243,29.0758],[84.1287,29.0837],[84.1477,29.096],[84.1881,29.0807],[84.1883,29.0807]]]}},{"type":"Feature","properties":{"province":4,"provinceName":"Gandaki","district":"Mustang","localLevel":"Thasang","type":"rural_municipality"},"geometry":{"type":"Polygon","coordinates":[[[83.7383,28.6781],[83.7205,28.6843],[83.7089,28.674],[83.6707,28.6686],[83.6665,28.6699],[83.6657,28.6799],[83.6552,28.6887],[83.632,28.6933],[83.6778,28.7254],[83.6798,28.7313],[83.6533,28.7388],[83.6389,28.7685],[83.6157,28.7906],[83.6152,28.7967],[83.5818,28.8032],[83.5837,28.8139],[83.5404,28.7893],[83.5193,28.796],[83.5069,28.793],[83.5102,28.788],[83.5509,28.7753],[83.5582,28.7644],[83.5558,28.7569],[83.5607,28.7462],[83.5393,28.711],[83.5417,28.6971],[83.5296,28.6883],[83.5427,28.6716],[83.5458,28.6547],[83.5635,28.6441],[83.5661,28.607],[83.5722,28.5992],[83.5714,28.5936],[83.5817,28.5833],[83.5912,28.5897],[83.5987,28.5892],[83.615,28.5839],[83.6229,28.5758],[83.6447,28.5729],[83.6398,28.5664],[83.6654,28.5668],[83.6788,28.585],[83.688,28.6136],[83.6994,28.6172],[83.7089,28.6401],[83.7226,28.6522],[83.7321,28.6547],[83.7299,28.6669],[83.7388,28.6724],[83.7381,28.678],[83.7383,28.6781]]]}},{"type":"Feature","properties":{"province":4,"provinceName":"Gandaki","district":"Myagdi","localLevel":"Annapurna","type":"rural_municipality"},"geometry":{"type":"Polygon","coordinates":[[[83.8737,28.6131],[83.8522,28.6533],[83.8139,28.6826],[83.7913,28.6931],[83.7695,28.6864],[83.7466,28.69],[83.7381,28.678],[83.7388,28.6724],[83.7299,28.6669],[83.7321,28.6547],[83.7226,28.6522],[83.7089,28.6401],[83.6994,28.6172],[83.688,28.6136],[83.6788,28.585],[83.6654,28.5668],[83.6398,28.5664],[83.6447,28.5729],[83.6229,28.5758],[83.615,28.5839],[83.5987,28.5892],[83.5912,28.5897],[83.5821,28.5837],[83.5759,28.5761],[83.5772,28.5661],[83.5859,28.5624],[83.5916,28.5512],[83.5749,28.5034],[83.5822,28.4947],[83.5818,28.4872],[83.5979,28.4537],[83.6195,28.448],[83.6017,28.4317],[83.6021,28.4016],[83.5947,28.3912],[83.6287,28.3807],[83.6361,28.366],[83.6602,28.348],[83.6667,28.35],[83.6816,28.3713],[83.6802,28.3786],[83.6901,28.3987],[83.7613,28.3935],[83.7594,28.4054],[83.7474,28.4025],[83.7339,28.4201],[83.7386,28.4383],[83.7556,28.4582],[83.7543,28.4719],[83.7746,28.4803],[83.8037,28.5153],[83.8156,28.5181],[83.8307,28.5342],[83.8297,28.5418],[83.8092,28.5636],[83.804,28.5798],[83.8214,28.5952],[83.8319,28.5953],[83.8736,28.6132],[83.8737,28.6131]]]}},{"type":"Feature","properties":{"province":4,"provinceName":"Gandaki","district":"Myagdi","localLevel":"Beni","type":"municipality"},"geometry":{"type":"Polygon","coordinates":[[[83.5717,28.3743],[83.5662,28.3773],[83.5632,28.3878],[83.5503,28.3945],[83.5454,28.4056],[83.5353,28.4125],[83.5105,28.4045],[83.5159,28.3948],[83.5123,28.3907],[83.5064,28.3875],[83.4936,28.3905],[83.4875,28.3847],[83.5009,28.3844],[83.4978,28.3729],[83.5065,28.3646],[83.4815,28.3526],[83.4903,28.3212],[83.5,28.3242],[83.5118,28.3166],[83.5291,28.3149],[83.5373,28.3031],[83.5485,28.3134],[83.5648,28.3169],[83.5873,28.3095],[83.5938,28.3013],[83.6033,28.2981],[83.5992,28.3152],[83.5704,28.3409],[83.5674,28.357],[83.5714,28.374],[83.5717,28.3743]]]}},{"type":"Feature","properties":{"province":4,"provinceName":"Gandaki","district":"Myagdi","localLevel":"Dhaulagiri","type":"rural_municipality"},"geometry":{"type":"Polygon","coordinates":[[[83.5296,28.6883],[83.5417,28.6971],[83.5393,28.711],[83.5607,28.7462],[83.5558,28.7569],[83.5582,28.7644],[83.5509,28.7753],[83.5102,28.788],[83.5056,28.7935],[83.489,28.7906],[83.4855,28.7828],[83.4632,28.78],[83.4481,28.7688],[83.4125,28.7605],[83.3905,28.763],[83.364,28.734],[83.3276,28.7378],[83.2789,28.7218],[83.2574,28.7272],[83.2288,28.7424],[83.2119,28.7319],[83.21,28.7025],[83.1952,28.6727],[83.2231,28.6703],[83.2202,28.6641],[83.1996,28.6485],[83.1815,28.6477],[83.176,28.6443],[83.1759,28.6364],[83.1603,28.6306],[83.1523,28.6194],[83.1519,28.5978],[83.1472,28.5879],[83.1581,28.5833],[83.1641,28.5716],[83.1725,28.5739],[83.1863,28.5577],[83.1986,28.5596],[83.2105,28.5537],[83.1997,28.5349],[83.2116,28.521],[83.2149,28.5087],[83.2211,28.5137],[83.2327,28.5111],[83.2503,28.5005],[83.2598,28.5008],[83.2565,28.4956],[83.2758,28.4935],[83.2855,28.4751],[83.2985,28.47],[83.3145,28.4739],[83.318,28.4862],[83.3238,28.4864],[83.3359,28.4786],[83.3398,28.4688],[83.3863,28.4334],[83.3891,28.4362],[83.3833,28.4506],[83.386,28.4571],[83.3773,28.4715],[83.4039,28.4695],[83.4142,28.4595],[83.4248,28.4673],[83.4395,28.4646],[83.4492,28.479],[83.4846,28.4638],[83.4985,28.4723],[83.4993,28.4807],[83.5091,28.4948],[83.4935,28.4892],[83.4627,28.5012],[83.4557,28.5235],[83.4332,28.5375],[83.4335,28.544],[83.4226,28.5533],[83.4363,28.5708],[83.4447,28.5739],[83.4492,28.5921],[83.4456,28.6021],[83.4475,28.6159],[83.4596,28.6367],[83.4589,28.6456],[83.4704,28.6515],[83.4868,28.6917],[83.5,28.6973],[83.5296,28.6883],[83.5296,28.6883]]]}},{"type":"Feature","properties":{"province":4,"provinceName":"Gandaki","district":"Myagdi","localLevel":"Malika","type":"rural_municipality"},"geometry":{"type":"Polygon","coordinates":[[[83.4395,28.4646],[83.4248,28.4673],[83.4142,28.4595],[83.4039,28.4695],[83.3773,28.4715],[83.386,28.4571],[83.3833,28.4506],[83.3891,28.4362],[83.3863,28.4334],[83.3398,28.4688],[83.3354,28.4791],[83.3196,28.4878],[83.3145,28.4739],[83.2985,28.47],[83.3024,28.4587],[83.2924,28.4467],[83.2746,28.4419],[83.2767,28.4298],[83.2815,28.433],[83.2913,28.4183],[83.2988,28.4156],[83.2918,28.3968],[83.2845,28.3927],[83.2887,28.3797],[83.2808,28.3673],[83.2879,28.3684],[83.3036,28.3561],[83.3139,28.3544],[83.3275,28.3648],[83.3353,28.3657],[83.3376,28.3708],[83.3651,28.3706],[83.3798,28.3553],[83.3867,28.3581],[83.3918,28.3768],[83.3902,28.3866],[83.3956,28.397],[83.4077,28.4043],[83.42,28.3964],[83.4285,28.3966],[83.4317,28.4246],[83.4483,28.4306],[83.4407,28.4439],[83.4438,28.4565],[83.4401,28.4641],[83.4395,28.4646]]]}},{"type":"Feature","properties":{"province":4,"provinceName":"Gandaki","district":"Myagdi","localLevel":"Mangala","type":"rural_municipality"},"geometry":{"type":"Polygon","coordinates":[[[83.5105,28.4045],[83.4885,28.4199],[83.4643,28.4218],[83.4603,28.4315],[83.4452,28.44],[83.448,28.4302],[83.4317,28.4246],[83.4285,28.3966],[83.42,28.3964],[83.4077,28.4043],[83.3951,28.3964],[83.3867,28.3581],[83.4133,28.3574],[83.4211,28.3524],[83.4264,28.341],[83.4409,28.3402],[83.4454,28.3287],[83.4881,28.3201],[83.4815,28.3526],[83.5065,28.3646],[83.4978,28.3729],[83.5009,28.3844],[83.4875,28.3847],[83.4936,28.3905],[83.5064,28.3875],[83.5123,28.3907],[83.5159,28.3948],[83.5105,28.4043],[83.5105,28.4045]]]}},{"type":"Feature","properties":{"province":4,"provinceName":"Gandaki","district":"Myagdi","localLevel":"Raghuganga","type":"rural_municipality"},"geometry":{"type":"Polygon","coordinates":[[[83.5296,28.6883],[83.5,28.6973],[83.4868,28.6917],[83.4704,28.6515],[83.4589,28.6456],[83.4596,28.6367],[83.4475,28.6159],[83.4456,28.6021],[83.4492,28.5921],[83.4447,28.5739],[83.4363,28.5708],[83.4226,28.5533],[83.4335,28.544],[83.4332,28.5375],[83.4557,28.5235],[83.4627,28.5012],[83.4935,28.4892],[83.5091,28.4948],[83.4977,28.4711],[83.4846,28.4638],[83.4484,28.4787],[83.4395,28.4646],[83.4438,28.4565],[83.4416,28.4424],[83.4507,28.4338],[83.4597,28.432],[83.4643,28.4218],[83.4885,28.4199],[83.5105,28.4045],[83.5353,28.4125],[83.5454,28.4056],[83.5503,28.3945],[83.5632,28.3878],[83.5662,28.3773],[83.5717,28.3743],[83.586,28.3806],[83.6008,28.3988],[83.6017,28.4317],[83.6195,28.448],[83.5979,28.4537],[83.5818,28.4872],[83.5822,28.4947],[83.5749,28.5034],[83.5916,28.5512],[83.5859,28.5624],[83.5772,28.5661],[83.5759,28.5761],[83.5817,28.5833],[83.5714,28.5936],[83.5722,28.5992],[83.5661,28.607],[83.5635,28.6441],[83.5458,28.6547],[83.5427,28.6716],[83.53,28.6882],[83.5296,28.6883]]]}},{"type":"Feature","properties":{"province":4,"provinceName":"Gandaki","district":"Parbat","localLevel":"Bihadi","type":"rural_municipality"},"geometry":{"type":"Polygon","coordinates":[[[83.6258,28.1018],[83.6126,28.1117],[83.6071,28.1106],[83.6031,28.0959],[83.5915,28.0807],[83.5833,28.0812],[83.57,28.0652],[83.5629,28.064],[83.566,28.0579],[83.5612,28.0434],[83.5661,28.0405],[83.5639,28.0352],[83.5805,28.0338],[83.6088,28.01],[83.617,28.0117],[83.622,28.0193],[83.6167,28.0242],[83.6181,28.0324],[83.6349,28.0344],[83.6344,28.0624],[83.6215,28.0683],[83.6201,28.063],[83.6183,28.0676],[83.6251,28.1015],[83.6258,28.1018]]]}},{"type":"Feature","properties":{"province":4,"provinceName":"Gandaki","district":"Parbat","localLevel":"Jaljala","type":"rural_municipality"},"geometry":{"type":"Polygon","coordinates":[[[83.6602,28.348],[83.6361,28.366],[83.6287,28.3807],[83.5994,28.3914],[83.5714,28.374],[83.5674,28.357],[83.5704,28.3409],[83.602,28.3105],[83.6025,28.2892],[83.6098,28.2848],[83.608,28.2687],[83.6316,28.2682],[83.6409,28.2737],[83.6432,28.2831],[83.6649,28.2856],[83.6609,28.3049],[83.664,28.335],[83.66,28.3473],[83.6602,28.348]]]}},{"type":"Feature","properties":{"province":4,"provinceName":"Gandaki","district":"Parbat","localLevel":"Kushma","type":"municipality"},"geometry":{"type":"Polygon","coordinates":[[[83.6652,28.2861],[83.652,28.2813],[83.6432,28.2831],[83.6407,28.2735],[83.6264,28.2674],[83.6169,28.2702],[83.6111,28.2611],[83.6327,28.2463],[83.6594,28.2372],[83.6626,28.2302],[83.67,28.2304],[83.6766,28.215],[83.6713,28.2094],[83.6719,28.2027],[83.6785,28.1993],[83.6926,28.2005],[83.7254,28.1848],[83.7526,28.1817],[83.7575,28.1898],[83.7739,28.1982],[83.7853,28.1967],[83.8015,28.2089],[83.8057,28.2211],[83.8114,28.2198],[83.7977,28.2294],[83.7958,28.2246],[83.7845,28.2225],[83.7675,28.2253],[83.7428,28.2218],[83.7362,28.2315],[83.7438,28.2431],[83.7288,28.2493],[83.7157,28.2309],[83.7134,28.2382],[83.7241,28.2627],[83.7165,28.2629],[83.7143,28.2695],[83.6967,28.2728],[83.6884,28.2677],[83.686,28.26],[83.6846,28.2703],[83.6658,28.286],[83.6652,28.2861]]]}},{"type":"Feature","properties":{"province":4,"provinceName":"Gandaki","district":"Parbat","localLevel":"Mahashila","type":"rural_municipality"},"geometry":{"type":"Polygon","coordinates":[[[83.71,28.1284],[83.6987,28.1333],[83.6854,28.1278],[83.6745,28.1331],[83.6639,28.1306],[83.665,28.1202],[83.6564,28.1075],[83.6566,28.0999],[83.6235,28.0998],[83.6199,28.0632],[83.6247,28.0678],[83.6469,28.0557],[83.6535,28.0567],[83.6543,28.0521],[83.6593,28.0532],[83.6599,28.0565],[83.6756,28.0593],[83.6656,28.0638],[83.6642,28.0742],[83.6783,28.0741],[83.6815,28.0766],[83.679,28.0804],[83.6901,28.0818],[83.6923,28.0766],[83.6937,28.0816],[83.6993,28.0795],[83.7059,28.0902],[83.7197,28.0901],[83.732,28.1016],[83.7074,28.1183],[83.71,28.1283],[83.71,28.1284]]]}},{"type":"Feature","properties":{"province":4,"provinceName":"Gandaki","district":"Parbat","localLevel":"Modi","type":"rural_municipality"},"geometry":{"type":"Polygon","coordinates":[[[83.7027,28.3984],[83.6901,28.3987],[83.6802,28.3786],[83.6816,28.3713],[83.6667,28.35],[83.6602,28.348],[83.664,28.335],[83.6609,28.3049],[83.665,28.2863],[83.6846,28.2703],[83.686,28.26],[83.6884,28.2677],[83.6967,28.2728],[83.7143,28.2695],[83.7165,28.2629],[83.7241,28.2627],[83.7134,28.2382],[83.7157,28.2309],[83.7288,28.2493],[83.7438,28.2431],[83.7362,28.2315],[83.7428,28.2218],[83.7958,28.2246],[83.8246,28.2505],[83.8227,28.26],[83.803,28.2605],[83.7677,28.2737],[83.7766,28.2852],[83.7636,28.2928],[83.7765,28.3089],[83.7486,28.3274],[83.7398,28.343],[83.7282,28.3488],[83.7297,28.3563],[83.7206,28.3681],[83.7252,28.3751],[83.7072,28.3878],[83.7029,28.3978],[83.7027,28.3984]]]}},{"type":"Feature","properties":{"province":4,"provinceName":"Gandaki","district":"Parbat","localLevel":"Painyu","type":"rural_municipality"},"geometry":{"type":"Polygon","coordinates":[[[83.6957,28.0505],[83.7044,28.0525],[83.7147,28.0631],[83.7105,28.0759],[83.7126,28.083],[83.7057,28.0901],[83.6993,28.0795],[83.6937,28.0816],[83.6923,28.0766],[83.6901,28.0818],[83.679,28.0804],[83.6815,28.0766],[83.6783,28.0741],[83.6642,28.0742],[83.6656,28.0638],[83.6756,28.0593],[83.6693,28.0565],[83.6543,28.0521],[83.6535,28.0567],[83.6493,28.0549],[83.6345,28.0615],[83.6349,28.0344],[83.6181,28.0324],[83.6167,28.0242],[83.622,28.0193],[83.617,28.0117],[83.6291,28.0053],[83.6294,28.0118],[83.6385,28.0179],[83.658,28.0116],[83.6806,28.0181],[83.6999,28.0323],[83.6933,28.0325],[83.6906,28.0381],[83.6959,28.0415],[83.6956,28.0504],[83.6957,28.0505]]]}},{"type":"Feature","properties":{"province":4,"provinceName":"Gandaki","district":"Parbat","localLevel":"Phalebas","type":"municipality"},"geometry":{"type":"Polygon","coordinates":[[[83.7583,28.1901],[83.7528,28.1818],[83.7478,28.1814],[83.7172,28.1875],[83.6926,28.2005],[83.6719,28.2027],[83.6618,28.1989],[83.6415,28.1746],[83.6459,28.1668],[83.6359,28.1509],[83.6412,28.1361],[83.6317,28.1223],[83.6111,28.1121],[83.6266,28.1008],[83.6566,28.0999],[83.6564,28.1075],[83.665,28.1202],[83.6644,28.1309],[83.6745,28.1331],[83.6854,28.1278],[83.6987,28.1333],[83.71,28.1284],[83.7328,28.1479],[83.7615,28.146],[83.7665,28.1543],[83.7625,28.1637],[83.7681,28.1705],[83.7584,28.1898],[83.7583,28.1901]]]}},{"type":"Feature","properties":{"province":4,"provinceName":"Gandaki","district":"Baglung","localLevel":"Badigad","type":"rural_municipality"},"geometry":{"type":"Polygon","coordinates":[[[83.3191,28.3379],[83.306,28.3489],[83.2977,28.3484],[83.2817,28.3418],[83.2796,28.3337],[83.2517,28.3274],[83.242,28.3305],[83.2369,28.3217],[83.2245,28.3176],[83.2156,28.3267],[83.21,28.3253],[83.1983,28.3148],[83.1948,28.3049],[83.1764,28.3008],[83.1662,28.2902],[83.1545,28.3],[83.0992,28.2727],[83.0955,28.2568],[83.1115,28.2516],[83.1264,28.2576],[83.1328,28.25],[83.1575,28.2707],[83.1698,28.2578],[83.1868,28.2706],[83.2174,28.2483],[83.2358,28.2217],[83.2538,28.214],[83.2612,28.1999],[83.2708,28.1971],[83.2757,28.1875],[83.2839,28.19],[83.2933,28.2074],[83.3044,28.2131],[83.329,28.213],[83.3392,28.2246],[83.3342,28.2432],[83.3213,28.2511],[83.3264,28.2564],[83.3222,28.2646],[83.3136,28.2722],[83.2963,28.2715],[83.2926,28.2765],[83.295,28.2853],[83.2907,28.2854],[83.284,28.2966],[83.2962,28.297],[83.2979,28.3093],[83.3116,28.3155],[83.3191,28.3377],[83.3191,28.3379]]]}},{"type":"Feature","properties":{"province":4,"provinceName":"Gandaki","district":"Baglung","localLevel":"Baglung","type":"municipality"},"geometry":{"type":"Polygon","coordinates":[[[83.6036,28.2983],[83.5938,28.3013],[83.5873,28.3095],[83.5643,28.3169],[83.5485,28.3134],[83.5373,28.3031],[83.5419,28.3004],[83.5378,28.2835],[83.5536,28.2709],[83.5629,28.2819],[83.5659,28.2723],[83.5637,28.2632],[83.5529,28.2629],[83.5525,28.259],[83.5373,28.2513],[83.5512,28.245],[83.5612,28.2301],[83.5621,28.2215],[83.5576,28.2165],[83.5475,28.2152],[83.5501,28.2009],[83.5927,28.2091],[83.5997,28.2067],[83.6035,28.2151],[83.6153,28.2209],[83.6133,28.2131],[83.6171,28.2069],[83.6089,28.2043],[83.6096,28.2004],[83.6169,28.197],[83.6239,28.2031],[83.6351,28.1893],[83.6495,28.1839],[83.6613,28.1985],[83.6733,28.2038],[83.6748,28.2232],[83.6692,28.2309],[83.6622,28.2304],[83.6594,28.2372],[83.6506,28.2374],[83.612,28.2589],[83.6127,28.2667],[83.6072,28.2706],[83.6098,28.2848],[83.603,28.288],[83.6037,28.2982],[83.6036,28.2983]]]}},{"type":"Feature","properties":{"province":4,"provinceName":"Gandaki","district":"Baglung","localLevel":"Bareng","type":"rural_municipality"},"geometry":{"type":"Polygon","coordinates":[[[83.513,28.1782],[83.507,28.1737],[83.4769,28.1787],[83.45,28.1733],[83.4423,28.1815],[83.4304,28.1815],[83.4077,28.1779],[83.407,28.1732],[83.3919,28.1674],[83.3968,28.1557],[83.4202,28.137],[83.4253,28.1251],[83.4408,28.1308],[83.448,28.1249],[83.4595,28.1322],[83.4757,28.1322],[83.4803,28.13],[83.4761,28.1189],[83.4878,28.1132],[83.5017,28.1173],[83.5124,28.1268],[83.534,28.1164],[83.5463,28.1207],[83.5566,28.1156],[83.5574,28.1251],[83.537,28.1336],[83.5314,28.1446],[83.5375,28.1486],[83.5369,28.161],[83.5295,28.1705],[83.5131,28.1782],[83.513,28.1782]]]}},{"type":"Feature","properties":{"province":4,"provinceName":"Gandaki","district":"Baglung","localLevel":"Dhorpatan","type":"municipality"},"geometry":{"type":"Polygon","coordinates":[[[83.1102,28.4764],[83.095,28.4808],[83.0835,28.4667],[83.0716,28.4653],[83.0274,28.4774],[83.0067,28.4659],[83.0175,28.4578],[83.0197,28.437],[83.0326,28.4322],[83.0703,28.3907],[83.1115,28.3659],[83.1213,28.3556],[83.1247,28.3443],[83.1191,28.3361],[83.1215,28.3325],[83.1446,28.3241],[83.1577,28.3238],[83.1761,28.2996],[83.1948,28.3049],[83.1983,28.3148],[83.21,28.3253],[83.2156,28.3267],[83.2245,28.3176],[83.2369,28.3217],[83.242,28.3305],[83.2517,28.3274],[83.2794,28.3336],[83.2819,28.342],[83.306,28.3489],[83.3014,28.359],[83.2875,28.3686],[83.2653,28.3636],[83.2287,28.3724],[83.2245,28.3841],[83.2112,28.3923],[83.2043,28.3892],[83.1958,28.371],[83.1819,28.3681],[83.177,28.3709],[83.1742,28.3654],[83.1635,28.3716],[83.163,28.3887],[83.1578,28.3978],[83.1629,28.4217],[83.1518,28.4716],[83.1411,28.4717],[83.1331,28.4778],[83.1104,28.4766],[83.1102,28.4764]]]}},{"type":"Feature","properties":{"province":4,"provinceName":"Gandaki","district":"Baglung","localLevel":"Galkot","type":"municipality"},"geometry":{"type":"Polygon","coordinates":[[[83.4709,28.2479],[83.4508,28.2438],[83.4344,28.2649],[83.4301,28.2551],[83.4246,28.2551],[83.4136,28.2562],[83.3981,28.2715],[83.3797,28.2675],[83.3656,28.2803],[83.3642,28.2909],[83.3517,28.297],[83.3466,28.3159],[83.3345,28.3336],[83.3201,28.3387],[83.3116,28.3155],[83.2979,28.3093],[83.2962,28.297],[83.284,28.2966],[83.2907,28.2854],[83.295,28.2853],[83.2926,28.2765],[83.2963,28.2715],[83.3136,28.2722],[83.3222,28.2646],[83.3264,28.2564],[83.3213,28.2511],[83.3342,28.2432],[83.3392,28.2246],[83.329,28.213],[83.3044,28.2131],[83.2933,28.2074],[83.2839,28.19],[83.3091,28.1977],[83.3185,28.1902],[83.3329,28.1889],[83.3575,28.1973],[83.3867,28.1636],[83.407,28.1732],[83.4077,28.1779],[83.4304,28.1815],[83.4423,28.1815],[83.45,28.1733],[83.4769,28.1787],[83.5123,28.1747],[83.5153,28.2034],[83.4988,28.2115],[83.4941,28.2244],[83.4854,28.228],[83.4798,28.243],[83.471,28.2476],[83.4709,28.2479]]]}},{"type":"Feature","properties":{"province":4,"provinceName":"Gandaki","district":"Baglung","localLevel":"Jaimini","type":"municipality"},"geometry":{"type":"Polygon","coordinates":[[[83.6495,28.1839],[83.6351,28.1893],[83.6239,28.2031],[83.6169,28.197],[83.6096,28.2004],[83.6089,28.2043],[83.6171,28.2069],[83.6133,28.2131],[83.6153,28.2209],[83.6035,28.2151],[83.5997,28.2067],[83.5927,28.2091],[83.5525,28.1992],[83.5475,28.2152],[83.5439,28.2149],[83.5309,28.2061],[83.5158,28.2025],[83.5109,28.1833],[83.5369,28.161],[83.5375,28.1486],[83.5313,28.1448],[83.5365,28.1345],[83.5574,28.1251],[83.5572,28.1064],[83.5668,28.101],[83.5647,28.0926],[83.5772,28.0874],[83.5827,28.0773],[83.5833,28.0812],[83.5915,28.0807],[83.6025,28.095],[83.6068,28.1104],[83.6313,28.122],[83.6412,28.1361],[83.6359,28.1509],[83.6459,28.1668],[83.6415,28.1746],[83.6495,28.1833],[83.6495,28.1839]]]}},{"type":"Feature","properties":{"province":4,"provinceName":"Gandaki","district":"Baglung","localLevel":"Kanthekhola","type":"rural_municipality"},"geometry":{"type":"Polygon","coordinates":[[[83.5373,28.3031],[83.5291,28.3149],[83.5118,28.3166],[83.5,28.3242],[83.4858,28.32],[83.4809,28.3154],[83.4844,28.2995],[83.4679,28.2731],[83.4711,28.2474],[83.4798,28.243],[83.4854,28.228],[83.4941,28.2244],[83.4988,28.2115],[83.5158,28.2025],[83.5309,28.2061],[83.5439,28.2149],[83.5544,28.2144],[83.5621,28.2215],[83.554,28.2423],[83.5373,28.2513],[83.5525,28.259],[83.5529,28.2629],[83.5643,28.2637],[83.5641,28.2793],[83.5578,28.2723],[83.5508,28.2718],[83.5517,28.2755],[83.5378,28.2835],[83.5419,28.3004],[83.5374,28.3025],[83.5373,28.3031]]]}},{"type":"Feature","properties":{"province":4,"provinceName":"Gandaki","district":"Baglung","localLevel":"Nisikhola","type":"rural_municipality"},"geometry":{"type":"Polygon","coordinates":[[[82.9138,28.4783],[82.9056,28.4753],[82.8886,28.4795],[82.8812,28.4762],[82.8848,28.4611],[82.8883,28.4523],[82.9026,28.4472],[82.9163,28.4341],[82.9142,28.4273],[82.9212,28.409],[82.9181,28.4026],[82.9456,28.3983],[82.9442,28.3937],[82.9524,28.3839],[82.9499,28.3786],[82.9571,28.3715],[82.9567,28.36],[82.982,28.3593],[82.996,28.3508],[83.0062,28.3325],[83.0149,28.3327],[83.021,28.3253],[83.0358,28.3216],[83.0462,28.3246],[83.0636,28.3175],[83.0708,28.3112],[83.0714,28.3018],[83.0989,28.2772],[83.0997,28.2719],[83.1545,28.3],[83.1655,28.2902],[83.1724,28.2936],[83.1731,28.3053],[83.1577,28.3238],[83.1446,28.3241],[83.1207,28.3331],[83.1245,28.3479],[83.1126,28.365],[83.0703,28.3907],[83.0326,28.4322],[83.0197,28.437],[83.0175,28.4578],[83.0078,28.4658],[82.9906,28.4634],[82.966,28.4752],[82.9447,28.4733],[82.9372,28.4681],[82.9142,28.4781],[82.9138,28.4783]]]}},{"type":"Feature","properties":{"province":4,"provinceName":"Gandaki","district":"Baglung","localLevel":"Taman Khola","type":"rural_municipality"},"geometry":{"type":"Polygon","coordinates":[[[83.2985,28.47],[83.2855,28.4751],[83.2759,28.4935],[83.2567,28.4956],[83.2598,28.5008],[83.2503,28.5005],[83.2222,28.5136],[83.1914,28.4976],[83.1606,28.4952],[83.1631,28.4715],[83.1534,28.4637],[83.163,28.4213],[83.1578,28.3978],[83.163,28.3887],[83.1634,28.3717],[83.1742,28.3654],[83.177,28.3709],[83.1819,28.3681],[83.1958,28.371],[83.2043,28.3892],[83.2112,28.3923],[83.2245,28.3841],[83.2287,28.3724],[83.2653,28.3636],[83.2808,28.3673],[83.2887,28.3797],[83.2845,28.3927],[83.2918,28.3968],[83.2988,28.4156],[83.2913,28.4183],[83.2815,28.433],[83.2767,28.4298],[83.2746,28.4419],[83.2901,28.4454],[83.3003,28.4555],[83.3025,28.4613],[83.2985,28.4699],[83.2985,28.47]]]}},{"type":"Feature","properties":{"province":4,"provinceName":"Gandaki","district":"Baglung","localLevel":"Tara Khola","type":"rural_municipality"},"geometry":{"type":"Polygon","coordinates":[[[83.3867,28.3581],[83.3798,28.3553],[83.3656,28.3706],[83.3376,28.3708],[83.3353,28.3657],[83.3275,28.3648],[83.3142,28.3545],[83.3043,28.3558],[83.3053,28.3495],[83.3191,28.3379],[83.3344,28.3337],[83.3466,28.3159],[83.3517,28.297],[83.3642,28.2909],[83.3656,28.2803],[83.3797,28.2675],[83.3981,28.2715],[83.4136,28.2562],[83.4246,28.2551],[83.4301,28.2551],[83.4344,28.2649],[83.4508,28.2438],[83.4709,28.2479],[83.4669,28.2687],[83.4844,28.2995],[83.4809,28.3154],[83.4849,28.3216],[83.4454,28.3287],[83.4409,28.3402],[83.4264,28.341],[83.4211,28.3524],[83.4133,28.3574],[83.3869,28.358],[83.3867,28.3581]]]}},{"type":"Feature","properties":{"province":5,"provinceName":"Lumbini","district":"Gulmi","localLevel":"Chandrakot","type":"rural_municipality"},"geometry":{"type":"Polygon","coordinates":[[[83.495,28.115],[83.4878,28.1132],[83.4761,28.1189],[83.4803,28.13],[83.4757,28.1322],[83.4595,28.1322],[83.448,28.1249],[83.4408,28.1308],[83.4253,28.1251],[83.4202,28.137],[83.3968,28.1557],[83.3919,28.1674],[83.3702,28.1569],[83.3379,28.159],[83.3454,28.1506],[83.3511,28.153],[83.3508,28.1327],[83.3603,28.1164],[83.3568,28.1104],[83.3394,28.1016],[83.3305,28.1024],[83.3388,28.0973],[83.3353,28.0909],[83.3419,28.0896],[83.3505,28.0652],[83.3592,28.0658],[83.3689,28.0517],[83.3835,28.0466],[83.3867,28.0473],[83.3863,28.0564],[83.4024,28.0692],[83.3959,28.0854],[83.4156,28.09],[83.4233,28.0962],[83.4276,28.09],[83.4519,28.0857],[83.4578,28.0806],[83.4742,28.0922],[83.492,28.0789],[83.5071,28.0801],[83.5108,28.0848],[83.5029,28.0948],[83.5077,28.1015],[83.4954,28.1146],[83.495,28.115]]]}},{"type":"Feature","properties":{"province":5,"provinceName":"Lumbini","district":"Gulmi","localLevel":"Chatrakot","type":"rural_municipality"},"geometry":{"type":"Polygon","coordinates":[[[83.3867,28.0473],[83.3545,28.0512],[83.3451,28.0447],[83.3393,28.0359],[83.3471,28.0097],[83.3316,28.0104],[83.322,27.9946],[83.3144,27.9945],[83.3116,27.9687],[83.301,27.9603],[83.3034,27.9531],[83.2855,27.9416],[83.2806,27.9329],[83.2828,27.9261],[83.3082,27.9281],[83.3273,27.9206],[83.338,27.9222],[83.347,27.9275],[83.3471,27.9493],[83.3566,27.9541],[83.3629,27.9515],[83.3796,27.9587],[83.3788,27.9558],[83.3977,27.9487],[83.3992,27.9536],[83.3849,27.9745],[83.388,27.9919],[83.3754,27.9994],[83.3758,28.0155],[83.4066,28.0197],[83.414,28.0339],[83.3871,28.0473],[83.3867,28.0473]]]}},{"type":"Feature","properties":{"province":5,"provinceName":"Lumbini","district":"Gulmi","localLevel":"Dhurkot","type":"rural_municipality"},"geometry":{"type":"Polygon","coordinates":[[[83.1266,28.1757],[83.1061,28.1764],[83.1014,28.1667],[83.1077,28.1563],[83.1101,28.1592],[83.1137,28.155],[83.1073,28.1459],[83.1193,28.134],[83.1163,28.1333],[83.1253,28.1137],[83.0724,28.108],[83.0683,28.1046],[83.0692,28.0962],[83.0755,28.0906],[83.0919,28.0972],[83.1007,28.0944],[83.0984,28.082],[83.1043,28.077],[83.1273,28.0843],[83.1273,28.0692],[83.1523,28.0596],[83.1851,28.0874],[83.2029,28.0725],[83.207,28.0878],[83.2042,28.1],[83.2135,28.1008],[83.2046,28.123],[83.1864,28.1193],[83.1849,28.1257],[83.1807,28.1259],[83.1791,28.1392],[83.1715,28.1303],[83.1623,28.131],[83.1468,28.1609],[83.1327,28.164],[83.1333,28.1714],[83.1269,28.1755],[83.1266,28.1757]]]}},{"type":"Feature","properties":{"province":5,"provinceName":"Lumbini","district":"Gulmi","localLevel":"Gulmidarbar","type":"rural_municipality"},"geometry":{"type":"Polygon","coordinates":[[[83.3689,28.0517],[83.3592,28.0658],[83.3492,28.067],[83.3419,28.0896],[83.3353,28.0909],[83.3388,28.0973],[83.3305,28.1024],[83.334,28.1097],[83.3287,28.1157],[83.3155,28.099],[83.3142,28.0833],[83.2891,28.081],[83.2818,28.064],[83.2874,28.0648],[83.2832,28.0603],[83.2906,28.0434],[83.2789,28.0399],[83.2815,28.03],[83.279,28.0221],[83.2736,28.0203],[83.2751,28.0149],[83.269,28.0149],[83.2731,27.9984],[83.2656,27.9961],[83.2654,27.9861],[83.2824,27.9674],[83.3024,27.9678],[83.3043,27.9639],[83.3103,27.9671],[83.3144,27.9945],[83.322,27.9946],[83.3316,28.0104],[83.3471,28.0097],[83.3399,28.0276],[83.3409,28.0396],[83.3526,28.051],[83.3651,28.0481],[83.3687,28.0516],[83.3689,28.0517]]]}},{"type":"Feature","properties":{"province":5,"provinceName":"Lumbini","district":"Gulmi","localLevel":"Isma","type":"rural_municipality"},"geometry":{"type":"Polygon","coordinates":[[[83.2607,28.1148],[83.2559,28.1194],[83.2598,28.121],[83.2605,28.1302],[83.248,28.1598],[83.2514,28.1719],[83.2434,28.1802],[83.2454,28.1852],[83.2372,28.1959],[83.239,28.2025],[83.2271,28.2153],[83.2231,28.2114],[83.2129,28.2177],[83.2002,28.2156],[83.208,28.2312],[83.2016,28.2325],[83.1908,28.2246],[83.1909,28.209],[83.1956,28.2008],[83.1848,28.1886],[83.186,28.1665],[83.1785,28.1567],[83.1519,28.1615],[83.1489,28.1533],[83.1623,28.131],[83.1715,28.1303],[83.1793,28.1391],[83.1807,28.1259],[83.1849,28.1257],[83.1864,28.1193],[83.2043,28.1233],[83.2065,28.1127],[83.2261,28.0954],[83.2333,28.0957],[83.2315,28.105],[83.2356,28.1151],[83.2392,28.1147],[83.2412,28.1042],[83.2488,28.1014],[83.258,28.107],[83.2562,28.1107],[83.2609,28.1146],[83.2607,28.1148]]]}},{"type":"Feature","properties":{"province":5,"provinceName":"Lumbini","district":"Gulmi","localLevel":"Kaligandaki","type":"rural_municipality"},"geometry":{"type":"Polygon","coordinates":[[[83.5566,28.1156],[83.5463,28.1207],[83.534,28.1164],[83.5078,28.1258],[83.495,28.115],[83.5077,28.1015],[83.5029,28.0946],[83.5111,28.0836],[83.4912,28.0785],[83.4799,28.0655],[83.4833,28.0553],[83.4886,28.0564],[83.4992,28.0473],[83.5006,28.0391],[83.5178,28.0387],[83.531,28.0188],[83.5455,28.0136],[83.5367,27.998],[83.552,27.9766],[83.5794,27.9742],[83.5811,27.9792],[83.5872,27.9787],[83.5862,27.9873],[83.6053,27.9971],[83.6069,28.0119],[83.5805,28.0338],[83.5636,28.0356],[83.5661,28.0405],[83.5612,28.0434],[83.566,28.0579],[83.563,28.0642],[83.5695,28.0648],[83.5827,28.0774],[83.5772,28.0874],[83.5647,28.0926],[83.5671,28.1006],[83.5572,28.1064],[83.5565,28.1155],[83.5566,28.1156]]]}},{"type":"Feature","properties":{"province":5,"provinceName":"Lumbini","district":"Gulmi","localLevel":"Madane","type":"rural_municipality"},"geometry":{"type":"Polygon","coordinates":[[[83.0798,28.2336],[83.0535,28.2435],[83.0318,28.2409],[83.0239,28.2347],[83.0291,28.236],[83.0297,28.2194],[83.039,28.2031],[83.0381,28.1856],[83.0314,28.1747],[83.037,28.168],[83.0442,28.1685],[83.0389,28.1576],[83.0589,28.1451],[83.0571,28.1406],[83.0515,28.1405],[83.061,28.1273],[83.053,28.1114],[83.059,28.1066],[83.0657,28.1098],[83.0838,28.1071],[83.1041,28.1133],[83.113,28.1104],[83.1268,28.1157],[83.1147,28.1414],[83.1073,28.1459],[83.1137,28.155],[83.1101,28.1592],[83.1077,28.1563],[83.1014,28.1667],[83.1061,28.1764],[83.1266,28.1757],[83.1226,28.1828],[83.1036,28.1903],[83.0999,28.1977],[83.1049,28.212],[83.1163,28.2163],[83.1114,28.2228],[83.1012,28.2221],[83.0804,28.2335],[83.0798,28.2336]]]}},{"type":"Feature","properties":{"province":5,"provinceName":"Lumbini","district":"Gulmi","localLevel":"Malika","type":"rural_municipality"},"geometry":{"type":"Polygon","coordinates":[[[83.1882,28.2678],[83.1835,28.2692],[83.1698,28.2578],[83.1575,28.2707],[83.1328,28.25],[83.1264,28.2576],[83.1115,28.2516],[83.0955,28.2568],[83.0798,28.2336],[83.1012,28.2221],[83.1122,28.2223],[83.1163,28.2161],[83.1049,28.212],[83.0999,28.1992],[83.1021,28.1921],[83.1226,28.1828],[83.1333,28.1714],[83.1327,28.164],[83.1467,28.161],[83.1484,28.1556],[83.1519,28.1615],[83.1785,28.1567],[83.1861,28.1666],[83.1848,28.1886],[83.1956,28.2008],[83.1909,28.209],[83.1908,28.2246],[83.2046,28.2329],[83.1994,28.2456],[83.2054,28.2518],[83.1992,28.2551],[83.1946,28.251],[83.1806,28.2511],[83.1881,28.2678],[83.1882,28.2678]]]}},{"type":"Feature","properties":{"province":5,"provinceName":"Lumbini","district":"Gulmi","localLevel":"Musikot","type":"municipality"},"geometry":{"type":"Polygon","coordinates":[[[83.2839,28.19],[83.2757,28.1875],[83.2708,28.1971],[83.2612,28.1999],[83.2538,28.214],[83.2358,28.2217],[83.2171,28.2486],[83.1901,28.267],[83.1849,28.2644],[83.1787,28.2532],[83.1827,28.2497],[83.1992,28.2551],[83.2054,28.2518],[83.1995,28.2454],[83.208,28.2312],[83.2002,28.2156],[83.2129,28.2177],[83.2231,28.2114],[83.2271,28.2153],[83.239,28.2025],[83.2372,28.1959],[83.2454,28.1852],[83.2434,28.1802],[83.2514,28.1719],[83.248,28.1598],[83.2605,28.1302],[83.2598,28.121],[83.2559,28.1194],[83.2592,28.1156],[83.2661,28.1147],[83.2816,28.1016],[83.2806,28.1076],[83.2903,28.1121],[83.2933,28.1194],[83.3238,28.12],[83.3337,28.1108],[83.3305,28.1024],[83.3394,28.1016],[83.3595,28.1124],[83.3602,28.1173],[83.3508,28.1327],[83.3511,28.153],[83.3454,28.1506],[83.3379,28.159],[83.3657,28.1565],[83.3864,28.1636],[83.3575,28.1973],[83.3329,28.1889],[83.3185,28.1902],[83.3091,28.1977],[83.2851,28.1903],[83.2839,28.19]]]}},{"type":"Feature","properties":{"province":5,"provinceName":"Lumbini","district":"Gulmi","localLevel":"Resunga","type":"municipality"},"geometry":{"type":"Polygon","coordinates":[[[83.3287,28.1157],[83.3235,28.1201],[83.2933,28.1194],[83.2903,28.1121],[83.2806,28.1076],[83.2816,28.1016],[83.2614,28.1153],[83.2621,28.1121],[83.2562,28.1107],[83.258,28.107],[83.2488,28.1014],[83.2412,28.1042],[83.2365,28.1153],[83.2315,28.105],[83.2325,28.0951],[83.221,28.0976],[83.213,28.1083],[83.2133,28.1005],[83.2042,28.1],[83.207,28.0878],[83.2028,28.0822],[83.2062,28.0768],[83.204,28.0698],[83.2318,28.0482],[83.2355,28.0208],[83.2418,28.0078],[83.246,28.0082],[83.248,27.9975],[83.2541,27.9951],[83.2557,27.9859],[83.2649,27.9888],[83.2656,27.9961],[83.2729,27.9979],[83.269,28.0149],[83.2749,28.0147],[83.2736,28.0203],[83.279,28.0221],[83.2821,28.0335],[83.279,28.0401],[83.2906,28.0434],[83.2832,28.0603],[83.2874,28.0648],[83.2818,28.064],[83.2891,28.081],[83.3142,28.0833],[83.3155,28.099],[83.3286,28.1156],[83.3287,28.1157]]]}},{"type":"Feature","properties":{"province":5,"provinceName":"Lumbini","district":"Gulmi","localLevel":"Ruru","type":"rural_municipality"},"geometry":{"type":"Polygon","coordinates":[[[83.4759,27.9725],[83.4681,27.975],[83.471,27.9794],[83.4615,27.9873],[83.4646,27.9969],[83.4568,27.9989],[83.4517,28.0114],[83.4391,28.0118],[83.4378,28.0181],[83.4202,28.0314],[83.414,28.0339],[83.4088,28.0298],[83.4069,28.02],[83.3998,28.0173],[83.3759,28.0158],[83.3754,27.9994],[83.388,27.9919],[83.3849,27.9745],[83.3993,27.9533],[83.3951,27.9454],[83.4015,27.9346],[83.4209,27.9305],[83.4305,27.9398],[83.4427,27.9353],[83.4474,27.9392],[83.4455,27.9446],[83.4636,27.9537],[83.4757,27.972],[83.4759,27.9725]]]}},{"type":"Feature","properties":{"province":5,"provinceName":"Lumbini","district":"Gulmi","localLevel":"Satyawati","type":"rural_municipality"},"geometry":{"type":"Polygon","coordinates":[[[83.492,28.0789],[83.4745,28.0922],[83.4578,28.0806],[83.4519,28.0857],[83.4276,28.09],[83.4233,28.0962],[83.4156,28.09],[83.3959,28.0854],[83.4024,28.0692],[83.3863,28.0564],[83.3867,28.0473],[83.4213,28.0308],[83.4378,28.0181],[83.4391,28.0118],[83.451,28.012],[83.4568,27.9989],[83.4646,27.9969],[83.4616,27.9869],[83.471,27.9794],[83.4692,27.9743],[83.4759,27.9725],[83.4874,27.9819],[83.5239,27.9637],[83.5477,27.9708],[83.5519,27.9769],[83.5367,27.998],[83.5455,28.0136],[83.531,28.0188],[83.5178,28.0387],[83.5008,28.0389],[83.499,28.0475],[83.4886,28.0564],[83.4833,28.0553],[83.48,28.0674],[83.4912,28.0785],[83.492,28.0789]]]}},{"type":"Feature","properties":{"province":5,"provinceName":"Lumbini","district":"Palpa","localLevel":"Bagnaskali","type":"rural_municipality"},"geometry":{"type":"Polygon","coordinates":[[[83.6189,27.9304],[83.6027,27.9232],[83.595,27.931],[83.5766,27.9301],[83.5784,27.937],[83.573,27.9429],[83.5676,27.9345],[83.5408,27.9276],[83.5387,27.9371],[83.5321,27.938],[83.5297,27.9281],[83.5434,27.9124],[83.5401,27.9001],[83.5448,27.8883],[83.5593,27.8865],[83.575,27.8764],[83.5654,27.8587],[83.5671,27.8509],[83.5777,27.8445],[83.5686,27.8354],[83.5793,27.8204],[83.584,27.8257],[83.6019,27.8218],[83.6129,27.8425],[83.6327,27.8521],[83.6452,27.8643],[83.6459,27.884],[83.635,27.8987],[83.6356,27.9138],[83.6233,27.9171],[83.6287,27.9252],[83.6192,27.9304],[83.6189,27.9304]]]}},{"type":"Feature","properties":{"province":5,"provinceName":"Lumbini","district":"Palpa","localLevel":"Mathagadhi","type":"rural_municipality"},"geometry":{"type":"Polygon","coordinates":[[[83.6811,27.8107],[83.6342,27.8157],[83.6568,27.822],[83.6627,27.8277],[83.6563,27.8385],[83.6672,27.8408],[83.6677,27.8459],[83.6569,27.8507],[83.6574,27.8609],[83.6463,27.8712],[83.6441,27.8624],[83.6349,27.858],[83.6327,27.8521],[83.6129,27.8425],[83.6019,27.8218],[83.5842,27.8257],[83.5804,27.8228],[83.5797,27.8181],[83.5856,27.8143],[83.5791,27.8042],[83.5849,27.797],[83.5835,27.783],[83.5995,27.774],[83.5967,27.761],[83.6,27.7477],[83.5952,27.7431],[83.5878,27.7489],[83.5828,27.7469],[83.5665,27.7276],[83.5788,27.71],[83.5898,27.7149],[83.5882,27.7058],[83.6108,27.7018],[83.6236,27.6881],[83.6328,27.6935],[83.6552,27.6909],[83.6853,27.6638],[83.6946,27.6653],[83.6973,27.6619],[83.7067,27.6826],[83.692,27.6977],[83.6912,27.7089],[83.6806,27.7199],[83.7166,27.7154],[83.7306,27.7089],[83.748,27.7192],[83.778,27.7238],[83.7795,27.7336],[83.7713,27.7557],[83.7184,27.7597],[83.7164,27.777],[83.6956,27.7871],[83.6867,27.7964],[83.686,27.8064],[83.6815,27.8105],[83.6811,27.8107]]]}},{"type":"Feature","properties":{"province":5,"provinceName":"Lumbini","district":"Palpa","localLevel":"Nisdi","type":"rural_municipality"},"geometry":{"type":"Polygon","coordinates":[[[84.0001,27.7727],[84.0024,27.7884],[84.0145,27.801],[84.0222,27.8178],[84.0288,27.8204],[84.0271,27.8351],[84.0223,27.8407],[84.0306,27.8562],[84.0222,27.8617],[84.0174,27.8579],[84.0234,27.851],[84.0048,27.855],[83.998,27.8497],[83.9978,27.8422],[83.9851,27.8276],[83.9905,27.8088],[83.9725,27.8202],[83.9607,27.8141],[83.9519,27.8196],[83.948,27.8182],[83.9485,27.8115],[83.9285,27.8109],[83.9192,27.8027],[83.9011,27.8231],[83.8813,27.8268],[83.8739,27.8123],[83.873,27.7982],[83.8672,27.7962],[83.8407,27.8055],[83.8274,27.7986],[83.817,27.7892],[83.8173,27.7844],[83.7975,27.7837],[83.7962,27.7618],[83.7847,27.7676],[83.7635,27.7584],[83.7724,27.7542],[83.7795,27.7336],[83.778,27.7238],[83.8035,27.7211],[83.8225,27.7104],[83.8357,27.7138],[83.8483,27.7093],[83.8509,27.7118],[83.8439,27.7303],[83.8464,27.7346],[83.8788,27.7357],[83.8985,27.7299],[83.9052,27.7305],[83.9066,27.7355],[83.9087,27.7313],[83.9262,27.7266],[83.9304,27.7341],[83.9526,27.7473],[83.9958,27.7508],[83.9949,27.7613],[84,27.7725],[84.0001,27.7727]]]}},{"type":"Feature","properties":{"province":5,"provinceName":"Lumbini","district":"Palpa","localLevel":"Purbakhola","type":"rural_municipality"},"geometry":{"type":"Polygon","coordinates":[[[83.756,27.8762],[83.7501,27.874],[83.7463,27.8804],[83.7517,27.8865],[83.7497,27.891],[83.7446,27.8881],[83.7301,27.8919],[83.7298,27.8753],[83.7209,27.8565],[83.726,27.8493],[83.7536,27.8434],[83.7473,27.8309],[83.7488,27.8255],[83.733,27.8268],[83.7145,27.8214],[83.6954,27.8249],[83.6815,27.8129],[83.6869,27.7962],[83.6958,27.787],[83.7164,27.777],[83.7193,27.7592],[83.7468,27.7599],[83.7668,27.7556],[83.7635,27.7584],[83.7674,27.7619],[83.7847,27.7676],[83.7956,27.7615],[83.7975,27.7837],[83.8173,27.7844],[83.817,27.7892],[83.8274,27.7986],[83.8407,27.8055],[83.8554,27.7989],[83.8726,27.798],[83.8739,27.8123],[83.8813,27.8268],[83.8918,27.8266],[83.8952,27.8312],[83.8711,27.846],[83.8534,27.8406],[83.8514,27.8463],[83.8445,27.8453],[83.844,27.8488],[83.8311,27.8399],[83.8235,27.8226],[83.7906,27.8402],[83.7927,27.8664],[83.773,27.8688],[83.7676,27.8576],[83.7587,27.8586],[83.7559,27.8761],[83.756,27.8762]]]}},{"type":"Feature","properties":{"province":5,"provinceName":"Lumbini","district":"Palpa","localLevel":"Rainadevi Chhahara","type":"rural_municipality"},"geometry":{"type":"Polygon","coordinates":[[[83.3949,27.9472],[83.3788,27.9558],[83.3799,27.9587],[83.3629,27.9515],[83.3566,27.9541],[83.3474,27.9497],[83.3448,27.9435],[83.3488,27.9362],[83.3462,27.9263],[83.3273,27.9206],[83.311,27.926],[83.3085,27.9144],[83.2994,27.91],[83.3131,27.9015],[83.3111,27.8887],[83.3223,27.8825],[83.3227,27.8783],[83.3325,27.8772],[83.3294,27.8697],[83.3192,27.8599],[83.3099,27.8568],[83.3026,27.8596],[83.3121,27.8513],[83.2998,27.8437],[83.2898,27.8268],[83.2502,27.8317],[83.233,27.8231],[83.2498,27.8082],[83.2474,27.7899],[83.2603,27.7852],[83.2578,27.7669],[83.262,27.7568],[83.288,27.7568],[83.3051,27.768],[83.3158,27.7623],[83.3311,27.7672],[83.3426,27.7582],[83.3458,27.7822],[83.3559,27.7857],[83.3566,27.8078],[83.3498,27.8163],[83.3534,27.8221],[83.3476,27.8388],[83.3493,27.8494],[83.3702,27.8485],[83.3782,27.837],[83.3895,27.8531],[83.3895,27.8741],[83.4159,27.8649],[83.4146,27.8761],[83.422,27.8913],[83.3956,27.9251],[83.3949,27.9471],[83.3949,27.9472]]]}},{"type":"Feature","properties":{"province":5,"provinceName":"Lumbini","district":"Palpa","localLevel":"Rambha","type":"rural_municipality"},"geometry":{"type":"Polygon","coordinates":[[[83.7592,27.9029],[83.7468,27.9078],[83.7446,27.9045],[83.7496,27.9012],[83.7448,27.9],[83.721,27.9201],[83.7004,27.9168],[83.6915,27.9237],[83.6851,27.9162],[83.6816,27.9199],[83.684,27.924],[83.6777,27.9273],[83.657,27.9023],[83.6356,27.8997],[83.6459,27.884],[83.6475,27.8718],[83.6574,27.8609],[83.6564,27.8513],[83.6678,27.8456],[83.6672,27.8408],[83.6563,27.8385],[83.6627,27.8277],[83.6568,27.822],[83.6342,27.8157],[83.6756,27.8089],[83.6898,27.8166],[83.6954,27.8249],[83.7145,27.8214],[83.733,27.8268],[83.7488,27.8255],[83.7473,27.8309],[83.7536,27.8434],[83.726,27.8493],[83.7209,27.8565],[83.7298,27.8753],[83.7301,27.8919],[83.7446,27.8881],[83.7497,27.891],[83.7517,27.8865],[83.7463,27.8804],[83.7501,27.874],[83.756,27.8762],[83.7592,27.9026],[83.7592,27.9029]]]}},{"type":"Feature","properties":{"province":5,"provinceName":"Lumbini","district":"Palpa","localLevel":"Rampur","type":"municipality"},"geometry":{"type":"Polygon","coordinates":[[[83.9443,27.8758],[83.9391,27.8776],[83.9268,27.868],[83.9128,27.8725],[83.9159,27.8776],[83.9122,27.8801],[83.8944,27.8859],[83.8831,27.8822],[83.8796,27.8882],[83.8632,27.8821],[83.8604,27.8734],[83.8473,27.8814],[83.8476,27.8683],[83.823,27.8776],[83.8093,27.873],[83.7906,27.8853],[83.7771,27.9031],[83.7636,27.9099],[83.7582,27.909],[83.7555,27.8897],[83.7578,27.8592],[83.7676,27.8576],[83.773,27.8688],[83.7927,27.8664],[83.7897,27.8423],[83.8063,27.8301],[83.8246,27.8224],[83.8311,27.8399],[83.8425,27.8482],[83.8514,27.8463],[83.8534,27.8406],[83.87,27.8463],[83.8952,27.8312],[83.8918,27.8266],[83.9013,27.823],[83.9192,27.8027],[83.9285,27.8109],[83.9485,27.8115],[83.948,27.8182],[83.9519,27.8196],[83.9607,27.8141],[83.9725,27.8202],[83.9905,27.8088],[83.9851,27.8276],[84.0023,27.8531],[83.9988,27.8641],[83.9805,27.8659],[83.9736,27.8724],[83.9505,27.8693],[83.9446,27.8754],[83.9443,27.8758]]]}},{"type":"Feature","properties":{"province":5,"provinceName":"Lumbini","district":"Palpa","localLevel":"Ribdikot","type":"rural_municipality"},"geometry":{"type":"Polygon","coordinates":[[[83.4214,27.9307],[83.4013,27.9347],[83.3971,27.9434],[83.3945,27.9401],[83.3982,27.93],[83.3956,27.9251],[83.422,27.8913],[83.4146,27.8761],[83.4154,27.8637],[83.3895,27.8741],[83.3896,27.8534],[83.3794,27.8432],[83.3814,27.8382],[83.3778,27.8371],[83.3702,27.8485],[83.3573,27.8517],[83.3493,27.8494],[83.3476,27.8396],[83.3531,27.8283],[83.3506,27.815],[83.3767,27.81],[83.3859,27.8204],[83.3992,27.8057],[83.4235,27.7902],[83.429,27.7949],[83.4337,27.8118],[83.4456,27.8067],[83.4484,27.8006],[83.4582,27.7985],[83.4615,27.8043],[83.4505,27.8075],[83.45,27.8115],[83.4699,27.8174],[83.4803,27.8149],[83.495,27.8485],[83.4906,27.8536],[83.4953,27.8628],[83.492,27.8801],[83.4878,27.8826],[83.4934,27.8891],[83.4899,27.896],[83.4806,27.8969],[83.4704,27.9062],[83.47,27.9123],[83.4515,27.9111],[83.4445,27.9148],[83.4552,27.9241],[83.4305,27.9292],[83.4263,27.9242],[83.4216,27.9302],[83.4214,27.9307]]]}},{"type":"Feature","properties":{"province":5,"provinceName":"Lumbini","district":"Palpa","localLevel":"Tansen","type":"municipality"},"geometry":{"type":"Polygon","coordinates":[[[83.5297,27.9281],[83.5247,27.9244],[83.5244,27.9307],[83.5107,27.9406],[83.5049,27.9369],[83.5118,27.9328],[83.5079,27.9284],[83.4925,27.929],[83.4859,27.9225],[83.4625,27.9342],[83.4501,27.9285],[83.4343,27.9396],[83.4289,27.9393],[83.4214,27.9307],[83.4256,27.9243],[83.4305,27.9292],[83.4552,27.9241],[83.4445,27.9148],[83.4515,27.9111],[83.47,27.9123],[83.4704,27.9062],[83.4806,27.8969],[83.4912,27.8947],[83.4934,27.8891],[83.4878,27.8826],[83.492,27.8801],[83.4953,27.8628],[83.4906,27.8536],[83.495,27.8485],[83.4877,27.8286],[83.502,27.8288],[83.4951,27.8201],[83.5162,27.8117],[83.5173,27.7981],[83.5509,27.794],[83.5491,27.7986],[83.5638,27.7987],[83.5696,27.806],[83.5803,27.8045],[83.5856,27.8143],[83.5686,27.8354],[83.5778,27.8443],[83.5671,27.8509],[83.5654,27.8587],[83.575,27.8764],[83.5593,27.8865],[83.5448,27.8883],[83.5401,27.9001],[83.5434,27.9124],[83.5299,27.928],[83.5297,27.9281]]]}},{"type":"Feature","properties":{"province":5,"provinceName":"Lumbini","district":"Palpa","localLevel":"Tinau","type":"rural_municipality"},"geometry":{"type":"Polygon","coordinates":[[[83.5793,27.8046],[83.5696,27.806],[83.5638,27.7987],[83.5493,27.7986],[83.5509,27.794],[83.5217,27.7968],[83.517,27.7984],[83.5162,27.8117],[83.4951,27.8201],[83.502,27.8288],[83.4877,27.8286],[83.4785,27.814],[83.4699,27.8174],[83.4486,27.8104],[83.4615,27.8043],[83.4582,27.7985],[83.4484,27.8006],[83.4456,27.8067],[83.4337,27.8118],[83.429,27.7949],[83.4235,27.7902],[83.3992,27.8057],[83.3859,27.8204],[83.3767,27.81],[83.3526,27.8159],[83.3566,27.8078],[83.3559,27.7857],[83.3458,27.7822],[83.3422,27.7578],[83.3481,27.7498],[83.3595,27.7521],[83.373,27.7349],[83.3779,27.7431],[83.3857,27.7427],[83.3918,27.7486],[83.4078,27.7346],[83.4184,27.7417],[83.4341,27.7392],[83.4355,27.7323],[83.4406,27.732],[83.4451,27.7239],[83.457,27.728],[83.4776,27.7213],[83.4894,27.7303],[83.4949,27.7256],[83.5014,27.7293],[83.5098,27.725],[83.5155,27.729],[83.5864,27.705],[83.5898,27.7149],[83.5788,27.71],[83.5665,27.7276],[83.5828,27.7469],[83.5878,27.7489],[83.5952,27.7431],[83.6,27.7477],[83.5967,27.761],[83.5995,27.774],[83.5835,27.7829],[83.5849,27.797],[83.5791,27.8044],[83.5793,27.8046]]]}},{"type":"Feature","properties":{"province":5,"provinceName":"Lumbini","district":"Parasi","localLevel":"Bardaghat","type":"municipality"},"geometry":{"type":"Polygon","coordinates":[[[83.8845,27.5277],[83.8725,27.5411],[83.8573,27.5483],[83.8493,27.5601],[83.8382,27.5448],[83.8337,27.5655],[83.8436,27.5724],[83.8382,27.5856],[83.8236,27.5925],[83.8102,27.5885],[83.8115,27.5952],[83.8031,27.596],[83.7926,27.6049],[83.802,27.6123],[83.7994,27.6201],[83.8073,27.6207],[83.8031,27.6294],[83.8119,27.6353],[83.8086,27.6474],[83.8147,27.6531],[83.8139,27.6622],[83.7853,27.6668],[83.7703,27.6664],[83.7648,27.661],[83.7603,27.6672],[83.749,27.6666],[83.7498,27.6088],[83.7637,27.5893],[83.7618,27.5826],[83.7548,27.5798],[83.7449,27.5488],[83.7379,27.546],[83.738,27.5362],[83.7573,27.5315],[83.7482,27.5212],[83.7501,27.5179],[83.7453,27.5181],[83.7432,27.5029],[83.7379,27.5016],[83.7446,27.4938],[83.7379,27.4916],[83.7371,27.4808],[83.7478,27.4783],[83.749,27.4722],[83.7652,27.4803],[83.7644,27.4918],[83.7719,27.4932],[83.7775,27.4919],[83.7781,27.4784],[83.8058,27.4821],[83.8109,27.4762],[83.8201,27.4774],[83.8203,27.4736],[83.827,27.489],[83.8341,27.4905],[83.8498,27.4819],[83.8772,27.5096],[83.8844,27.5276],[83.8845,27.5277]]]}},{"type":"Feature","properties":{"province":5,"provinceName":"Lumbini","district":"Parasi","localLevel":"Palhi Nandan","type":"rural_municipality"},"geometry":{"type":"Polygon","coordinates":[[[83.7043,27.4698],[83.6951,27.4752],[83.698,27.488],[83.6836,27.4938],[83.6757,27.4923],[83.6747,27.4975],[83.665,27.502],[83.6593,27.4983],[83.6616,27.4918],[83.6557,27.483],[83.6269,27.4871],[83.6253,27.4917],[83.6122,27.4868],[83.6167,27.4694],[83.7109,27.426],[83.7281,27.4303],[83.723,27.4348],[83.7249,27.4423],[83.7094,27.4579],[83.7109,27.4657],[83.7047,27.4697],[83.7043,27.4698]]]}},{"type":"Feature","properties":{"province":5,"provinceName":"Lumbini","district":"Parasi","localLevel":"Pratappur","type":"rural_municipality"},"geometry":{"type":"Polygon","coordinates":[[[83.8226,27.4741],[83.8163,27.4787],[83.8109,27.4762],[83.8058,27.4821],[83.7781,27.4784],[83.7775,27.4919],[83.7645,27.4919],[83.7652,27.4803],[83.75,27.4729],[83.7487,27.4631],[83.7533,27.4527],[83.761,27.449],[83.7554,27.4362],[83.772,27.4263],[83.7589,27.417],[83.7507,27.4219],[83.7474,27.4091],[83.8141,27.3783],[83.8281,27.3993],[83.8186,27.4179],[83.8204,27.4276],[83.8296,27.4343],[83.8374,27.4326],[83.8299,27.4396],[83.8353,27.445],[83.8412,27.4665],[83.8227,27.4741],[83.8226,27.4741]]]}},{"type":"Feature","properties":{"province":5,"provinceName":"Lumbini","district":"Parasi","localLevel":"Ramgram","type":"municipality"},"geometry":{"type":"Polygon","coordinates":[[[83.7032,27.5468],[83.6968,27.549],[83.7027,27.5732],[83.6919,27.5721],[83.681,27.5524],[83.6682,27.5631],[83.662,27.5457],[83.6663,27.5401],[83.6588,27.5448],[83.6557,27.5546],[83.6302,27.5666],[83.6346,27.5779],[83.6275,27.5806],[83.6323,27.5809],[83.6314,27.5841],[83.6218,27.5832],[83.6206,27.5772],[83.6125,27.5789],[83.6118,27.5721],[83.5965,27.5747],[83.5983,27.5664],[83.5922,27.5506],[83.5983,27.5465],[83.592,27.5416],[83.5933,27.5333],[83.5887,27.5319],[83.5958,27.5276],[83.5932,27.5206],[83.6003,27.5192],[83.601,27.5115],[83.5965,27.5109],[83.5984,27.504],[83.5951,27.5016],[83.6107,27.4897],[83.6257,27.4916],[83.6269,27.4871],[83.6557,27.483],[83.6616,27.4918],[83.6593,27.4983],[83.665,27.502],[83.6747,27.4975],[83.6757,27.4923],[83.6836,27.4938],[83.698,27.488],[83.6951,27.4752],[83.7043,27.4698],[83.7187,27.4888],[83.7156,27.4932],[83.7198,27.5039],[83.7038,27.5101],[83.7067,27.5295],[83.7016,27.5357],[83.7034,27.5464],[83.7032,27.5468]]]}},{"type":"Feature","properties":{"province":5,"provinceName":"Lumbini","district":"Parasi","localLevel":"Sarawal","type":"rural_municipality"},"geometry":{"type":"Polygon","coordinates":[[[83.75,27.4729],[83.7464,27.4741],[83.7478,27.4783],[83.7371,27.4808],[83.7379,27.4916],[83.7446,27.4938],[83.7379,27.5016],[83.7432,27.5029],[83.7453,27.5181],[83.7501,27.5179],[83.7482,27.5212],[83.7573,27.5315],[83.7453,27.5321],[83.7368,27.5377],[83.738,27.5462],[83.7449,27.5488],[83.7477,27.5611],[83.7523,27.5639],[83.7548,27.5798],[83.7618,27.5826],[83.7637,27.5895],[83.7497,27.6088],[83.7308,27.595],[83.7289,27.5862],[83.7242,27.5856],[83.7267,27.5819],[83.719,27.5778],[83.7224,27.5733],[83.719,27.5643],[83.7108,27.5507],[83.7032,27.5468],[83.7016,27.5358],[83.7067,27.5296],[83.7038,27.5101],[83.7198,27.5039],[83.7156,27.4932],[83.7187,27.4888],[83.7036,27.471],[83.7107,27.4662],[83.7094,27.4579],[83.7249,27.4423],[83.723,27.4348],[83.7281,27.4303],[83.7109,27.426],[83.7474,27.4091],[83.7507,27.4219],[83.7589,27.417],[83.772,27.4263],[83.7554,27.4362],[83.761,27.449],[83.7531,27.4531],[83.7487,27.4631],[83.7502,27.4726],[83.75,27.4729]]]}},{"type":"Feature","properties":{"province":5,"provinceName":"Lumbini","district":"Parasi","localLevel":"Sunwal","type":"municipality"},"geometry":{"type":"Polygon","coordinates":[[[83.6973,27.6619],[83.6946,27.6653],[83.6853,27.6638],[83.6552,27.6909],[83.6351,27.6931],[83.632,27.6646],[83.6017,27.645],[83.6029,27.6357],[83.5976,27.6346],[83.6,27.6308],[83.5942,27.6305],[83.5946,27.626],[83.5888,27.6257],[83.5902,27.621],[83.5752,27.6155],[83.5755,27.6016],[83.5848,27.5878],[83.5826,27.5747],[83.6118,27.5721],[83.6125,27.5789],[83.6206,27.5772],[83.6218,27.5832],[83.6314,27.5841],[83.6323,27.5809],[83.6275,27.5806],[83.6346,27.5779],[83.6302,27.5666],[83.6557,27.5546],[83.6588,27.5448],[83.6663,27.5401],[83.662,27.5457],[83.6682,27.5631],[83.681,27.5524],[83.6919,27.5721],[83.7027,27.5732],[83.6968,27.549],[83.7032,27.5468],[83.7105,27.5504],[83.7224,27.5733],[83.719,27.5778],[83.7267,27.5819],[83.7242,27.5856],[83.7504,27.6101],[83.7502,27.6615],[83.7431,27.6694],[83.7273,27.6723],[83.7101,27.6589],[83.6973,27.6618],[83.6973,27.6619]]]}},{"type":"Feature","properties":{"province":5,"provinceName":"Lumbini","district":"Parasi","localLevel":"Susta","type":"rural_municipality"},"geometry":{"type":"Polygon","coordinates":[[[83.8998,27.4986],[83.8892,27.5082],[83.8777,27.5104],[83.8616,27.4921],[83.8546,27.4897],[83.8529,27.4831],[83.8341,27.4905],[83.827,27.489],[83.8226,27.4741],[83.8412,27.4665],[83.8353,27.445],[83.8299,27.4396],[83.8374,27.4326],[83.8296,27.4343],[83.8204,27.4276],[83.8186,27.4179],[83.8281,27.3993],[83.8141,27.3783],[83.8647,27.3465],[83.8899,27.3582],[83.9083,27.3817],[83.9073,27.3895],[83.8749,27.3922],[83.8776,27.4057],[83.8694,27.4254],[83.8786,27.4329],[83.8976,27.4376],[83.8898,27.4463],[83.8919,27.4615],[83.8857,27.4639],[83.8872,27.4809],[83.8768,27.4891],[83.899,27.4987],[83.8998,27.4986]]]}},{"type":"Feature","properties":{"province":5,"provinceName":"Lumbini","district":"Rupandehi","localLevel":"Butwal","type":"sub_metropolitan_city"},"geometry":{"type":"Polygon","coordinates":[[[83.4942,27.7257],[83.4894,27.7303],[83.4776,27.7213],[83.457,27.728],[83.4451,27.7239],[83.4406,27.732],[83.4355,27.7323],[83.4341,27.7392],[83.4184,27.7417],[83.4081,27.7345],[83.3937,27.7479],[83.3885,27.7474],[83.3953,27.7233],[83.3814,27.7041],[83.3889,27.6798],[83.365,27.6616],[83.3648,27.6508],[83.4133,27.6582],[83.4161,27.6558],[83.4028,27.6437],[83.4229,27.6416],[83.4216,27.6288],[83.4298,27.6239],[83.4276,27.618],[83.4341,27.6154],[83.4448,27.6385],[83.4526,27.6451],[83.4518,27.6663],[83.4806,27.6673],[83.4932,27.6729],[83.5026,27.6672],[83.4971,27.6739],[83.5046,27.6814],[83.5056,27.6935],[83.4908,27.7202],[83.4939,27.7256],[83.4942,27.7257]]]}},{"type":"Feature","properties":{"province":5,"provinceName":"Lumbini","district":"Rupandehi","localLevel":"Devdaha","type":"municipality"},"geometry":{"type":"Polygon","coordinates":[[[83.5882,27.7058],[83.58,27.7051],[83.5692,27.7128],[83.5158,27.729],[83.5088,27.725],[83.5011,27.7293],[83.4906,27.7209],[83.5056,27.6935],[83.5046,27.6814],[83.4971,27.6736],[83.5173,27.6567],[83.5314,27.6565],[83.5339,27.6481],[83.5413,27.6428],[83.5385,27.6403],[83.5459,27.6314],[83.551,27.6322],[83.5498,27.6264],[83.5438,27.6245],[83.5506,27.6169],[83.5451,27.6143],[83.5508,27.6121],[83.5523,27.5891],[83.5456,27.5846],[83.549,27.5811],[83.5467,27.5768],[83.5348,27.5799],[83.5337,27.5651],[83.5273,27.5605],[83.5354,27.5535],[83.5291,27.5515],[83.535,27.5401],[83.5458,27.5368],[83.5598,27.5365],[83.5576,27.5583],[83.5877,27.5497],[83.5929,27.5519],[83.5979,27.5726],[83.5826,27.5747],[83.5848,27.5878],[83.5755,27.6016],[83.5752,27.6155],[83.5833,27.6164],[83.5902,27.621],[83.5888,27.6257],[83.5951,27.6264],[83.5942,27.6305],[83.5997,27.6304],[83.5972,27.6341],[83.6029,27.6357],[83.6012,27.6445],[83.632,27.6646],[83.6358,27.6778],[83.6351,27.6931],[83.6236,27.6881],[83.6108,27.7018],[83.5884,27.7058],[83.5882,27.7058]]]}},{"type":"Feature","properties":{"province":5,"provinceName":"Lumbini","district":"Rupandehi","localLevel":"Gaidahawa","type":"rural_municipality"},"geometry":{"type":"Polygon","coordinates":[[[83.3286,27.645],[83.3278,27.6519],[83.3028,27.6486],[83.3004,27.6399],[83.3064,27.6292],[83.305,27.6117],[83.313,27.6107],[83.315,27.6052],[83.3057,27.6046],[83.3,27.6093],[83.3003,27.6161],[83.2821,27.6209],[83.2833,27.6261],[83.2767,27.6217],[83.2716,27.6251],[83.2813,27.6086],[83.2613,27.6098],[83.2647,27.6008],[83.2599,27.5968],[83.2598,27.5828],[83.2561,27.5796],[83.2434,27.5841],[83.2448,27.6054],[83.2492,27.6101],[83.2466,27.6164],[83.2329,27.615],[83.2323,27.6053],[83.2079,27.5706],[83.2108,27.5641],[83.2063,27.5596],[83.2176,27.55],[83.2298,27.5222],[83.2323,27.5312],[83.2484,27.5418],[83.2521,27.5403],[83.249,27.5294],[83.2551,27.5271],[83.2614,27.5284],[83.2637,27.5438],[83.2856,27.5355],[83.2925,27.5392],[83.2924,27.5439],[83.2996,27.5367],[83.3116,27.536],[83.3143,27.5551],[83.3293,27.5485],[83.3261,27.5574],[83.3323,27.5579],[83.3293,27.5624],[83.3329,27.5766],[83.3279,27.5813],[83.3265,27.5957],[83.3285,27.6066],[83.3357,27.6099],[83.3392,27.6205],[83.3278,27.6272],[83.3322,27.6329],[83.326,27.6396],[83.3284,27.6449],[83.3286,27.645]]]}},{"type":"Feature","properties":{"province":5,"provinceName":"Lumbini","district":"Rupandehi","localLevel":"Kanchan","type":"rural_municipality"},"geometry":{"type":"Polygon","coordinates":[[[83.3087,27.6469],[83.2947,27.6611],[83.2893,27.6765],[83.2798,27.6822],[83.2734,27.6701],[83.2643,27.6694],[83.2679,27.663],[83.2596,27.6603],[83.2638,27.6571],[83.256,27.6587],[83.253,27.6714],[83.2616,27.6783],[83.262,27.6972],[83.2535,27.6905],[83.2293,27.6918],[83.2301,27.6683],[83.2256,27.6614],[83.2263,27.6474],[83.2226,27.6455],[83.2325,27.6252],[83.2317,27.6143],[83.2466,27.6164],[83.2491,27.6104],[83.2448,27.6054],[83.2434,27.5841],[83.2591,27.5809],[83.2599,27.5968],[83.2647,27.6014],[83.2613,27.6098],[83.2813,27.6086],[83.2716,27.6251],[83.2767,27.6217],[83.2833,27.6261],[83.2821,27.6209],[83.3003,27.6161],[83.3,27.6093],[83.3057,27.6046],[83.3152,27.6053],[83.313,27.6107],[83.3051,27.6115],[83.3064,27.6292],[83.3004,27.6399],[83.3039,27.6503],[83.3085,27.6469],[83.3087,27.6469]]]}},{"type":"Feature","properties":{"province":5,"provinceName":"Lumbini","district":"Rupandehi","localLevel":"Kotahimai","type":"rural_municipality"},"geometry":{"type":"Polygon","coordinates":[[[83.3908,27.4795],[83.3839,27.4837],[83.3746,27.4696],[83.3626,27.4653],[83.3499,27.4671],[83.3478,27.4587],[83.3396,27.4579],[83.3378,27.4711],[83.3507,27.4716],[83.3584,27.4783],[83.3475,27.4801],[83.3449,27.4889],[83.3272,27.4881],[83.3169,27.4673],[83.3112,27.4676],[83.3103,27.457],[83.2959,27.4493],[83.3002,27.443],[83.2967,27.4409],[83.302,27.4394],[83.3007,27.4284],[83.3339,27.431],[83.3377,27.4264],[83.3344,27.4156],[83.3386,27.4181],[83.3459,27.4034],[83.3534,27.4028],[83.3538,27.4085],[83.3671,27.4162],[83.3736,27.4155],[83.3749,27.4112],[83.3786,27.4153],[83.3953,27.415],[83.3978,27.4223],[83.3857,27.4417],[83.4007,27.4489],[83.4046,27.4661],[83.3907,27.4705],[83.3944,27.4763],[83.3908,27.4794],[83.3908,27.4795]]]}},{"type":"Feature","properties":{"province":5,"provinceName":"Lumbini","district":"Rupandehi","localLevel":"Lumbini Sanskritik","type":"municipality"},"geometry":{"type":"Polygon","coordinates":[[[83.3124,27.5361],[83.2996,27.5367],[83.2918,27.544],[83.2925,27.5392],[83.2856,27.5355],[83.2641,27.5438],[83.2613,27.5282],[83.249,27.5294],[83.2521,27.5403],[83.2484,27.5418],[83.2304,27.5286],[83.2337,27.5069],[83.2286,27.5052],[83.232,27.5009],[83.2232,27.4913],[83.225,27.4857],[83.2209,27.4796],[83.2254,27.4686],[83.2294,27.4688],[83.2188,27.4443],[83.2333,27.4306],[83.219,27.4177],[83.2592,27.394],[83.265,27.402],[83.2741,27.3938],[83.275,27.4009],[83.2899,27.4048],[83.2885,27.4255],[83.3007,27.4284],[83.302,27.4394],[83.2967,27.4409],[83.3002,27.443],[83.2959,27.4493],[83.3103,27.457],[83.3112,27.4676],[83.3169,27.4673],[83.3214,27.4789],[83.3119,27.4865],[83.3128,27.4955],[83.3181,27.4949],[83.3186,27.4998],[83.3232,27.4973],[83.3232,27.5019],[83.332,27.5071],[83.3286,27.513],[83.3191,27.516],[83.325,27.5184],[83.3233,27.5228],[83.3108,27.524],[83.3124,27.5359],[83.3124,27.5361]],[[83.2702,27.5],[83.271,27.5059],[83.2866,27.5055],[83.2852,27.4621],[83.2696,27.4626],[83.2701,27.4941],[83.2702,27.5]]]}},{"type":"Feature","properties":{"province":5,"provinceName":"Lumbini","district":"Rupandehi","localLevel":"Marchawari","type":"rural_municipality"},"geometry":{"type":"Polygon","coordinates":[[[83.2948,27.3359],[83.3196,27.33],[83.32,27.3371],[83.3396,27.3326],[83.3545,27.3398],[83.3532,27.3424],[83.3612,27.3431],[83.36,27.3506],[83.3758,27.3571],[83.3768,27.3698],[83.3901,27.3757],[83.3869,27.3902],[83.4051,27.4014],[83.4114,27.4148],[83.3978,27.4223],[83.3907,27.4126],[83.3795,27.4155],[83.3749,27.4112],[83.3736,27.4155],[83.3671,27.4162],[83.3548,27.4093],[83.3534,27.4028],[83.3616,27.4023],[83.3609,27.3937],[83.3493,27.3914],[83.346,27.381],[83.333,27.3828],[83.3299,27.3779],[83.3095,27.3731],[83.3106,27.3684],[83.3039,27.3662],[83.3025,27.3537],[83.3079,27.3405],[83.3007,27.3348],[83.2954,27.3362],[83.2948,27.3359]]]}},{"type":"Feature","properties":{"province":5,"provinceName":"Lumbini","district":"Rupandehi","localLevel":"Mayadevi","type":"rural_municipality"},"geometry":{"type":"Polygon","coordinates":[[[83.4434,27.535],[83.4428,27.532],[83.4134,27.5309],[83.4071,27.523],[83.3924,27.5213],[83.3895,27.5259],[83.3849,27.5162],[83.379,27.5161],[83.3888,27.5456],[83.3767,27.5444],[83.3703,27.5563],[83.3664,27.5441],[83.3559,27.5429],[83.3508,27.5515],[83.3452,27.5504],[83.3475,27.5563],[83.3435,27.5656],[83.3339,27.571],[83.3293,27.5624],[83.3323,27.5579],[83.3261,27.5574],[83.3293,27.5485],[83.3179,27.555],[83.3124,27.5523],[83.3093,27.5268],[83.3233,27.5228],[83.325,27.5184],[83.3191,27.516],[83.3286,27.513],[83.332,27.5071],[83.3232,27.5019],[83.3232,27.4973],[83.3186,27.4998],[83.3181,27.4949],[83.3128,27.4955],[83.3118,27.4868],[83.3217,27.481],[83.3272,27.4881],[83.3446,27.489],[83.3475,27.4801],[83.3584,27.4783],[83.3507,27.4716],[83.3378,27.4711],[83.3396,27.4579],[83.3478,27.4587],[83.3499,27.4671],[83.3626,27.4653],[83.3746,27.4696],[83.3839,27.4837],[83.4087,27.4788],[83.3938,27.4926],[83.3989,27.5048],[83.4071,27.5041],[83.4119,27.516],[83.42,27.5168],[83.4239,27.5232],[83.4338,27.5119],[83.4425,27.5137],[83.4443,27.5198],[83.4571,27.5274],[83.4584,27.5337],[83.4436,27.5352],[83.4434,27.535]]]}},{"type":"Feature","properties":{"province":5,"provinceName":"Lumbini","district":"Rupandehi","localLevel":"Omsatiya","type":"rural_municipality"},"geometry":{"type":"Polygon","coordinates":[[[83.5291,27.5515],[83.5125,27.5543],[83.5034,27.5507],[83.4964,27.5587],[83.4854,27.5532],[83.4874,27.5583],[83.4721,27.5591],[83.4654,27.5675],[83.456,27.56],[83.4623,27.5518],[83.4577,27.5443],[83.449,27.545],[83.4419,27.5373],[83.4583,27.534],[83.4571,27.5274],[83.4703,27.5248],[83.4855,27.5387],[83.4949,27.5365],[83.4945,27.5285],[83.4917,27.5298],[83.4767,27.5101],[83.4687,27.5071],[83.4695,27.4978],[83.4823,27.4954],[83.4856,27.5019],[83.5074,27.4999],[83.5109,27.5041],[83.5048,27.505],[83.5057,27.51],[83.5211,27.5125],[83.5369,27.5253],[83.5539,27.5227],[83.5532,27.5329],[83.5781,27.5254],[83.5832,27.5324],[83.5933,27.5333],[83.592,27.5416],[83.5985,27.5479],[83.5923,27.5515],[83.5576,27.5583],[83.5596,27.5364],[83.535,27.5401],[83.5292,27.5507],[83.5291,27.5515]]]}},{"type":"Feature","properties":{"province":5,"provinceName":"Lumbini","district":"Rupandehi","localLevel":"Rohini","type":"rural_municipality"},"geometry":{"type":"Polygon","coordinates":[[[83.5901,27.5325],[83.5832,27.5324],[83.5781,27.5254],[83.5532,27.5329],[83.5539,27.5227],[83.5369,27.5253],[83.5211,27.5125],[83.5057,27.51],[83.5048,27.505],[83.5109,27.5041],[83.5074,27.4999],[83.4856,27.5019],[83.4823,27.4954],[83.4724,27.4989],[83.466,27.4919],[83.4755,27.488],[83.4821,27.4753],[83.6167,27.4694],[83.6128,27.4897],[83.5951,27.5016],[83.5984,27.504],[83.5965,27.5109],[83.601,27.5115],[83.6003,27.5192],[83.5932,27.5206],[83.5924,27.5262],[83.5959,27.5274],[83.5899,27.5321],[83.5901,27.5325]]]}},{"type":"Feature","properties":{"province":5,"provinceName":"Lumbini","district":"Rupandehi","localLevel":"Sainamaina","type":"municipality"},"geometry":{"type":"Polygon","coordinates":[[[83.3422,27.7578],[83.3311,27.7672],[83.3158,27.7623],[83.3051,27.768],[83.2985,27.7605],[83.2854,27.7561],[83.262,27.7568],[83.2578,27.7669],[83.2494,27.7587],[83.2483,27.751],[83.2395,27.7502],[83.2277,27.763],[83.2143,27.7591],[83.2128,27.7535],[83.2198,27.7362],[83.2175,27.7269],[83.2247,27.7153],[83.2237,27.7038],[83.2291,27.6991],[83.2282,27.694],[83.2528,27.6904],[83.262,27.6972],[83.2616,27.6783],[83.253,27.6714],[83.256,27.6587],[83.2638,27.6571],[83.2596,27.6603],[83.2679,27.663],[83.2643,27.6694],[83.2734,27.6701],[83.2798,27.6822],[83.2893,27.6765],[83.2947,27.6611],[83.3087,27.6469],[83.3278,27.6519],[83.3286,27.645],[83.3371,27.6471],[83.3408,27.6533],[83.347,27.6528],[83.3525,27.6595],[83.3643,27.6587],[83.3714,27.6691],[83.3889,27.6798],[83.3814,27.7041],[83.3953,27.7233],[83.3913,27.7429],[83.3885,27.7474],[83.3857,27.7427],[83.3781,27.7432],[83.373,27.7349],[83.3595,27.7521],[83.3481,27.7498],[83.3429,27.758],[83.3422,27.7578]]]}},{"type":"Feature","properties":{"province":5,"provinceName":"Lumbini","district":"Rupandehi","localLevel":"Sammarimai","type":"rural_municipality"},"geometry":{"type":"Polygon","coordinates":[[[83.3534,27.4028],[83.3437,27.405],[83.3386,27.4181],[83.3344,27.4156],[83.3372,27.4271],[83.3253,27.4327],[83.3165,27.4276],[83.2914,27.4285],[83.2889,27.4034],[83.275,27.4009],[83.273,27.3937],[83.265,27.402],[83.2592,27.394],[83.2743,27.3834],[83.2676,27.3654],[83.2747,27.3527],[83.3007,27.3348],[83.308,27.341],[83.3025,27.3537],[83.3039,27.3662],[83.3106,27.3684],[83.3099,27.3733],[83.3299,27.3779],[83.33,27.3819],[83.3478,27.3818],[83.3493,27.3914],[83.3617,27.3955],[83.3616,27.4025],[83.3553,27.4026],[83.3534,27.4028]]]}},{"type":"Feature","properties":{"province":5,"provinceName":"Lumbini","district":"Rupandehi","localLevel":"Siddharthanagar","type":"municipality"},"geometry":{"type":"Polygon","coordinates":[[[83.4723,27.4988],[83.4673,27.5001],[83.4708,27.5105],[83.4767,27.5101],[83.495,27.5293],[83.4949,27.5365],[83.4864,27.5388],[83.4714,27.5252],[83.4544,27.5278],[83.4384,27.5124],[83.4331,27.5124],[83.4238,27.5232],[83.42,27.5168],[83.4119,27.516],[83.4071,27.5041],[83.3989,27.5048],[83.3938,27.4926],[83.4087,27.4788],[83.4821,27.4753],[83.4755,27.488],[83.466,27.4919],[83.4727,27.4984],[83.4723,27.4988]]]}},{"type":"Feature","properties":{"province":5,"provinceName":"Lumbini","district":"Rupandehi","localLevel":"Siyari","type":"rural_municipality"},"geometry":{"type":"Polygon","coordinates":[[[83.4246,27.5951],[83.4115,27.6012],[83.4152,27.6136],[83.4044,27.6241],[83.3968,27.6243],[83.3909,27.6161],[83.4001,27.617],[83.3919,27.6095],[83.3741,27.6058],[83.3706,27.5967],[83.3653,27.5959],[83.3637,27.5817],[83.3458,27.5792],[83.3367,27.5673],[83.3435,27.5656],[83.3475,27.5563],[83.3452,27.5504],[83.3508,27.5515],[83.3559,27.5429],[83.3664,27.5441],[83.3703,27.5563],[83.3767,27.5444],[83.3888,27.5456],[83.379,27.5161],[83.3849,27.5162],[83.3895,27.5259],[83.3925,27.5212],[83.4071,27.523],[83.4134,27.5309],[83.4431,27.5321],[83.4421,27.5399],[83.449,27.545],[83.4577,27.5443],[83.4623,27.5518],[83.456,27.56],[83.4643,27.5652],[83.4584,27.5735],[83.449,27.5701],[83.4456,27.5641],[83.4348,27.5678],[83.432,27.5502],[83.4158,27.5687],[83.4207,27.572],[83.4179,27.5753],[83.4244,27.5947],[83.4246,27.5951]]]}},{"type":"Feature","properties":{"province":5,"provinceName":"Lumbini","district":"Rupandehi","localLevel":"Sudhdhodhan","type":"rural_municipality"},"geometry":{"type":"Polygon","coordinates":[[[83.3651,27.6593],[83.3525,27.6595],[83.3258,27.6423],[83.332,27.634],[83.3284,27.626],[83.3392,27.6205],[83.3357,27.6099],[83.3285,27.6066],[83.3265,27.5957],[83.3279,27.5813],[83.3329,27.5766],[83.331,27.57],[83.3367,27.5685],[83.3458,27.5792],[83.3637,27.5817],[83.3653,27.5959],[83.3706,27.5967],[83.3741,27.6058],[83.3901,27.6084],[83.4,27.6168],[83.3909,27.6161],[83.3961,27.6241],[83.4044,27.6241],[83.4152,27.6136],[83.4115,27.6012],[83.4246,27.5951],[83.4284,27.6094],[83.4337,27.6138],[83.4276,27.618],[83.4298,27.6239],[83.4215,27.6292],[83.4248,27.6339],[83.4229,27.6416],[83.4028,27.6437],[83.4161,27.6558],[83.4133,27.6582],[83.3896,27.6529],[83.3824,27.6559],[83.3679,27.6496],[83.3635,27.6537],[83.3654,27.6591],[83.3651,27.6593]]]}},{"type":"Feature","properties":{"province":5,"provinceName":"Lumbini","district":"Rupandehi","localLevel":"Tillotama","type":"municipality"},"geometry":{"type":"Polygon","coordinates":[[[83.5023,27.6667],[83.4932,27.6729],[83.4806,27.6673],[83.4518,27.6663],[83.4526,27.6451],[83.4284,27.6094],[83.4181,27.5767],[83.4207,27.572],[83.4158,27.5688],[83.432,27.5502],[83.4348,27.5678],[83.4456,27.5641],[83.449,27.5701],[83.4584,27.5735],[83.4721,27.5591],[83.4874,27.5583],[83.4854,27.5532],[83.4964,27.5587],[83.5034,27.5507],[83.5125,27.5543],[83.5353,27.5514],[83.5273,27.5605],[83.5337,27.5651],[83.5327,27.5756],[83.535,27.5801],[83.5468,27.5769],[83.549,27.5811],[83.5455,27.5844],[83.5539,27.5959],[83.5507,27.6124],[83.5451,27.6143],[83.55,27.6187],[83.544,27.6223],[83.551,27.6322],[83.5459,27.6314],[83.5385,27.6403],[83.5413,27.6428],[83.5339,27.6481],[83.5314,27.6565],[83.5179,27.6564],[83.5024,27.6667],[83.5023,27.6667]]]}},{"type":"Feature","properties":{"province":5,"provinceName":"Lumbini","district":"Kapilbastu","localLevel":"Banganga","type":"municipality"},"geometry":{"type":"Polygon","coordinates":[[[83.2143,27.7591],[83.204,27.76],[83.1878,27.7539],[83.18,27.7585],[83.1457,27.7604],[83.129,27.7688],[83.1236,27.7616],[83.1105,27.7703],[83.102,27.7691],[83.096,27.7825],[83.0917,27.7824],[83.0921,27.7712],[83.0886,27.7746],[83.0794,27.7674],[83.0797,27.7565],[83.0694,27.7419],[83.0698,27.7336],[83.0802,27.7243],[83.0803,27.7061],[83.0857,27.6946],[83.0794,27.6727],[83.1187,27.6811],[83.112,27.6746],[83.1175,27.6723],[83.1153,27.6666],[83.1038,27.6595],[83.0989,27.6494],[83.1095,27.6389],[83.1195,27.6389],[83.1159,27.6297],[83.1275,27.6297],[83.1317,27.634],[83.1406,27.6304],[83.1417,27.618],[83.1372,27.6066],[83.1398,27.6022],[83.1503,27.6008],[83.1537,27.5931],[83.1612,27.5986],[83.1621,27.5891],[83.1667,27.5865],[83.1764,27.5861],[83.1799,27.5957],[83.1916,27.5907],[83.19,27.5868],[83.2046,27.5835],[83.2215,27.5877],[83.2334,27.6076],[83.2325,27.6252],[83.2226,27.6455],[83.2263,27.6474],[83.2256,27.6614],[83.2299,27.667],[83.2312,27.6949],[83.2282,27.694],[83.2291,27.6991],[83.2237,27.7038],[83.2247,27.7153],[83.2175,27.7269],[83.2198,27.7362],[83.2128,27.7535],[83.2144,27.759],[83.2143,27.7591]]]}},{"type":"Feature","properties":{"province":5,"provinceName":"Lumbini","district":"Kapilbastu","localLevel":"Bijayanagar","type":"rural_municipality"},"geometry":{"type":"Polygon","coordinates":[[[82.824,27.5722],[82.8248,27.5884],[82.8319,27.5913],[82.8306,27.6006],[82.8358,27.6053],[82.8277,27.6165],[82.8265,27.6315],[82.8317,27.6325],[82.8322,27.637],[82.8231,27.6369],[82.8248,27.644],[82.8156,27.6522],[82.8197,27.6564],[82.7927,27.6728],[82.7955,27.6785],[82.7787,27.7097],[82.7777,27.7202],[82.7655,27.7317],[82.7695,27.7353],[82.7637,27.745],[82.7648,27.76],[82.7334,27.7742],[82.7332,27.7668],[82.7249,27.7583],[82.6981,27.7565],[82.7038,27.7497],[82.7103,27.7245],[82.7078,27.7027],[82.7202,27.6873],[82.7152,27.6707],[82.7178,27.6679],[82.7137,27.6649],[82.7223,27.6615],[82.7223,27.6571],[82.7275,27.6582],[82.7333,27.6489],[82.7301,27.6454],[82.7382,27.643],[82.7402,27.6318],[82.7356,27.6284],[82.7386,27.626],[82.7327,27.6239],[82.7386,27.6215],[82.735,27.6188],[82.7369,27.6095],[82.7578,27.5876],[82.7507,27.5759],[82.7535,27.566],[82.7499,27.5626],[82.7732,27.5537],[82.7763,27.5587],[82.7979,27.5631],[82.8104,27.551],[82.8204,27.5495],[82.8267,27.5598],[82.824,27.5719],[82.824,27.5722]]]}},{"type":"Feature","properties":{"province":5,"provinceName":"Lumbini","district":"Kapilbastu","localLevel":"Buddhabhumi","type":"municipality"},"geometry":{"type":"Polygon","coordinates":[[[83.0794,27.7674],[83.0687,27.7643],[83.0681,27.7577],[83.0611,27.7643],[83.0541,27.7567],[83.0519,27.7688],[83.0365,27.7815],[83.035,27.7931],[83.0244,27.7982],[83.0227,27.8082],[83.018,27.8099],[83.0217,27.8205],[82.9984,27.7927],[82.9626,27.7954],[82.9318,27.7842],[82.912,27.788],[82.9132,27.7763],[82.9065,27.765],[82.9097,27.7568],[82.9072,27.7462],[82.9203,27.73],[82.9135,27.7248],[82.9158,27.7173],[82.9124,27.715],[82.9222,27.7123],[82.921,27.7065],[82.9251,27.7058],[82.9233,27.6992],[82.9279,27.6944],[82.923,27.6828],[82.9172,27.6815],[82.9204,27.6783],[82.9146,27.6693],[82.9185,27.661],[82.9138,27.6574],[82.9197,27.647],[82.9146,27.6426],[82.9191,27.6438],[82.9207,27.633],[82.9252,27.6371],[82.9262,27.6322],[82.9311,27.6349],[82.9374,27.6274],[82.9282,27.6039],[82.911,27.6039],[82.9125,27.5943],[82.9204,27.5845],[82.9405,27.5885],[82.9377,27.5942],[82.9449,27.6025],[82.959,27.597],[82.9628,27.6067],[82.972,27.6043],[82.9682,27.5972],[82.9745,27.595],[82.9783,27.5867],[82.9708,27.5853],[82.972,27.5788],[82.9844,27.5795],[82.9913,27.5735],[82.9903,27.5623],[82.9955,27.5601],[82.9928,27.5493],[83.013,27.547],[83.022,27.5705],[83.04,27.5724],[83.0547,27.5803],[83.0567,27.5893],[83.0697,27.5928],[83.0689,27.6048],[83.0757,27.6109],[83.067,27.6164],[83.0661,27.6206],[83.0712,27.6215],[83.0633,27.6301],[83.069,27.6373],[83.0659,27.6401],[83.0889,27.6415],[83.1153,27.6666],[83.1175,27.6723],[83.112,27.6746],[83.12,27.6794],[83.1125,27.6816],[83.1023,27.6757],[83.0794,27.6727],[83.0857,27.6946],[83.0803,27.7061],[83.0802,27.7243],[83.0698,27.7336],[83.0693,27.7413],[83.0797,27.7565],[83.0794,27.7672],[83.0794,27.7674]]]}},{"type":"Feature","properties":{"province":5,"provinceName":"Lumbini","district":"Kapilbastu","localLevel":"Kapilbastu","type":"municipality"},"geometry":{"type":"Polygon","coordinates":[[[83.1424,27.602],[83.1372,27.6066],[83.1417,27.618],[83.1404,27.6305],[83.1317,27.634],[83.1275,27.6297],[83.1159,27.6297],[83.1195,27.6389],[83.1095,27.6389],[83.0989,27.6494],[83.0889,27.6415],[83.0659,27.6401],[83.069,27.6373],[83.0633,27.6301],[83.0712,27.6215],[83.0661,27.6206],[83.067,27.6164],[83.0757,27.6109],[83.0689,27.6048],[83.0697,27.5928],[83.0567,27.5893],[83.0547,27.5803],[83.04,27.5724],[83.022,27.5705],[83.0135,27.5471],[82.9928,27.5493],[82.9872,27.5418],[82.9869,27.5359],[82.9962,27.5278],[82.9947,27.5177],[83.0171,27.5118],[83.0129,27.5066],[83.0176,27.5059],[83.0175,27.5014],[83.0102,27.4986],[83.0108,27.4942],[83.0254,27.4841],[83.0322,27.4862],[83.0406,27.4981],[83.0377,27.5102],[83.0413,27.5141],[83.0489,27.515],[83.0578,27.5032],[83.0746,27.5202],[83.0922,27.515],[83.0888,27.5055],[83.1074,27.5059],[83.1076,27.5158],[83.1162,27.5139],[83.1212,27.528],[83.1297,27.5361],[83.117,27.5504],[83.1167,27.5718],[83.1306,27.5796],[83.1426,27.6019],[83.1424,27.602]]]}},{"type":"Feature","properties":{"province":5,"provinceName":"Lumbini","district":"Kapilbastu","localLevel":"Krishnanagar","type":"municipality"},"geometry":{"type":"Polygon","coordinates":[[[82.8715,27.5681],[82.8605,27.5724],[82.8425,27.569],[82.824,27.5722],[82.8267,27.5598],[82.82,27.5495],[82.8104,27.551],[82.7979,27.5631],[82.7763,27.5587],[82.7732,27.5537],[82.7653,27.5591],[82.7465,27.5619],[82.7491,27.5549],[82.7402,27.5519],[82.743,27.5498],[82.7397,27.5467],[82.744,27.5459],[82.744,27.5319],[82.7492,27.5314],[82.7514,27.5227],[82.744,27.521],[82.7451,27.5165],[82.7387,27.5179],[82.7371,27.5028],[82.8039,27.4963],[82.8344,27.5019],[82.8948,27.4996],[82.8933,27.5126],[82.8997,27.5252],[82.8901,27.5324],[82.8957,27.5345],[82.8935,27.5396],[82.8617,27.5442],[82.871,27.5675],[82.8715,27.5681]]]}},{"type":"Feature","properties":{"province":5,"provinceName":"Lumbini","district":"Kapilbastu","localLevel":"Maharajgunj","type":"municipality"},"geometry":{"type":"Polygon","coordinates":[[[82.9928,27.5493],[82.9955,27.5601],[82.9903,27.5623],[82.9918,27.5725],[82.9844,27.5795],[82.972,27.5788],[82.9708,27.5853],[82.9779,27.5883],[82.9682,27.5972],[82.9726,27.6038],[82.9628,27.6067],[82.959,27.597],[82.9446,27.6023],[82.9365,27.5861],[82.9204,27.5845],[82.9125,27.5943],[82.9042,27.5922],[82.9046,27.5878],[82.8964,27.5877],[82.8965,27.5798],[82.8885,27.5793],[82.871,27.5675],[82.8617,27.5443],[82.8822,27.5384],[82.8929,27.5404],[82.8957,27.5345],[82.8901,27.5324],[82.8997,27.5252],[82.8933,27.5126],[82.8948,27.4996],[82.9314,27.501],[82.9415,27.4912],[82.9469,27.4767],[82.9628,27.4658],[82.9688,27.4707],[82.9618,27.4733],[82.9646,27.4861],[82.976,27.4977],[82.9723,27.5041],[82.9573,27.5069],[82.9655,27.5147],[82.9859,27.5087],[82.9942,27.5172],[82.9962,27.5278],[82.9863,27.538],[82.9926,27.5491],[82.9928,27.5493]]]}},{"type":"Feature","properties":{"province":5,"provinceName":"Lumbini","district":"Kapilbastu","localLevel":"Mayadevi","type":"rural_municipality"},"geometry":{"type":"Polygon","coordinates":[[[83.1561,27.5927],[83.1503,27.6008],[83.1434,27.6026],[83.1306,27.5796],[83.1191,27.5762],[83.1167,27.551],[83.1296,27.5358],[83.1212,27.528],[83.1162,27.5139],[83.1076,27.5158],[83.1074,27.5059],[83.0861,27.5055],[83.0746,27.4998],[83.0708,27.4923],[83.0872,27.49],[83.0898,27.4827],[83.0844,27.4762],[83.0866,27.4641],[83.0715,27.4514],[83.176,27.4556],[83.1822,27.4596],[83.1856,27.4718],[83.1701,27.4771],[83.1594,27.5042],[83.1576,27.5148],[83.1665,27.5303],[83.1622,27.5582],[83.1649,27.5616],[83.1588,27.5629],[83.1596,27.5682],[83.1541,27.5734],[83.156,27.5925],[83.1561,27.5927]]]}},{"type":"Feature","properties":{"province":5,"provinceName":"Lumbini","district":"Kapilbastu","localLevel":"Shivaraj","type":"municipality"},"geometry":{"type":"Polygon","coordinates":[[[82.912,27.788],[82.9009,27.7935],[82.8624,27.7903],[82.8465,27.7933],[82.8426,27.7901],[82.8072,27.7949],[82.8056,27.7768],[82.7854,27.7692],[82.7838,27.7773],[82.7332,27.7746],[82.7648,27.76],[82.7637,27.745],[82.7695,27.7353],[82.7655,27.7317],[82.7777,27.7202],[82.7787,27.7097],[82.7955,27.6785],[82.7927,27.6728],[82.8197,27.6564],[82.8156,27.6522],[82.8248,27.644],[82.8231,27.6369],[82.8322,27.637],[82.8317,27.6325],[82.8265,27.6315],[82.8277,27.6165],[82.8358,27.6053],[82.8306,27.6006],[82.8319,27.5913],[82.8248,27.5884],[82.824,27.5722],[82.8425,27.569],[82.8605,27.5724],[82.8715,27.5681],[82.8885,27.5793],[82.8965,27.5798],[82.8964,27.5877],[82.9046,27.5878],[82.9042,27.5922],[82.9125,27.5943],[82.911,27.6039],[82.928,27.6037],[82.9332,27.6091],[82.9353,27.6313],[82.9315,27.6304],[82.9311,27.6349],[82.9267,27.6319],[82.9247,27.6372],[82.9209,27.6329],[82.9191,27.6438],[82.9146,27.6428],[82.9197,27.647],[82.9138,27.6574],[82.9185,27.661],[82.9146,27.6693],[82.9204,27.6783],[82.9172,27.6815],[82.923,27.6828],[82.9279,27.6944],[82.9233,27.6992],[82.9251,27.7058],[82.921,27.7065],[82.9222,27.7123],[82.9124,27.715],[82.9158,27.7173],[82.9135,27.7248],[82.9203,27.73],[82.9072,27.7462],[82.9097,27.7568],[82.9065,27.765],[82.9132,27.7763],[82.912,27.7875],[82.912,27.788]]]}},{"type":"Feature","properties":{"province":5,"provinceName":"Lumbini","district":"Kapilbastu","localLevel":"Suddhodhan","type":"rural_municipality"},"geometry":{"type":"Polygon","coordinates":[[[83.2215,27.5877],[83.2046,27.5835],[83.19,27.5868],[83.1916,27.5907],[83.1799,27.5957],[83.1764,27.5861],[83.1696,27.5859],[83.1621,27.5891],[83.1612,27.5986],[83.1561,27.5927],[83.1541,27.5734],[83.1596,27.5682],[83.1588,27.5629],[83.1649,27.5616],[83.1622,27.5582],[83.1665,27.5292],[83.1576,27.5148],[83.1594,27.5042],[83.1701,27.4771],[83.1856,27.4717],[83.1822,27.4596],[83.1744,27.4567],[83.1903,27.454],[83.219,27.4177],[83.2333,27.4306],[83.2188,27.4443],[83.2294,27.4688],[83.2254,27.4686],[83.2209,27.4795],[83.225,27.4857],[83.2232,27.4913],[83.2301,27.4955],[83.2286,27.5052],[83.2334,27.506],[83.235,27.514],[83.2176,27.55],[83.2063,27.5596],[83.2108,27.5641],[83.2079,27.5706],[83.2217,27.5877],[83.2215,27.5877]]]}},{"type":"Feature","properties":{"province":5,"provinceName":"Lumbini","district":"Kapilbastu","localLevel":"Yashodhara","type":"rural_municipality"},"geometry":{"type":"Polygon","coordinates":[[[83.0888,27.5055],[83.0923,27.5149],[83.08,27.5195],[83.0746,27.5202],[83.0578,27.5032],[83.0489,27.515],[83.0413,27.5141],[83.0377,27.5102],[83.0409,27.4993],[83.0374,27.4897],[83.0254,27.4841],[83.0108,27.4942],[83.0102,27.4986],[83.0175,27.5014],[83.0176,27.5059],[83.0129,27.5066],[83.017,27.5119],[82.9947,27.5177],[82.9826,27.5085],[82.9646,27.5144],[82.9574,27.5064],[82.9723,27.5041],[82.976,27.4977],[82.9646,27.4861],[82.9618,27.4733],[82.9688,27.4707],[82.9628,27.4658],[83.0361,27.4487],[83.0715,27.4514],[83.0866,27.4641],[83.0844,27.4762],[83.09,27.4872],[83.0705,27.4938],[83.0751,27.5002],[83.0887,27.5054],[83.0888,27.5055]]]}},{"type":"Feature","properties":{"province":5,"provinceName":"Lumbini","district":"Arghakhanchi","localLevel":"Bhumekasthan","type":"municipality"},"geometry":{"type":"Polygon","coordinates":[[[83.0747,28.0306],[83.0671,28.0445],[83.0479,28.0468],[83.0363,28.0554],[83.0152,28.0602],[83.0093,28.0747],[82.997,28.0732],[82.9998,28.0838],[82.9953,28.0895],[82.9871,28.0737],[82.9637,28.0469],[82.9628,28.0409],[82.9723,28.0382],[82.9767,28.0311],[82.9783,28.0196],[82.9739,28.0143],[82.9754,28.0062],[82.9545,27.9935],[82.9662,27.9879],[82.9702,27.9933],[82.9757,27.9918],[82.9777,27.9841],[82.9914,27.9765],[83.0016,27.9776],[83.0038,27.9699],[83.0187,27.9563],[83.0157,27.922],[83.0313,27.9186],[83.0354,27.9063],[83.0604,27.9148],[83.0856,27.906],[83.0949,27.9142],[83.1187,27.9118],[83.1287,27.9189],[83.1257,27.9233],[83.1309,27.9364],[83.1247,27.9286],[83.1159,27.938],[83.1223,27.9502],[83.1122,27.954],[83.1044,27.964],[83.0963,27.9638],[83.1,27.9696],[83.0946,27.9738],[83.0783,27.9762],[83.0759,27.9933],[83.0721,27.9911],[83.0571,27.9964],[83.0719,28.019],[83.0713,28.0235],[83.059,28.0303],[83.0746,28.0304],[83.0747,28.0306]]]}},{"type":"Feature","properties":{"province":5,"provinceName":"Lumbini","district":"Arghakhanchi","localLevel":"Chhatradev","type":"rural_municipality"},"geometry":{"type":"Polygon","coordinates":[[[83.2029,28.0725],[83.197,28.0743],[83.1946,28.0829],[83.1857,28.0875],[83.1811,28.085],[83.1899,28.0745],[83.1889,28.0685],[83.2008,28.0592],[83.2007,28.05],[83.1902,28.0482],[83.1918,28.0389],[83.1756,28.0295],[83.1725,28.0035],[83.1996,27.9796],[83.212,27.9775],[83.2128,27.9526],[83.2203,27.9468],[83.2219,27.9376],[83.2338,27.9381],[83.2342,27.9321],[83.2435,27.9362],[83.2441,27.9409],[83.251,27.9366],[83.2569,27.9416],[83.2583,27.9361],[83.265,27.9394],[83.2716,27.9365],[83.2719,27.9414],[83.2877,27.9505],[83.3034,27.9531],[83.3028,27.9678],[83.2824,27.9674],[83.2649,27.9888],[83.2545,27.9868],[83.2541,27.9951],[83.248,27.9975],[83.246,28.0082],[83.2418,28.0078],[83.2355,28.0208],[83.2318,28.0482],[83.2029,28.0724],[83.2029,28.0725]]]}},{"type":"Feature","properties":{"province":5,"provinceName":"Lumbini","district":"Arghakhanchi","localLevel":"Malarani","type":"rural_municipality"},"geometry":{"type":"Polygon","coordinates":[[[83.053,28.1114],[83.0472,28.1009],[83.0417,28.1053],[83.0314,28.0989],[83.004,28.1136],[83.0039,28.0958],[82.995,28.0894],[82.9998,28.0838],[82.9966,28.0737],[83.0093,28.0747],[83.0152,28.0602],[83.0363,28.0554],[83.0479,28.0468],[83.0671,28.0445],[83.0747,28.0306],[83.0766,28.0343],[83.085,28.0313],[83.0981,28.0403],[83.0985,28.0332],[83.115,28.0314],[83.1222,28.0221],[83.1339,28.0198],[83.1515,28.0283],[83.1579,28.0366],[83.1699,28.0368],[83.1756,28.0295],[83.1918,28.0389],[83.1902,28.0482],[83.2007,28.05],[83.2008,28.0592],[83.1904,28.0666],[83.1899,28.0745],[83.1812,28.0841],[83.1577,28.0605],[83.1404,28.0618],[83.1263,28.0706],[83.1273,28.0843],[83.1043,28.077],[83.0984,28.082],[83.1013,28.0941],[83.0919,28.0972],[83.0752,28.0906],[83.0685,28.0982],[83.0722,28.1082],[83.059,28.1066],[83.0536,28.1114],[83.053,28.1114]]]}},{"type":"Feature","properties":{"province":5,"provinceName":"Lumbini","district":"Arghakhanchi","localLevel":"Panini","type":"rural_municipality"},"geometry":{"type":"Polygon","coordinates":[[[83.2203,27.9467],[83.2074,27.9443],[83.1813,27.9489],[83.1725,27.9565],[83.1663,27.9368],[83.1694,27.9303],[83.1635,27.924],[83.1704,27.9184],[83.1808,27.9198],[83.1809,27.9102],[83.1899,27.898],[83.1814,27.89],[83.1929,27.8697],[83.2114,27.8604],[83.2093,27.846],[83.1973,27.8325],[83.2014,27.8182],[83.2113,27.8132],[83.2242,27.8246],[83.233,27.8231],[83.2502,27.8317],[83.2761,27.8262],[83.2918,27.8278],[83.2998,27.8437],[83.3121,27.8513],[83.3026,27.8596],[83.3099,27.8568],[83.3195,27.86],[83.3325,27.875],[83.3111,27.8887],[83.3131,27.9015],[83.2998,27.9091],[83.3086,27.9146],[83.3105,27.9268],[83.2826,27.9263],[83.2813,27.9354],[83.2875,27.9435],[83.2952,27.9456],[83.2923,27.9526],[83.2719,27.9414],[83.2716,27.9365],[83.265,27.9394],[83.2583,27.9361],[83.2569,27.9416],[83.251,27.9366],[83.2441,27.9409],[83.2435,27.9362],[83.2342,27.9321],[83.2338,27.9381],[83.2219,27.9376],[83.2205,27.9462],[83.2203,27.9467]]]}},{"type":"Feature","properties":{"province":5,"provinceName":"Lumbini","district":"Arghakhanchi","localLevel":"Sandhikharka","type":"municipality"},"geometry":{"type":"Polygon","coordinates":[[[83.1756,28.0295],[83.1699,28.0368],[83.1579,28.0366],[83.1515,28.0283],[83.1339,28.0198],[83.1222,28.0221],[83.115,28.0314],[83.0985,28.0332],[83.0981,28.0403],[83.085,28.0313],[83.0766,28.0343],[83.0741,28.0297],[83.059,28.0303],[83.0713,28.0235],[83.0719,28.019],[83.0571,27.9964],[83.0721,27.9911],[83.0759,27.9933],[83.0783,27.9762],[83.0946,27.9738],[83.1,27.9696],[83.0963,27.9638],[83.1044,27.964],[83.1122,27.954],[83.1223,27.9502],[83.1161,27.9371],[83.1247,27.9286],[83.1309,27.9364],[83.1305,27.9295],[83.1257,27.9233],[83.128,27.9173],[83.1187,27.9118],[83.1387,27.8999],[83.1397,27.8907],[83.1473,27.892],[83.1593,27.9046],[83.1636,27.9027],[83.1648,27.8912],[83.1814,27.89],[83.1899,27.898],[83.1809,27.9102],[83.1808,27.9198],[83.1704,27.9184],[83.1635,27.924],[83.1694,27.9303],[83.1663,27.9368],[83.1721,27.9473],[83.171,27.9557],[83.1813,27.9489],[83.2074,27.9443],[83.2203,27.9467],[83.2128,27.9526],[83.212,27.9775],[83.1996,27.9796],[83.1726,28.0034],[83.176,28.0288],[83.1756,28.0295]]]}},{"type":"Feature","properties":{"province":5,"provinceName":"Lumbini","district":"Arghakhanchi","localLevel":"Sitganga","type":"municipality"},"geometry":{"type":"Polygon","coordinates":[[[83.0157,27.922],[83.0119,27.9199],[83.0062,27.932],[82.9941,27.93],[82.9904,27.9253],[82.9859,27.93],[82.9707,27.9261],[82.945,27.9309],[82.9305,27.9225],[82.9273,27.9128],[82.9177,27.904],[82.8971,27.914],[82.879,27.901],[82.8694,27.9094],[82.8634,27.9036],[82.8503,27.901],[82.837,27.9064],[82.8262,27.9055],[82.8073,27.8789],[82.8059,27.8727],[82.812,27.8711],[82.811,27.8679],[82.7939,27.8653],[82.8093,27.8572],[82.7935,27.8557],[82.7827,27.8425],[82.7607,27.8369],[82.7507,27.8279],[82.7601,27.8119],[82.7713,27.8102],[82.7894,27.7943],[82.789,27.8031],[82.7962,27.8058],[82.8014,27.7938],[82.8183,27.7955],[82.8426,27.7901],[82.8465,27.7933],[82.8624,27.7903],[82.9009,27.7935],[82.9318,27.7842],[82.9626,27.7954],[82.9984,27.7927],[83.0217,27.8205],[83.018,27.8099],[83.0227,27.8082],[83.0244,27.7982],[83.035,27.7931],[83.0365,27.7815],[83.0519,27.7688],[83.0545,27.7565],[83.0602,27.7641],[83.0681,27.7577],[83.0687,27.7643],[83.0768,27.7647],[83.0886,27.7746],[83.0919,27.7711],[83.0912,27.7822],[83.0954,27.7828],[83.102,27.7691],[83.1105,27.7703],[83.1236,27.7616],[83.129,27.7688],[83.1457,27.7604],[83.18,27.7585],[83.1878,27.7539],[83.2277,27.763],[83.2395,27.7502],[83.2485,27.7511],[83.26,27.7723],[83.2606,27.7825],[83.2577,27.7886],[83.2472,27.7902],[83.2498,27.8082],[83.2304,27.8238],[83.2242,27.8246],[83.2113,27.8132],[83.2014,27.8182],[83.1973,27.8325],[83.2093,27.846],[83.2114,27.8604],[83.1929,27.8697],[83.1902,27.8802],[83.1806,27.8908],[83.1648,27.8912],[83.1636,27.9027],[83.1593,27.9046],[83.1473,27.892],[83.1397,27.8907],[83.1387,27.8999],[83.1149,27.9128],[83.0949,27.9142],[83.0856,27.906],[83.0604,27.9148],[83.0354,27.9063],[83.0313,27.9186],[83.0162,27.9219],[83.0157,27.922]]]}},{"type":"Feature","properties":{"province":5,"provinceName":"Lumbini","district":"Pyuthan","localLevel":"Ayirabati","type":"rural_municipality"},"geometry":{"type":"Polygon","coordinates":[[[82.9628,28.0409],[82.9343,28.0493],[82.9217,28.0365],[82.8881,28.0563],[82.874,28.0411],[82.8597,28.0528],[82.8626,28.0448],[82.8373,28.0429],[82.8272,28.0223],[82.8081,28.0146],[82.8116,28.005],[82.8222,28.0038],[82.8332,28.0103],[82.8618,28.0095],[82.8543,27.9983],[82.8695,27.9833],[82.8616,27.9685],[82.9021,27.9593],[82.9014,27.9543],[82.9069,27.9497],[82.9173,27.9505],[82.9251,27.9416],[82.9335,27.9425],[82.9337,27.9372],[82.9447,27.9308],[82.9707,27.9261],[82.9859,27.93],[82.9904,27.9253],[82.9941,27.93],[83.0062,27.932],[83.0128,27.9198],[83.0179,27.9281],[83.0148,27.9417],[83.0197,27.9473],[83.0114,27.9662],[83.0038,27.9699],[83.0012,27.9779],[82.9927,27.976],[82.9777,27.9841],[82.9761,27.9916],[82.9702,27.9933],[82.9662,27.9879],[82.9545,27.9935],[82.9754,28.0062],[82.9739,28.0143],[82.9783,28.0196],[82.9726,28.038],[82.963,28.0408],[82.9628,28.0409]]]}},{"type":"Feature","properties":{"province":5,"provinceName":"Lumbini","district":"Pyuthan","localLevel":"Gaumukhi","type":"rural_municipality"},"geometry":{"type":"Polygon","coordinates":[[[83.0992,28.2727],[83.0989,28.2772],[83.0714,28.3018],[83.0708,28.3112],[83.0636,28.3175],[83.0462,28.3246],[83.0358,28.3216],[83.0205,28.3254],[83.0156,28.3323],[83.0053,28.333],[82.9975,28.3116],[82.9845,28.2936],[82.983,28.2804],[82.9882,28.2682],[82.9674,28.2508],[82.9735,28.2467],[82.9753,28.2375],[82.9674,28.2342],[82.9587,28.2143],[82.9404,28.2076],[82.9531,28.1961],[82.9821,28.191],[82.9804,28.1766],[82.999,28.178],[83.0225,28.1711],[83.0372,28.1837],[83.0392,28.1914],[83.039,28.2031],[83.0294,28.2202],[83.0291,28.236],[83.024,28.2349],[83.0318,28.2409],[83.0535,28.2435],[83.0798,28.2335],[83.0962,28.2579],[83.0988,28.2717],[83.0992,28.2727]]]}},{"type":"Feature","properties":{"province":5,"provinceName":"Lumbini","district":"Pyuthan","localLevel":"Jhimruk","type":"rural_municipality"},"geometry":{"type":"Polygon","coordinates":[[[83.0372,28.1837],[83.02,28.1705],[82.999,28.178],[82.9804,28.1766],[82.9821,28.191],[82.9497,28.1977],[82.9367,28.1893],[82.9358,28.1798],[82.9287,28.1774],[82.9248,28.1688],[82.9186,28.168],[82.9176,28.1497],[82.9084,28.1428],[82.9158,28.1403],[82.916,28.1232],[82.9282,28.1259],[82.9342,28.1139],[82.9424,28.1201],[82.9434,28.1093],[82.9527,28.1023],[82.9609,28.1049],[82.9712,28.1011],[82.9822,28.1104],[82.9808,28.1054],[82.9846,28.1037],[82.993,28.1086],[83,28.1041],[83.0045,28.1138],[83.0297,28.0992],[83.0417,28.1053],[83.047,28.1008],[83.0611,28.1267],[83.0515,28.1402],[83.0574,28.1408],[83.0589,28.1451],[83.0389,28.1576],[83.0442,28.1685],[83.037,28.168],[83.0314,28.1747],[83.0371,28.1836],[83.0372,28.1837]]]}},{"type":"Feature","properties":{"province":5,"provinceName":"Lumbini","district":"Pyuthan","localLevel":"Mallarani","type":"rural_municipality"},"geometry":{"type":"Polygon","coordinates":[[[82.9607,28.1037],[82.9605,28.0943],[82.9483,28.0906],[82.9415,28.0968],[82.9303,28.0829],[82.925,28.0895],[82.9116,28.0905],[82.9066,28.0852],[82.8965,28.101],[82.875,28.1097],[82.8691,28.1041],[82.8849,28.0903],[82.8781,28.0884],[82.8798,28.0834],[82.8649,28.0898],[82.8601,28.097],[82.8489,28.0812],[82.8535,28.0728],[82.8517,28.0664],[82.8262,28.0736],[82.8225,28.0821],[82.8167,28.0735],[82.8217,28.0635],[82.8303,28.0638],[82.8251,28.0518],[82.8366,28.0424],[82.8626,28.0448],[82.86,28.0529],[82.874,28.0411],[82.8888,28.0563],[82.9217,28.0365],[82.9343,28.0493],[82.9628,28.0409],[82.9665,28.0528],[83.0045,28.0981],[83.0026,28.107],[82.999,28.1042],[82.9918,28.1085],[82.9846,28.1037],[82.9808,28.1054],[82.9822,28.1104],[82.9712,28.1011],[82.9608,28.1038],[82.9607,28.1037]]]}},{"type":"Feature","properties":{"province":5,"provinceName":"Lumbini","district":"Pyuthan","localLevel":"Mandavi","type":"rural_municipality"},"geometry":{"type":"Polygon","coordinates":[[[82.8177,28.0773],[82.8118,28.0786],[82.8019,28.0712],[82.8027,28.0821],[82.7952,28.085],[82.781,28.1035],[82.7611,28.0871],[82.741,28.0877],[82.7223,28.0722],[82.7145,28.0725],[82.7052,28.0887],[82.6998,28.0907],[82.6856,28.0521],[82.7065,28.0531],[82.7206,28.0471],[82.6992,28.0294],[82.6983,28.0139],[82.7073,28.0058],[82.7234,28.0019],[82.7425,27.9904],[82.7583,28.003],[82.8104,28.0062],[82.8081,28.0146],[82.8272,28.0223],[82.8366,28.0424],[82.8268,28.0479],[82.8307,28.0631],[82.8214,28.0638],[82.8176,28.077],[82.8177,28.0773]]]}},{"type":"Feature","properties":{"province":5,"provinceName":"Lumbini","district":"Pyuthan","localLevel":"Naubahini","type":"rural_municipality"},"geometry":{"type":"Polygon","coordinates":[[[82.9567,28.36],[82.9429,28.3618],[82.9293,28.3485],[82.9222,28.3213],[82.9062,28.311],[82.9016,28.299],[82.8897,28.2931],[82.8906,28.2769],[82.8636,28.2578],[82.8507,28.2559],[82.8548,28.2385],[82.8524,28.2324],[82.8408,28.2309],[82.8313,28.2199],[82.8189,28.2144],[82.8267,28.2054],[82.827,28.1984],[82.8162,28.1873],[82.8235,28.1803],[82.8451,28.177],[82.8552,28.163],[82.8706,28.1621],[82.8785,28.155],[82.8801,28.164],[82.8917,28.1731],[82.8969,28.1674],[82.8973,28.1563],[82.9168,28.1481],[82.9188,28.1684],[82.9248,28.1688],[82.9287,28.1774],[82.9358,28.1798],[82.9367,28.1893],[82.9498,28.1978],[82.95,28.2025],[82.9405,28.2079],[82.9587,28.2143],[82.9674,28.2342],[82.9753,28.2376],[82.9735,28.2467],[82.9674,28.2508],[82.9882,28.2682],[82.983,28.2804],[82.9845,28.2936],[82.9975,28.3116],[83.0054,28.3331],[82.996,28.3508],[82.982,28.3593],[82.9571,28.36],[82.9567,28.36]]]}},{"type":"Feature","properties":{"province":5,"provinceName":"Lumbini","district":"Pyuthan","localLevel":"Pyuthan","type":"municipality"},"geometry":{"type":"Polygon","coordinates":[[[82.8013,28.1867],[82.795,28.1885],[82.7907,28.1822],[82.7938,28.1677],[82.79,28.1576],[82.8014,28.1391],[82.7918,28.1349],[82.7889,28.1177],[82.7785,28.1084],[82.7952,28.085],[82.8027,28.0821],[82.8019,28.0712],[82.8225,28.0821],[82.8262,28.0736],[82.8517,28.0664],[82.8535,28.0728],[82.8488,28.081],[82.8591,28.0966],[82.8775,28.0835],[82.8782,28.0885],[82.8849,28.0899],[82.8691,28.1041],[82.875,28.1097],[82.8965,28.101],[82.9066,28.0852],[82.9116,28.0905],[82.925,28.0895],[82.9303,28.0829],[82.9415,28.0968],[82.9483,28.0906],[82.961,28.0947],[82.9607,28.1037],[82.9524,28.1024],[82.9435,28.1092],[82.9424,28.1201],[82.9342,28.1139],[82.9282,28.1259],[82.916,28.1232],[82.9158,28.1403],[82.9084,28.1428],[82.9131,28.1477],[82.8973,28.1563],[82.8969,28.1674],[82.8917,28.1731],[82.8801,28.164],[82.8785,28.155],[82.8706,28.1621],[82.8552,28.163],[82.8444,28.1773],[82.8236,28.1802],[82.8162,28.1873],[82.8013,28.1867],[82.8013,28.1867]]]}},{"type":"Feature","properties":{"province":5,"provinceName":"Lumbini","district":"Pyuthan","localLevel":"Sarumarani","type":"rural_municipality"},"geometry":{"type":"Polygon","coordinates":[[[82.9447,27.9308],[82.9337,27.9372],[82.9335,27.9425],[82.9251,27.9416],[82.9173,27.9505],[82.9069,27.9497],[82.9014,27.9543],[82.9021,27.9593],[82.8616,27.9685],[82.8695,27.9833],[82.8543,27.9983],[82.8618,28.0095],[82.8332,28.0103],[82.8234,28.0037],[82.8107,28.0065],[82.7583,28.003],[82.7425,27.9904],[82.7484,27.9745],[82.7646,27.9767],[82.7615,27.9693],[82.768,27.9679],[82.7681,27.9626],[82.7534,27.9436],[82.7664,27.9411],[82.7775,27.926],[82.7713,27.9213],[82.7762,27.8935],[82.7811,27.8974],[82.7844,27.8914],[82.7928,27.8909],[82.7935,27.8804],[82.8072,27.8776],[82.8267,27.9056],[82.8503,27.901],[82.8634,27.9036],[82.8694,27.9094],[82.879,27.901],[82.8971,27.914],[82.9024,27.9084],[82.9187,27.9043],[82.9305,27.9225],[82.9445,27.9306],[82.9447,27.9308]]]}},{"type":"Feature","properties":{"province":5,"provinceName":"Lumbini","district":"Pyuthan","localLevel":"Sworgadwary","type":"municipality"},"geometry":{"type":"Polygon","coordinates":[[[82.79,28.1791],[82.76,28.1798],[82.7545,28.1903],[82.7371,28.2009],[82.7349,28.2073],[82.7071,28.2074],[82.6981,28.2114],[82.6983,28.2035],[82.6859,28.1857],[82.6842,28.1926],[82.6598,28.1906],[82.6271,28.1784],[82.6154,28.1699],[82.6089,28.1519],[82.5921,28.1473],[82.5904,28.1399],[82.6062,28.1307],[82.6093,28.1193],[82.6087,28.1029],[82.6023,28.0936],[82.6125,28.0915],[82.6272,28.0697],[82.6417,28.0688],[82.6856,28.0521],[82.6998,28.0907],[82.7052,28.0887],[82.7145,28.0725],[82.7223,28.0722],[82.741,28.0877],[82.7611,28.0871],[82.781,28.1035],[82.7785,28.1088],[82.7889,28.1177],[82.7918,28.1348],[82.8014,28.1391],[82.7902,28.1548],[82.7938,28.1677],[82.7902,28.1788],[82.79,28.1791]]]}},{"type":"Feature","properties":{"province":5,"provinceName":"Lumbini","district":"Rolpa","localLevel":"Pariwartan","type":"rural_municipality"},"geometry":{"type":"Polygon","coordinates":[[[82.6425,28.4948],[82.6155,28.5108],[82.5998,28.5068],[82.5901,28.5143],[82.5785,28.5139],[82.5666,28.5216],[82.5469,28.5255],[82.5373,28.5422],[82.5374,28.5535],[82.53,28.5583],[82.5109,28.5511],[82.4942,28.5526],[82.4949,28.5399],[82.4652,28.5213],[82.4813,28.4917],[82.4765,28.4696],[82.4915,28.4559],[82.5211,28.4508],[82.5083,28.4106],[82.5162,28.4035],[82.5314,28.4243],[82.5504,28.4254],[82.5607,28.4342],[82.5614,28.4229],[82.5665,28.419],[82.5672,28.4269],[82.5884,28.4358],[82.6038,28.4342],[82.6107,28.4268],[82.6246,28.422],[82.6371,28.426],[82.6613,28.4236],[82.6525,28.4383],[82.6309,28.446],[82.6345,28.4511],[82.6213,28.4612],[82.6158,28.4712],[82.6235,28.483],[82.6396,28.4894],[82.6422,28.4945],[82.6425,28.4948]]]}},{"type":"Feature","properties":{"province":5,"provinceName":"Lumbini","district":"Rolpa","localLevel":"Lungri","type":"rural_municipality"},"geometry":{"type":"Polygon","coordinates":[[[82.9061,28.3108],[82.8912,28.3147],[82.8863,28.3228],[82.8715,28.3208],[82.856,28.3289],[82.8441,28.3186],[82.8355,28.3186],[82.823,28.3102],[82.8031,28.3297],[82.797,28.3482],[82.7701,28.3119],[82.7649,28.29],[82.753,28.2748],[82.7458,28.2725],[82.734,28.2468],[82.7405,28.2434],[82.7556,28.2489],[82.7638,28.2471],[82.7621,28.2432],[82.7661,28.2411],[82.7771,28.2416],[82.7945,28.226],[82.7921,28.22],[82.7976,28.2136],[82.7975,28.1897],[82.8162,28.1873],[82.8274,28.1996],[82.8189,28.2144],[82.8313,28.2199],[82.8408,28.2309],[82.8524,28.2324],[82.8548,28.2385],[82.8505,28.2557],[82.863,28.2575],[82.8857,28.2713],[82.8908,28.2774],[82.889,28.2918],[82.9023,28.2997],[82.906,28.3107],[82.9061,28.3108]]]}},{"type":"Feature","properties":{"province":5,"provinceName":"Lumbini","district":"Rolpa","localLevel":"Madi","type":"rural_municipality"},"geometry":{"type":"Polygon","coordinates":[[[82.5895,28.4345],[82.5672,28.4269],[82.5665,28.419],[82.5614,28.4229],[82.561,28.4341],[82.5504,28.4254],[82.532,28.4247],[82.5204,28.4049],[82.5158,28.4036],[82.5083,28.4106],[82.5211,28.4508],[82.4917,28.4558],[82.4792,28.4662],[82.4665,28.4441],[82.4658,28.4339],[82.4486,28.433],[82.4518,28.4191],[82.4606,28.41],[82.4591,28.4057],[82.4392,28.4056],[82.4403,28.3874],[82.4341,28.3844],[82.4251,28.363],[82.4187,28.3632],[82.4186,28.3582],[82.4306,28.3499],[82.465,28.3437],[82.4803,28.3479],[82.493,28.3404],[82.5088,28.3378],[82.5221,28.3423],[82.5376,28.3388],[82.5409,28.3513],[82.5536,28.3587],[82.5593,28.3774],[82.5644,28.3774],[82.564,28.3831],[82.5777,28.4005],[82.5786,28.4222],[82.5895,28.4345],[82.5895,28.4345]]]}},{"type":"Feature","properties":{"province":5,"provinceName":"Lumbini","district":"Rolpa","localLevel":"Runtigadi","type":"rural_municipality"},"geometry":{"type":"Polygon","coordinates":[[[82.5503,28.2604],[82.5305,28.2609],[82.5092,28.254],[82.5196,28.2401],[82.5159,28.2269],[82.5083,28.223],[82.5076,28.2098],[82.4793,28.2214],[82.4743,28.2297],[82.4623,28.2355],[82.4455,28.2385],[82.4388,28.2465],[82.4288,28.2389],[82.4295,28.2299],[82.4208,28.2296],[82.4087,28.2205],[82.4025,28.1923],[82.4054,28.1849],[82.3987,28.1688],[82.439,28.1489],[82.4741,28.1399],[82.4812,28.1442],[82.4865,28.1304],[82.4974,28.1349],[82.5059,28.1498],[82.5212,28.1472],[82.518,28.1391],[82.541,28.1317],[82.5591,28.1361],[82.5638,28.1335],[82.5609,28.1307],[82.5691,28.1153],[82.5845,28.1102],[82.6023,28.0936],[82.6087,28.1029],[82.6093,28.1193],[82.6062,28.1307],[82.5902,28.141],[82.5926,28.1477],[82.6095,28.1525],[82.6192,28.1734],[82.6333,28.1797],[82.6257,28.1853],[82.6284,28.1972],[82.6174,28.2084],[82.6207,28.2231],[82.6015,28.2252],[82.6054,28.2326],[82.6011,28.2359],[82.5904,28.2367],[82.588,28.2424],[82.5723,28.249],[82.5544,28.2507],[82.5506,28.2602],[82.5503,28.2604]]]}},{"type":"Feature","properties":{"province":5,"provinceName":"Lumbini","district":"Rolpa","localLevel":"Sukidaha","type":"rural_municipality"},"geometry":{"type":"Polygon","coordinates":[[[82.4652,28.5213],[82.4201,28.5286],[82.4189,28.5176],[82.4094,28.5036],[82.4136,28.4925],[82.4076,28.4865],[82.4075,28.4781],[82.3979,28.4683],[82.3975,28.4603],[82.3757,28.4482],[82.3785,28.4302],[82.3531,28.4238],[82.3551,28.4103],[82.3675,28.403],[82.3654,28.3883],[82.3779,28.3766],[82.4113,28.3731],[82.4162,28.3632],[82.4244,28.3627],[82.4298,28.3779],[82.4403,28.3874],[82.4392,28.4056],[82.4591,28.4057],[82.4606,28.41],[82.4518,28.4191],[82.4486,28.433],[82.4658,28.434],[82.4665,28.4441],[82.4792,28.4662],[82.4757,28.4716],[82.4813,28.4915],[82.4653,28.5213],[82.4652,28.5213]]]}},{"type":"Feature","properties":{"province":5,"provinceName":"Lumbini","district":"Rolpa","localLevel":"Sunchhahari","type":"rural_municipality"},"geometry":{"type":"Polygon","coordinates":[[[82.8812,28.4762],[82.8703,28.4776],[82.8553,28.443],[82.8365,28.4302],[82.8247,28.4022],[82.8183,28.3972],[82.8139,28.3992],[82.811,28.3922],[82.789,28.4025],[82.7773,28.4154],[82.7684,28.4169],[82.7273,28.4483],[82.7246,28.4493],[82.7229,28.442],[82.7097,28.442],[82.7043,28.4301],[82.7169,28.4099],[82.7091,28.3789],[82.7179,28.3699],[82.7135,28.3578],[82.715,28.3471],[82.7296,28.3294],[82.724,28.3152],[82.7302,28.31],[82.7361,28.2913],[82.7502,28.2842],[82.7635,28.2885],[82.7701,28.3119],[82.797,28.3482],[82.8031,28.3297],[82.823,28.3102],[82.8355,28.3186],[82.8441,28.3186],[82.856,28.3289],[82.8715,28.3208],[82.8863,28.3228],[82.8912,28.3147],[82.9061,28.3108],[82.9222,28.3213],[82.9289,28.3479],[82.9424,28.3615],[82.9573,28.3607],[82.957,28.3718],[82.9499,28.3786],[82.9524,28.3839],[82.9442,28.3937],[82.9457,28.3981],[82.9181,28.4026],[82.9212,28.409],[82.9142,28.4273],[82.9163,28.4341],[82.9026,28.4472],[82.8883,28.4523],[82.8809,28.4753],[82.8812,28.4762]]]}},{"type":"Feature","properties":{"province":5,"provinceName":"Lumbini","district":"Rolpa","localLevel":"Suwarnabati","type":"rural_municipality"},"geometry":{"type":"Polygon","coordinates":[[[82.7606,28.2865],[82.7502,28.2842],[82.7356,28.292],[82.7321,28.3062],[82.724,28.3152],[82.7296,28.3294],[82.715,28.3471],[82.7135,28.3578],[82.7179,28.3699],[82.7105,28.3769],[82.7021,28.367],[82.7066,28.3581],[82.6943,28.3518],[82.6972,28.345],[82.6874,28.3306],[82.6728,28.321],[82.6694,28.3117],[82.6774,28.3055],[82.6778,28.2864],[82.6913,28.2874],[82.6936,28.2825],[82.7083,28.2885],[82.7109,28.2812],[82.7261,28.2829],[82.7264,28.2776],[82.7097,28.2726],[82.7012,28.2762],[82.6878,28.2653],[82.6859,28.2559],[82.6515,28.2523],[82.6336,28.2396],[82.6341,28.2348],[82.64,28.2373],[82.6439,28.234],[82.6299,28.226],[82.624,28.2279],[82.6169,28.2117],[82.6286,28.1967],[82.6259,28.1849],[82.6376,28.1802],[82.6591,28.1904],[82.6842,28.1926],[82.6859,28.1857],[82.6983,28.2035],[82.6981,28.2114],[82.7071,28.2074],[82.7349,28.2073],[82.7371,28.2009],[82.7545,28.1903],[82.76,28.1798],[82.7885,28.1777],[82.795,28.1885],[82.8013,28.1867],[82.7955,28.2014],[82.7976,28.2136],[82.7921,28.22],[82.7945,28.226],[82.7851,28.2347],[82.7765,28.242],[82.7622,28.243],[82.7625,28.2476],[82.7405,28.2434],[82.734,28.2468],[82.7458,28.2725],[82.753,28.2748],[82.7605,28.2862],[82.7606,28.2865]]]}},{"type":"Feature","properties":{"province":5,"provinceName":"Lumbini","district":"Rolpa","localLevel":"Thawang","type":"rural_municipality"},"geometry":{"type":"Polygon","coordinates":[[[82.8712,28.4786],[82.8349,28.4781],[82.7926,28.5005],[82.7546,28.5051],[82.7439,28.5133],[82.7446,28.5247],[82.7373,28.5265],[82.7205,28.522],[82.7052,28.509],[82.6919,28.5119],[82.6964,28.52],[82.689,28.5237],[82.684,28.5196],[82.6883,28.5148],[82.6835,28.5173],[82.6595,28.4928],[82.6425,28.4948],[82.6396,28.4894],[82.6235,28.483],[82.6158,28.4712],[82.6213,28.4612],[82.6345,28.4511],[82.6309,28.446],[82.6525,28.4383],[82.6619,28.4232],[82.6686,28.421],[82.677,28.4272],[82.7043,28.4315],[82.7102,28.4424],[82.7235,28.4423],[82.7248,28.4494],[82.7684,28.4169],[82.7773,28.4154],[82.789,28.4025],[82.811,28.3922],[82.8139,28.3992],[82.8183,28.3972],[82.8247,28.4022],[82.8365,28.4302],[82.8553,28.443],[82.8708,28.4781],[82.8712,28.4786]]]}},{"type":"Feature","properties":{"province":5,"provinceName":"Lumbini","district":"Rolpa","localLevel":"Tribeni","type":"rural_municipality"},"geometry":{"type":"Polygon","coordinates":[[[82.4187,28.3632],[82.4129,28.3663],[82.4117,28.373],[82.385,28.3735],[82.3848,28.3648],[82.378,28.3584],[82.3812,28.3516],[82.3649,28.34],[82.3661,28.33],[82.3692,28.3298],[82.3654,28.3194],[82.378,28.315],[82.3782,28.3045],[82.3852,28.2919],[82.3971,28.2828],[82.4054,28.2621],[82.4152,28.2537],[82.4299,28.2519],[82.4455,28.2385],[82.4623,28.2355],[82.4743,28.2297],[82.4793,28.2214],[82.5076,28.2098],[82.5083,28.223],[82.5159,28.2269],[82.5196,28.2401],[82.5098,28.2545],[82.5305,28.2609],[82.5503,28.2604],[82.5657,28.2673],[82.5726,28.2639],[82.5843,28.2693],[82.5865,28.2783],[82.5829,28.2798],[82.5891,28.2891],[82.5849,28.2953],[82.5679,28.2955],[82.5572,28.3169],[82.541,28.3157],[82.5377,28.3201],[82.5242,28.3225],[82.5363,28.3339],[82.5362,28.3395],[82.5221,28.3423],[82.509,28.3377],[82.493,28.3404],[82.4812,28.3478],[82.4689,28.3435],[82.4308,28.3499],[82.4198,28.3566],[82.4187,28.3632],[82.4187,28.3632]]]}},{"type":"Feature","properties":{"province":6,"provinceName":"Karnali","district":"Rukum West","localLevel":"Aathbiskot","type":"municipality"},"geometry":{"type":"Polygon","coordinates":[[[82.6168,28.9782],[82.5954,28.9808],[82.5767,28.992],[82.5691,28.9875],[82.5539,28.9877],[82.5152,28.9499],[82.518,28.9305],[82.5063,28.9212],[82.5094,28.8948],[82.4987,28.8786],[82.4731,28.8682],[82.464,28.8749],[82.4574,28.8734],[82.4327,28.8513],[82.4022,28.8418],[82.3774,28.8219],[82.3661,28.7957],[82.3595,28.7919],[82.3512,28.7928],[82.3471,28.7863],[82.3377,28.7841],[82.3089,28.7876],[82.2962,28.785],[82.2955,28.777],[82.2853,28.7621],[82.2917,28.7568],[82.2858,28.7489],[82.292,28.7381],[82.285,28.7322],[82.2909,28.7264],[82.2787,28.7033],[82.2817,28.7003],[82.2963,28.7147],[82.3123,28.7084],[82.3283,28.7228],[82.348,28.7165],[82.3553,28.7257],[82.3728,28.7301],[82.3897,28.733],[82.4018,28.7294],[82.4109,28.7466],[82.4268,28.7453],[82.442,28.756],[82.4407,28.7612],[82.4477,28.7711],[82.438,28.7738],[82.4487,28.7799],[82.4752,28.7472],[82.4848,28.7445],[82.5159,28.7476],[82.5552,28.7395],[82.5665,28.7423],[82.569,28.7568],[82.5638,28.7679],[82.5687,28.7675],[82.5889,28.782],[82.5916,28.7902],[82.6216,28.809],[82.6156,28.8265],[82.628,28.8391],[82.6266,28.8467],[82.6387,28.8551],[82.6441,28.8656],[82.6505,28.8691],[82.658,28.8666],[82.6604,28.86],[82.6737,28.8521],[82.6976,28.8646],[82.7003,28.8719],[82.7009,28.8857],[82.6929,28.8882],[82.7022,28.901],[82.7017,28.9084],[82.6884,28.9172],[82.6727,28.9454],[82.669,28.9625],[82.6424,28.9628],[82.6197,28.9763],[82.6168,28.9782]]]}},{"type":"Feature","properties":{"province":6,"provinceName":"Karnali","district":"Rukum West","localLevel":"Banfikot","type":"rural_municipality"},"geometry":{"type":"Polygon","coordinates":[[[82.5679,28.7438],[82.5556,28.7395],[82.5147,28.7477],[82.4792,28.746],[82.4648,28.7562],[82.4632,28.7634],[82.446,28.7791],[82.438,28.7738],[82.4477,28.7711],[82.4407,28.7612],[82.442,28.756],[82.4268,28.7453],[82.4112,28.7468],[82.4057,28.7407],[82.4018,28.7294],[82.4075,28.7244],[82.4015,28.7193],[82.4188,28.6857],[82.4031,28.674],[82.4013,28.6627],[82.4091,28.6638],[82.4208,28.6541],[82.423,28.6423],[82.433,28.6468],[82.4511,28.6709],[82.4864,28.6735],[82.5026,28.6683],[82.508,28.6617],[82.5211,28.6606],[82.5418,28.6466],[82.5626,28.6464],[82.5808,28.6646],[82.6008,28.669],[82.6026,28.6847],[82.6178,28.6897],[82.6143,28.6957],[82.6172,28.7099],[82.6072,28.7155],[82.6033,28.7428],[82.5764,28.7404],[82.5686,28.7444],[82.5679,28.7438]]]}},{"type":"Feature","properties":{"province":6,"provinceName":"Karnali","district":"Rukum West","localLevel":"Chaurjahari","type":"municipality"},"geometry":{"type":"Polygon","coordinates":[[[82.3558,28.6069],[82.3397,28.6076],[82.3372,28.6159],[82.3248,28.6186],[82.3211,28.6331],[82.3141,28.6307],[82.3222,28.6457],[82.2999,28.663],[82.2804,28.6709],[82.2802,28.6765],[82.2727,28.6721],[82.2569,28.6824],[82.2462,28.6811],[82.2355,28.6914],[82.2185,28.6869],[82.2105,28.6757],[82.205,28.6826],[82.1983,28.6823],[82.2007,28.6788],[82.1964,28.6687],[82.2,28.6638],[82.1939,28.639],[82.1884,28.638],[82.1931,28.631],[82.1866,28.623],[82.2039,28.6224],[82.223,28.6071],[82.2392,28.6096],[82.2516,28.6005],[82.2744,28.5928],[82.307,28.5968],[82.3093,28.5928],[82.3419,28.5895],[82.3543,28.5792],[82.3557,28.6066],[82.3558,28.6069]]]}},{"type":"Feature","properties":{"province":6,"provinceName":"Karnali","district":"Rukum West","localLevel":"Sani Bheri","type":"rural_municipality"},"geometry":{"type":"Polygon","coordinates":[[[82.4018,28.7294],[82.3897,28.733],[82.3728,28.7301],[82.3553,28.7257],[82.348,28.7165],[82.3283,28.7228],[82.3123,28.7084],[82.2961,28.7147],[82.2828,28.705],[82.2822,28.6948],[82.2782,28.6919],[82.264,28.7018],[82.2619,28.7078],[82.2493,28.7123],[82.2381,28.707],[82.2325,28.6908],[82.2405,28.69],[82.2462,28.6811],[82.2569,28.6824],[82.2727,28.6721],[82.2802,28.6765],[82.2804,28.6709],[82.2999,28.663],[82.3222,28.6457],[82.3141,28.6307],[82.3211,28.6331],[82.3248,28.6186],[82.3372,28.6159],[82.3419,28.6069],[82.3653,28.6056],[82.3748,28.6308],[82.385,28.6315],[82.3937,28.6469],[82.423,28.6423],[82.4208,28.6541],[82.4091,28.6638],[82.4012,28.6629],[82.4031,28.674],[82.4188,28.6857],[82.4015,28.7193],[82.4075,28.7246],[82.4019,28.7294],[82.4018,28.7294]]]}},{"type":"Feature","properties":{"province":6,"provinceName":"Karnali","district":"Rukum West","localLevel":"Tribeni","type":"rural_municipality"},"geometry":{"type":"Polygon","coordinates":[[[82.3853,28.6131],[82.3726,28.611],[82.3693,28.6141],[82.3653,28.6056],[82.3558,28.6069],[82.3543,28.5792],[82.3769,28.5663],[82.3854,28.5296],[82.3947,28.5265],[82.4034,28.5355],[82.4311,28.5245],[82.4634,28.5209],[82.4949,28.5399],[82.4958,28.5573],[82.479,28.5711],[82.4778,28.5772],[82.4315,28.5762],[82.4367,28.5851],[82.4265,28.5922],[82.4266,28.6013],[82.4142,28.6015],[82.4146,28.6105],[82.3984,28.6122],[82.3919,28.608],[82.3853,28.6124],[82.3853,28.6131]]]}},{"type":"Feature","properties":{"province":6,"provinceName":"Karnali","district":"Salyan","localLevel":"Bagchaur","type":"municipality"},"geometry":{"type":"Polygon","coordinates":[[[82.4201,28.5286],[82.4034,28.5355],[82.3946,28.5265],[82.385,28.53],[82.38,28.5408],[82.3523,28.5326],[82.324,28.5147],[82.3097,28.5252],[82.2971,28.5242],[82.2898,28.5116],[82.2813,28.5132],[82.2578,28.5024],[82.2533,28.4873],[82.2386,28.4814],[82.2405,28.4553],[82.2633,28.4421],[82.263,28.4352],[82.2797,28.4263],[82.2652,28.4163],[82.2695,28.4101],[82.288,28.4035],[82.2971,28.4134],[82.3147,28.4122],[82.3241,28.4161],[82.3153,28.4245],[82.321,28.43],[82.3406,28.4294],[82.3522,28.4237],[82.3711,28.426],[82.3788,28.4309],[82.3758,28.4484],[82.3975,28.4603],[82.3979,28.4683],[82.4075,28.4781],[82.4076,28.4865],[82.4136,28.4925],[82.4094,28.5036],[82.4189,28.5176],[82.4202,28.5284],[82.4201,28.5286]]]}},{"type":"Feature","properties":{"province":6,"provinceName":"Karnali","district":"Salyan","localLevel":"Bangad Kupinde","type":"municipality"},"geometry":{"type":"Polygon","coordinates":[[[82.0699,28.6302],[82.0562,28.6347],[82.0607,28.6414],[82.0583,28.6446],[82.0486,28.642],[82.0459,28.6366],[82.031,28.6407],[82.0236,28.6271],[82.0273,28.6138],[82.006,28.6134],[82.0133,28.5955],[82.0027,28.5871],[82.0046,28.5782],[81.9959,28.5699],[82.0199,28.5431],[82.0202,28.5276],[82.0294,28.5174],[82.0224,28.5115],[82.0271,28.499],[82.0109,28.4785],[82.0122,28.4679],[81.9927,28.4618],[81.9856,28.4549],[81.988,28.4468],[81.9633,28.4489],[81.9679,28.4449],[81.9622,28.4315],[81.9637,28.4248],[81.9738,28.4157],[81.9759,28.4044],[81.9917,28.3952],[81.9786,28.3863],[81.9774,28.3751],[81.988,28.3535],[82.0066,28.3408],[82.0267,28.3414],[82.0309,28.3528],[82.0437,28.3523],[82.0608,28.3603],[82.064,28.3654],[82.0586,28.3738],[82.0685,28.3803],[82.0642,28.386],[82.09,28.411],[82.1029,28.4031],[82.117,28.4091],[82.1163,28.4122],[82.1323,28.4083],[82.1238,28.4215],[82.1369,28.4247],[82.1244,28.4386],[82.1329,28.4461],[82.1132,28.4458],[82.1033,28.4532],[82.117,28.4709],[82.1122,28.4822],[82.1165,28.4972],[82.1321,28.5057],[82.1313,28.5113],[82.1419,28.5279],[82.1466,28.5275],[82.1459,28.5451],[82.1263,28.5511],[82.1275,28.5646],[82.1221,28.5712],[82.1144,28.5721],[82.1163,28.5847],[82.1106,28.5933],[82.114,28.5954],[82.107,28.603],[82.1118,28.6195],[82.0842,28.6181],[82.0703,28.6303],[82.0699,28.6302]]]}},{"type":"Feature","properties":{"province":6,"provinceName":"Karnali","district":"Salyan","localLevel":"Chhatreshwori","type":"rural_municipality"},"geometry":{"type":"Polygon","coordinates":[[[82.3531,28.4238],[82.3406,28.4294],[82.321,28.43],[82.3153,28.4245],[82.3241,28.4161],[82.3147,28.4122],[82.2971,28.4134],[82.288,28.4035],[82.2774,28.4083],[82.2708,28.3876],[82.2352,28.3607],[82.241,28.3483],[82.2328,28.3342],[82.2189,28.3507],[82.2135,28.3436],[82.1895,28.3384],[82.1932,28.3324],[82.1833,28.3187],[82.1929,28.3148],[82.1991,28.305],[82.1915,28.2953],[82.2062,28.2868],[82.2139,28.291],[82.2416,28.286],[82.2579,28.2942],[82.255,28.302],[82.2446,28.3079],[82.2534,28.3268],[82.2636,28.3228],[82.266,28.3167],[82.2785,28.3144],[82.2998,28.3232],[82.3123,28.3354],[82.3259,28.3351],[82.337,28.3139],[82.3447,28.3059],[82.3488,28.3082],[82.3528,28.3131],[82.3446,28.3183],[82.3454,28.3227],[82.35,28.3277],[82.3662,28.3297],[82.3651,28.3407],[82.3812,28.3516],[82.378,28.3584],[82.3854,28.3708],[82.3655,28.3882],[82.3675,28.403],[82.3551,28.4103],[82.3531,28.4235],[82.3531,28.4238]]]}},{"type":"Feature","properties":{"province":6,"provinceName":"Karnali","district":"Salyan","localLevel":"Darma","type":"rural_municipality"},"geometry":{"type":"Polygon","coordinates":[[[82.3543,28.5792],[82.3417,28.5895],[82.3093,28.5928],[82.3014,28.5975],[82.2943,28.5932],[82.28,28.5958],[82.283,28.5909],[82.2704,28.5753],[82.2725,28.5658],[82.2632,28.5591],[82.2577,28.547],[82.2564,28.536],[82.2623,28.5177],[82.2578,28.5024],[82.2813,28.5132],[82.2898,28.5116],[82.2971,28.5242],[82.3097,28.5252],[82.324,28.5147],[82.3523,28.5326],[82.3616,28.5326],[82.3818,28.5422],[82.384,28.5463],[82.3779,28.5518],[82.3769,28.5663],[82.3543,28.5792],[82.3543,28.5792]]]}},{"type":"Feature","properties":{"province":6,"provinceName":"Karnali","district":"Salyan","localLevel":"Siddha Kumakha","type":"rural_municipality"},"geometry":{"type":"Polygon","coordinates":[[[82.2386,28.4814],[82.2134,28.4831],[82.1992,28.489],[82.1889,28.4835],[82.1837,28.4944],[82.1602,28.5116],[82.1545,28.5224],[82.1426,28.5283],[82.1313,28.5113],[82.1321,28.5057],[82.1154,28.4949],[82.1122,28.4822],[82.117,28.4709],[82.1037,28.4498],[82.1137,28.4457],[82.1391,28.4462],[82.1489,28.4508],[82.142,28.4599],[82.1507,28.4619],[82.1556,28.4543],[82.1805,28.444],[82.188,28.4293],[82.196,28.4344],[82.2103,28.4334],[82.214,28.4221],[82.2438,28.4304],[82.2607,28.4176],[82.2797,28.4263],[82.263,28.4352],[82.2633,28.4421],[82.2405,28.4553],[82.2418,28.4657],[82.2365,28.4739],[82.239,28.4805],[82.2386,28.4814]]]}},{"type":"Feature","properties":{"province":6,"provinceName":"Karnali","district":"Salyan","localLevel":"Kalimati","type":"rural_municipality"},"geometry":{"type":"Polygon","coordinates":[[[81.8109,28.3897],[81.7823,28.3907],[81.7703,28.3842],[81.7711,28.3744],[81.7534,28.3436],[81.7469,28.3131],[81.7556,28.3073],[81.763,28.3091],[81.7752,28.2974],[81.789,28.2946],[81.7954,28.2737],[81.8103,28.2829],[81.8454,28.2719],[81.8665,28.2497],[81.8627,28.2386],[81.8786,28.239],[81.8847,28.2434],[81.8983,28.2332],[81.9234,28.2268],[81.9285,28.2093],[81.9379,28.2075],[81.9403,28.2016],[81.9538,28.194],[81.9645,28.1943],[81.9671,28.1844],[81.9797,28.1827],[82.0094,28.1509],[82.0139,28.1541],[82.02,28.1817],[82.0311,28.1876],[82.0249,28.2011],[82.0328,28.214],[82.0387,28.2149],[82.044,28.2301],[82.054,28.2409],[82.0704,28.2369],[82.0831,28.2485],[82.0935,28.2492],[82.1026,28.2589],[82.1195,28.2514],[82.1305,28.2535],[82.1525,28.2791],[82.1445,28.3038],[82.1526,28.3133],[82.1507,28.3208],[82.1462,28.3168],[82.1348,28.3174],[82.1352,28.326],[82.1155,28.334],[82.1163,28.3446],[82.1032,28.3415],[82.0979,28.3345],[82.087,28.3391],[82.0554,28.3367],[82.0515,28.3468],[82.034,28.3536],[82.0283,28.342],[82.0066,28.3408],[81.9935,28.3474],[81.9832,28.363],[81.9707,28.3518],[81.9622,28.3528],[81.9388,28.3372],[81.9326,28.3378],[81.904,28.3549],[81.8936,28.3553],[81.8867,28.361],[81.868,28.3644],[81.8569,28.3729],[81.8443,28.3745],[81.8398,28.3809],[81.8213,28.3806],[81.812,28.3896],[81.8109,28.3897]]]}},{"type":"Feature","properties":{"province":6,"provinceName":"Karnali","district":"Salyan","localLevel":"Kapurkot","type":"rural_municipality"},"geometry":{"type":"Polygon","coordinates":[[[82.4392,28.2465],[82.4152,28.2537],[82.4054,28.2621],[82.3971,28.2828],[82.3855,28.2915],[82.3782,28.3045],[82.378,28.315],[82.3654,28.3194],[82.3686,28.33],[82.3484,28.3269],[82.3446,28.3185],[82.3528,28.3129],[82.345,28.3058],[82.3374,28.3179],[82.332,28.3106],[82.321,28.3075],[82.3289,28.2892],[82.3228,28.282],[82.3105,28.2834],[82.304,28.2753],[82.3011,28.2774],[82.289,28.2631],[82.286,28.2469],[82.3027,28.2455],[82.3041,28.2325],[82.312,28.2315],[82.3145,28.2232],[82.3394,28.2234],[82.369,28.1897],[82.38,28.1844],[82.3947,28.1891],[82.3987,28.1688],[82.4054,28.1849],[82.4025,28.1923],[82.4087,28.2205],[82.4208,28.2296],[82.4295,28.2299],[82.4288,28.2389],[82.439,28.2465],[82.4392,28.2465]]]}},{"type":"Feature","properties":{"province":6,"provinceName":"Karnali","district":"Salyan","localLevel":"Kumakha","type":"rural_municipality"},"geometry":{"type":"Polygon","coordinates":[[[82.1866,28.623],[82.169,28.6112],[82.1446,28.6158],[82.1465,28.6243],[82.1426,28.6262],[82.1118,28.6195],[82.107,28.603],[82.114,28.5954],[82.1106,28.5933],[82.1163,28.5847],[82.1144,28.5721],[82.1221,28.5712],[82.1275,28.5646],[82.1263,28.5511],[82.1459,28.5451],[82.146,28.5261],[82.1837,28.4944],[82.1889,28.4835],[82.1992,28.489],[82.2134,28.4831],[82.2457,28.4818],[82.2538,28.488],[82.2622,28.5173],[82.2564,28.536],[82.2577,28.547],[82.2632,28.5591],[82.2725,28.5658],[82.2725,28.5807],[82.283,28.5909],[82.28,28.5958],[82.2745,28.5928],[82.2516,28.6004],[82.2392,28.6096],[82.223,28.6071],[82.2039,28.6224],[82.1868,28.6229],[82.1866,28.623]]]}},{"type":"Feature","properties":{"province":6,"provinceName":"Karnali","district":"Salyan","localLevel":"Sharada","type":"municipality"},"geometry":{"type":"Polygon","coordinates":[[[82.2644,28.4188],[82.2535,28.4207],[82.2503,28.4279],[82.2438,28.4304],[82.214,28.4221],[82.2103,28.4334],[82.196,28.4344],[82.188,28.4293],[82.1805,28.444],[82.1556,28.4543],[82.1507,28.4619],[82.1436,28.4612],[82.1488,28.4506],[82.1329,28.4461],[82.1243,28.4388],[82.1372,28.4281],[82.1353,28.4235],[82.1238,28.4215],[82.1329,28.4086],[82.1163,28.4122],[82.117,28.4091],[82.1029,28.4031],[82.09,28.411],[82.0642,28.386],[82.0685,28.3803],[82.0586,28.3738],[82.064,28.3654],[82.0614,28.3608],[82.0437,28.3523],[82.0538,28.3444],[82.0554,28.3367],[82.087,28.3391],[82.0979,28.3345],[82.1032,28.3415],[82.1163,28.3446],[82.1155,28.334],[82.1352,28.326],[82.1371,28.316],[82.1462,28.3168],[82.1493,28.3214],[82.1528,28.3142],[82.1608,28.3204],[82.1833,28.3187],[82.1932,28.3324],[82.1895,28.3384],[82.2135,28.3436],[82.2189,28.3507],[82.2303,28.3339],[82.239,28.3406],[82.2411,28.349],[82.2353,28.3609],[82.2398,28.3607],[82.24,28.3649],[82.2715,28.3887],[82.2778,28.4085],[82.2695,28.4101],[82.2646,28.4182],[82.2644,28.4188]]]}},{"type":"Feature","properties":{"province":6,"provinceName":"Karnali","district":"Salyan","localLevel":"Tribeni","type":"rural_municipality"},"geometry":{"type":"Polygon","coordinates":[[[82.3374,28.3179],[82.3307,28.3223],[82.3256,28.3352],[82.3101,28.3347],[82.2998,28.3232],[82.2785,28.3144],[82.266,28.3167],[82.2636,28.3228],[82.2537,28.327],[82.2446,28.3079],[82.255,28.302],[82.2579,28.2942],[82.2394,28.2855],[82.2144,28.2909],[82.2077,28.2868],[82.1961,28.2899],[82.1918,28.2984],[82.1991,28.305],[82.1929,28.3148],[82.1604,28.3203],[82.1447,28.3046],[82.1525,28.2791],[82.1305,28.2535],[82.1457,28.237],[82.1627,28.2416],[82.1713,28.2514],[82.2005,28.2428],[82.2197,28.2495],[82.2459,28.2378],[82.2773,28.2483],[82.286,28.2469],[82.289,28.2631],[82.3011,28.2774],[82.304,28.2753],[82.3105,28.2834],[82.3228,28.282],[82.3289,28.2892],[82.3209,28.3073],[82.332,28.3106],[82.3371,28.3178],[82.3374,28.3179]]]}},{"type":"Feature","properties":{"province":5,"provinceName":"Lumbini","district":"Dang","localLevel":"Babai","type":"rural_municipality"},"geometry":{"type":"Polygon","coordinates":[[[82.1305,28.2535],[82.1195,28.2514],[82.1026,28.2589],[82.0935,28.2492],[82.0831,28.2485],[82.0704,28.2369],[82.0555,28.2418],[82.044,28.2301],[82.0387,28.2149],[82.0316,28.2126],[82.0248,28.2006],[82.0311,28.1876],[82.02,28.1817],[82.0139,28.1541],[82.0094,28.1509],[82.0204,28.132],[82.0183,28.116],[82.0228,28.0992],[82.0456,28.0952],[82.0871,28.0769],[82.0901,28.0934],[82.0978,28.0977],[82.1017,28.1097],[82.1322,28.1334],[82.1386,28.1433],[82.1475,28.1423],[82.1649,28.1502],[82.1531,28.1625],[82.1566,28.1779],[82.1523,28.1973],[82.1584,28.2206],[82.1714,28.2348],[82.172,28.2514],[82.1627,28.2416],[82.1457,28.237],[82.131,28.2532],[82.1305,28.2535]]]}},{"type":"Feature","properties":{"province":5,"provinceName":"Lumbini","district":"Dang","localLevel":"Banglachuli","type":"rural_municipality"},"geometry":{"type":"Polygon","coordinates":[[[82.6856,28.0521],[82.6417,28.0688],[82.6272,28.0697],[82.6125,28.0915],[82.602,28.0937],[82.5908,28.0878],[82.5722,28.0659],[82.5234,28.0568],[82.5355,28.0474],[82.5408,28.0483],[82.5472,28.0372],[82.5748,28.0323],[82.5847,28.036],[82.594,28.034],[82.6061,28.0116],[82.624,28.0071],[82.6133,28.0002],[82.5991,27.9762],[82.6143,27.9567],[82.5979,27.9401],[82.5989,27.9328],[82.5884,27.9255],[82.6233,27.9173],[82.6579,27.9177],[82.6781,27.9142],[82.6831,27.9097],[82.6916,27.914],[82.6994,27.9123],[82.7025,27.918],[82.7125,27.9202],[82.7337,27.9116],[82.7378,27.9134],[82.7407,27.909],[82.7551,27.9062],[82.757,27.91],[82.7603,27.9043],[82.7678,27.9067],[82.7763,27.8954],[82.7713,27.9213],[82.7776,27.9257],[82.7664,27.9411],[82.7534,27.9436],[82.7681,27.9626],[82.768,27.9679],[82.7615,27.9693],[82.7646,27.9767],[82.7484,27.9745],[82.7433,27.99],[82.7234,28.0019],[82.7073,28.0058],[82.6983,28.0139],[82.6992,28.0294],[82.7206,28.0471],[82.7065,28.0531],[82.6861,28.0518],[82.6856,28.0521]]]}},{"type":"Feature","properties":{"province":5,"provinceName":"Lumbini","district":"Dang","localLevel":"Dangisharan","type":"rural_municipality"},"geometry":{"type":"Polygon","coordinates":[[[82.2149,28.1259],[82.2033,28.1376],[82.2031,28.1505],[82.1941,28.1583],[82.1844,28.1466],[82.1828,28.135],[82.1756,28.1295],[82.1764,28.1116],[82.1692,28.112],[82.1606,28.1041],[82.1469,28.1095],[82.1387,28.1073],[82.1167,28.121],[82.1017,28.1097],[82.0978,28.0977],[82.0902,28.0935],[82.0902,28.0793],[82.1578,28.0479],[82.1748,28.0466],[82.183,28.0348],[82.2116,28.0214],[82.219,28.0135],[82.2292,28.0204],[82.2308,28.0289],[82.2176,28.0399],[82.2358,28.0482],[82.2139,28.0673],[82.2039,28.0688],[82.2327,28.0959],[82.2515,28.1046],[82.2557,28.1216],[82.2363,28.1176],[82.2101,28.121],[82.2144,28.1257],[82.2149,28.1259]]]}},{"type":"Feature","properties":{"province":5,"provinceName":"Lumbini","district":"Dang","localLevel":"Gadhawa","type":"rural_municipality"},"geometry":{"type":"Polygon","coordinates":[[[82.6023,27.8336],[82.5774,27.834],[82.5706,27.8385],[82.5625,27.8338],[82.5536,27.8396],[82.5324,27.8336],[82.5288,27.8407],[82.5153,27.8392],[82.505,27.8436],[82.4833,27.8363],[82.4887,27.8048],[82.4981,27.7916],[82.4915,27.7651],[82.4999,27.754],[82.4853,27.7421],[82.4898,27.7323],[82.4871,27.7208],[82.4831,27.716],[82.4718,27.7172],[82.4673,27.6769],[82.5182,27.6903],[82.5431,27.6856],[82.5869,27.6984],[82.5956,27.6968],[82.607,27.7058],[82.6208,27.7021],[82.6298,27.7113],[82.6405,27.7089],[82.6572,27.7131],[82.6662,27.7219],[82.6736,27.7141],[82.6907,27.7148],[82.7012,27.7218],[82.7071,27.7164],[82.7082,27.7354],[82.6981,27.7565],[82.7249,27.7583],[82.7371,27.7759],[82.7838,27.7773],[82.7854,27.7692],[82.8042,27.7757],[82.8071,27.7803],[82.8073,27.7934],[82.8002,27.7945],[82.7968,27.8056],[82.7893,27.8036],[82.789,27.7944],[82.7713,27.8102],[82.7601,27.8119],[82.7578,27.8192],[82.7495,27.8233],[82.7286,27.8211],[82.7046,27.8267],[82.6406,27.8182],[82.611,27.8205],[82.6114,27.8267],[82.6025,27.8335],[82.6023,27.8336]]]}},{"type":"Feature","properties":{"province":5,"provinceName":"Lumbini","district":"Dang","localLevel":"Ghorahi","type":"sub_metropolitan_city"},"geometry":{"type":"Polygon","coordinates":[[[82.599,28.0931],[82.5969,28.1013],[82.5691,28.1153],[82.5609,28.1307],[82.5638,28.1335],[82.5591,28.1361],[82.541,28.1317],[82.518,28.1391],[82.5212,28.1472],[82.5059,28.1498],[82.4974,28.1349],[82.4865,28.1304],[82.4812,28.1442],[82.4714,28.1403],[82.4327,28.1539],[82.4263,28.1439],[82.4304,28.1347],[82.4256,28.1275],[82.3976,28.125],[82.3891,28.1135],[82.389,28.0835],[82.3934,28.0749],[82.3768,28.066],[82.3663,28.0694],[82.3386,28.0535],[82.3369,28.0482],[82.3428,28.0449],[82.3354,28.0239],[82.3497,28.0235],[82.3568,28.0185],[82.3547,28.0115],[82.3481,28.0092],[82.3518,28.0038],[82.3418,28],[82.358,27.9931],[82.3479,27.9733],[82.3354,27.965],[82.3528,27.9541],[82.361,27.955],[82.3843,27.9446],[82.3972,27.9344],[82.45,27.9269],[82.4583,27.9227],[82.4597,27.9146],[82.4716,27.9153],[82.4875,27.905],[82.4937,27.9063],[82.4967,27.9151],[82.5051,27.9215],[82.5236,27.9179],[82.5193,27.9132],[82.5248,27.908],[82.5308,27.9141],[82.5464,27.9137],[82.5571,27.8992],[82.5702,27.8986],[82.5603,27.9111],[82.5609,27.9222],[82.568,27.9285],[82.5877,27.9252],[82.5989,27.9328],[82.5979,27.9401],[82.6143,27.9569],[82.5992,27.9764],[82.6133,28.0002],[82.6241,28.0069],[82.6061,28.0116],[82.594,28.034],[82.5847,28.036],[82.5748,28.0323],[82.5472,28.0372],[82.5408,28.0483],[82.5355,28.0474],[82.5234,28.0568],[82.5722,28.0659],[82.5981,28.0932],[82.599,28.0931]]]}},{"type":"Feature","properties":{"province":5,"provinceName":"Lumbini","district":"Dang","localLevel":"Lamahi","type":"municipality"},"geometry":{"type":"Polygon","coordinates":[[[82.219,28.0135],[82.2116,28.0214],[82.1947,28.0279],[82.189,27.988],[82.2001,27.9697],[82.2099,27.9655],[82.2122,27.9564],[82.2327,27.9439],[82.2326,27.9326],[82.2471,27.9222],[82.2623,27.9369],[82.2674,27.9254],[82.3063,27.9127],[82.325,27.8955],[82.3428,27.8964],[82.3688,27.8857],[82.3883,27.8894],[82.3936,27.887],[82.3947,27.873],[82.4126,27.8733],[82.4269,27.8617],[82.4371,27.8677],[82.4517,27.8608],[82.4646,27.8618],[82.4859,27.8353],[82.505,27.8436],[82.5153,27.8392],[82.5288,27.8407],[82.5324,27.8336],[82.5536,27.8396],[82.5607,27.8341],[82.5714,27.8384],[82.5855,27.8329],[82.6076,27.8338],[82.6178,27.8387],[82.6136,27.8422],[82.6196,27.8485],[82.6132,27.8495],[82.6262,27.8686],[82.6301,27.9188],[82.568,27.9285],[82.5609,27.9222],[82.5602,27.9113],[82.5705,27.899],[82.5634,27.8966],[82.5543,27.9015],[82.5479,27.913],[82.5308,27.9141],[82.5248,27.908],[82.5193,27.9132],[82.5236,27.9179],[82.506,27.9214],[82.5,27.9195],[82.4937,27.9063],[82.4875,27.905],[82.4716,27.9153],[82.46,27.9144],[82.4583,27.9227],[82.4496,27.9271],[82.4325,27.9266],[82.3972,27.9344],[82.3642,27.9537],[82.3528,27.9541],[82.3443,27.9626],[82.3122,27.97],[82.3026,27.9818],[82.2892,27.9837],[82.278,27.9957],[82.2557,27.9972],[82.2488,28.0041],[82.2192,28.0135],[82.219,28.0135]]]}},{"type":"Feature","properties":{"province":5,"provinceName":"Lumbini","district":"Dang","localLevel":"Rajpur","type":"rural_municipality"},"geometry":{"type":"Polygon","coordinates":[[[82.4833,27.8363],[82.4646,27.8618],[82.4517,27.8608],[82.4371,27.8677],[82.4269,27.8617],[82.4126,27.8733],[82.3947,27.873],[82.3936,27.887],[82.3883,27.8894],[82.3688,27.8857],[82.3428,27.8964],[82.325,27.8955],[82.3063,27.9127],[82.2674,27.9254],[82.2623,27.9369],[82.2471,27.9222],[82.2324,27.9328],[82.2327,27.9439],[82.2125,27.9561],[82.2099,27.9655],[82.1945,27.976],[82.194,27.953],[82.1786,27.9516],[82.1549,27.9611],[82.1434,27.9586],[82.1354,27.9621],[82.1214,27.9486],[82.1158,27.9527],[82.1019,27.9489],[82.0969,27.9552],[82.0899,27.9498],[82.0716,27.9525],[82.0657,27.9408],[82.07,27.9367],[82.0692,27.9221],[82.0729,27.9225],[82.0933,27.8945],[82.1161,27.8774],[82.1252,27.8649],[82.1519,27.8578],[82.1559,27.8661],[82.2102,27.843],[82.2324,27.8206],[82.2547,27.81],[82.3058,27.7725],[82.3691,27.7425],[82.3843,27.7202],[82.4036,27.7027],[82.4507,27.6785],[82.4673,27.6769],[82.4718,27.7172],[82.4831,27.716],[82.4871,27.7208],[82.4898,27.7323],[82.4853,27.7421],[82.4999,27.754],[82.4915,27.7651],[82.4981,27.7916],[82.4887,27.8048],[82.4878,27.8265],[82.483,27.835],[82.4833,27.8363]]]}},{"type":"Feature","properties":{"province":5,"provinceName":"Lumbini","district":"Dang","localLevel":"Rapti","type":"rural_municipality"},"geometry":{"type":"Polygon","coordinates":[[[82.7763,27.8954],[82.7678,27.9067],[82.7603,27.9043],[82.757,27.91],[82.7551,27.9062],[82.7407,27.909],[82.7378,27.9134],[82.7337,27.9116],[82.7125,27.9202],[82.6867,27.9098],[82.6579,27.9177],[82.6318,27.9169],[82.6262,27.8686],[82.6132,27.8495],[82.6196,27.8485],[82.6136,27.8422],[82.6178,27.8387],[82.6023,27.8336],[82.6114,27.8267],[82.611,27.8205],[82.6406,27.8182],[82.7046,27.8267],[82.7286,27.8211],[82.7504,27.8229],[82.7578,27.8352],[82.7827,27.8425],[82.794,27.8559],[82.8096,27.8576],[82.794,27.8645],[82.811,27.8679],[82.812,27.8711],[82.8059,27.8727],[82.807,27.8778],[82.7933,27.8806],[82.7928,27.8909],[82.7844,27.8914],[82.782,27.8971],[82.7761,27.8945],[82.7763,27.8954]]]}},{"type":"Feature","properties":{"province":5,"provinceName":"Lumbini","district":"Dang","localLevel":"Shantinagar","type":"rural_municipality"},"geometry":{"type":"Polygon","coordinates":[[[82.2459,28.2378],[82.2197,28.2495],[82.2005,28.2428],[82.172,28.2514],[82.1714,28.2348],[82.1584,28.2206],[82.1523,28.1973],[82.1566,28.1779],[82.1531,28.1625],[82.1649,28.1502],[82.1475,28.1423],[82.1384,28.1431],[82.1168,28.1212],[82.1192,28.1174],[82.1387,28.1073],[82.1469,28.1095],[82.1606,28.1041],[82.1692,28.112],[82.1762,28.1115],[82.1756,28.1295],[82.1828,28.135],[82.1844,28.1466],[82.1941,28.1583],[82.2034,28.1499],[82.2033,28.1376],[82.2149,28.1259],[82.2219,28.1268],[82.2271,28.1471],[82.24,28.1595],[82.239,28.169],[82.2456,28.1768],[82.2449,28.1903],[82.2508,28.2],[82.2494,28.2093],[82.2553,28.215],[82.2497,28.2174],[82.2459,28.2377],[82.2459,28.2378]]]}},{"type":"Feature","properties":{"province":5,"provinceName":"Lumbini","district":"Dang","localLevel":"Tulsipur","type":"sub_metropolitan_city"},"geometry":{"type":"Polygon","coordinates":[[[82.286,28.2469],[82.2773,28.2483],[82.2459,28.2378],[82.2497,28.2174],[82.2553,28.215],[82.2494,28.2093],[82.2457,28.1771],[82.239,28.169],[82.2383,28.1563],[82.2268,28.1466],[82.224,28.1294],[82.2097,28.1212],[82.2373,28.1175],[82.2557,28.1216],[82.253,28.1069],[82.2323,28.0956],[82.2039,28.0687],[82.2139,28.0673],[82.2358,28.0482],[82.2176,28.0399],[82.2308,28.0289],[82.2292,28.0204],[82.219,28.0135],[82.2488,28.0041],[82.2557,27.9972],[82.278,27.9957],[82.2892,27.9837],[82.3026,27.9818],[82.312,27.9701],[82.3317,27.964],[82.3477,27.9731],[82.3511,27.9857],[82.358,27.9929],[82.3418,28],[82.3518,28.0038],[82.3481,28.0092],[82.3547,28.0115],[82.3568,28.0185],[82.3497,28.0235],[82.3354,28.0239],[82.3428,28.0449],[82.3369,28.0482],[82.3386,28.0535],[82.3663,28.0694],[82.3768,28.066],[82.3934,28.0749],[82.389,28.0835],[82.3891,28.1135],[82.3976,28.125],[82.4256,28.1275],[82.4304,28.1347],[82.4263,28.1439],[82.4327,28.1539],[82.3984,28.169],[82.3956,28.1743],[82.3987,28.1826],[82.3947,28.1891],[82.38,28.1844],[82.369,28.1897],[82.3568,28.2054],[82.349,28.2085],[82.3479,28.2162],[82.3415,28.222],[82.3145,28.2232],[82.312,28.2315],[82.3041,28.2325],[82.3027,28.2455],[82.2864,28.2468],[82.286,28.2469]]]}},{"type":"Feature","properties":{"province":5,"provinceName":"Lumbini","district":"Banke","localLevel":"Baijanath","type":"rural_municipality"},"geometry":{"type":"Polygon","coordinates":[[[81.7384,28.315],[81.7195,28.3196],[81.7039,28.3344],[81.6754,28.3375],[81.6778,28.3326],[81.6867,28.3322],[81.6864,28.3258],[81.6932,28.3274],[81.6863,28.3243],[81.6806,28.3138],[81.6823,28.3236],[81.6786,28.3222],[81.6639,28.2872],[81.6552,28.2937],[81.6425,28.2795],[81.6483,28.277],[81.649,28.2661],[81.6249,28.2548],[81.6226,28.249],[81.6143,28.2487],[81.6083,28.2358],[81.5986,28.2343],[81.5959,28.2381],[81.5918,28.235],[81.5912,28.2402],[81.5845,28.2337],[81.5847,28.2279],[81.5774,28.2281],[81.5803,28.2235],[81.5741,28.2175],[81.5658,28.2135],[81.5639,28.2176],[81.5634,28.2072],[81.5425,28.2036],[81.5306,28.1956],[81.531,28.1826],[81.52,28.1788],[81.5257,28.1738],[81.5206,28.1717],[81.5244,28.1684],[81.5218,28.1648],[81.5311,28.1573],[81.5422,28.1676],[81.5582,28.166],[81.5588,28.1758],[81.5874,28.1903],[81.5987,28.185],[81.6026,28.1775],[81.599,28.1719],[81.6083,28.1674],[81.5964,28.1525],[81.6007,28.1454],[81.6049,28.1453],[81.6115,28.1562],[81.626,28.1562],[81.6289,28.1786],[81.6384,28.2],[81.6351,28.2082],[81.6478,28.2087],[81.6512,28.2137],[81.6668,28.2113],[81.6765,28.2195],[81.6772,28.2294],[81.6812,28.2261],[81.7043,28.2374],[81.7143,28.2762],[81.7253,28.2887],[81.7258,28.3004],[81.7366,28.3078],[81.7381,28.3149],[81.7384,28.315]]]}},{"type":"Feature","properties":{"province":5,"provinceName":"Lumbini","district":"Banke","localLevel":"Duduwa","type":"rural_municipality"},"geometry":{"type":"Polygon","coordinates":[[[81.7541,27.9694],[81.7579,27.9817],[81.7519,27.9971],[81.7286,27.9921],[81.7216,27.997],[81.7226,28.0061],[81.7392,28.018],[81.74,28.03],[81.7357,28.037],[81.7397,28.0465],[81.7187,28.0617],[81.7188,28.073],[81.7367,28.0953],[81.7298,28.0924],[81.7283,28.1003],[81.7216,28.1024],[81.7143,28.1273],[81.7095,28.1217],[81.6957,28.1181],[81.6863,28.107],[81.6909,28.0917],[81.6834,28.0864],[81.6912,28.0812],[81.685,28.0819],[81.6855,28.0766],[81.6753,28.0741],[81.6838,28.065],[81.6782,28.0504],[81.6889,28.04],[81.6795,28.0279],[81.6803,28.02],[81.6902,28.0173],[81.6869,28.0073],[81.6725,27.9967],[81.6625,28.0207],[81.6494,28.0294],[81.6286,28.0016],[81.6453,27.9937],[81.7002,27.9881],[81.7589,27.9416],[81.7666,27.9557],[81.7531,27.9617],[81.7541,27.9694],[81.7541,27.9694]]]}},{"type":"Feature","properties":{"province":5,"provinceName":"Lumbini","district":"Banke","localLevel":"Janki","type":"rural_municipality"},"geometry":{"type":"Polygon","coordinates":[[[81.6742,28.1308],[81.6651,28.1328],[81.6595,28.1393],[81.6619,28.1477],[81.5994,28.1263],[81.5838,28.1038],[81.5791,28.1037],[81.5791,28.0947],[81.5588,28.093],[81.5697,28.0855],[81.5683,28.0796],[81.5743,28.077],[81.5722,28.0722],[81.567,28.0698],[81.5598,28.0778],[81.5527,28.0761],[81.5489,28.0723],[81.562,28.0665],[81.5564,28.0614],[81.5413,28.0629],[81.5395,28.0534],[81.5889,28.0245],[81.5914,28.0323],[81.5871,28.0441],[81.5967,28.0551],[81.5898,28.0671],[81.5918,28.072],[81.6106,28.0638],[81.6194,28.065],[81.6243,28.0816],[81.6299,28.0797],[81.6335,28.0911],[81.6474,28.0951],[81.6459,28.1015],[81.6365,28.103],[81.6349,28.1112],[81.6426,28.1115],[81.6446,28.1186],[81.6591,28.1112],[81.6687,28.1159],[81.671,28.1197],[81.6672,28.1271],[81.6742,28.1304],[81.6742,28.1308]]]}},{"type":"Feature","properties":{"province":5,"provinceName":"Lumbini","district":"Banke","localLevel":"Khajura","type":"rural_municipality"},"geometry":{"type":"Polygon","coordinates":[[[81.626,28.1562],[81.6115,28.1562],[81.6049,28.1453],[81.6007,28.1454],[81.5964,28.1525],[81.6083,28.1674],[81.599,28.1719],[81.6026,28.1775],[81.5987,28.185],[81.5874,28.1903],[81.5588,28.1758],[81.5582,28.166],[81.5422,28.1676],[81.5311,28.1573],[81.5279,28.1631],[81.5207,28.1644],[81.5188,28.161],[81.5239,28.1609],[81.5239,28.1568],[81.5168,28.156],[81.514,28.1486],[81.5081,28.1521],[81.5007,28.1453],[81.5062,28.1279],[81.5004,28.1269],[81.5075,28.1227],[81.503,28.1174],[81.5126,28.1086],[81.5049,28.105],[81.5136,28.0961],[81.5121,28.0911],[81.5266,28.0836],[81.5153,28.074],[81.5058,28.0757],[81.5067,28.0688],[81.5395,28.0534],[81.5413,28.0629],[81.5564,28.0614],[81.562,28.0665],[81.5489,28.0723],[81.5527,28.0761],[81.5598,28.0778],[81.5645,28.0703],[81.5718,28.0718],[81.5743,28.077],[81.5683,28.0796],[81.5697,28.0855],[81.5588,28.093],[81.5759,28.0921],[81.5791,28.1037],[81.5838,28.1038],[81.5994,28.1263],[81.6385,28.1386],[81.6436,28.1592],[81.6373,28.1612],[81.6265,28.1528],[81.626,28.156],[81.626,28.1562]]]}},{"type":"Feature","properties":{"province":5,"provinceName":"Lumbini","district":"Banke","localLevel":"Kohalpur","type":"municipality"},"geometry":{"type":"Polygon","coordinates":[[[81.7469,28.3131],[81.7381,28.3149],[81.7366,28.3078],[81.7258,28.3004],[81.7253,28.2887],[81.7143,28.2762],[81.7043,28.2374],[81.6812,28.2261],[81.6772,28.2294],[81.6765,28.2195],[81.6668,28.2113],[81.6512,28.2137],[81.6478,28.2087],[81.6351,28.2082],[81.6384,28.2],[81.6289,28.1786],[81.6262,28.1529],[81.632,28.159],[81.6422,28.1603],[81.6435,28.1431],[81.6619,28.1477],[81.6595,28.1394],[81.6659,28.1323],[81.6884,28.1336],[81.6962,28.1281],[81.6943,28.1233],[81.7095,28.1217],[81.7226,28.1341],[81.7428,28.1865],[81.7546,28.1939],[81.7621,28.2068],[81.7669,28.2057],[81.7867,28.2171],[81.7886,28.2363],[81.7979,28.2502],[81.8153,28.2591],[81.8307,28.2754],[81.8092,28.2829],[81.7999,28.2735],[81.7951,28.2739],[81.789,28.2946],[81.7752,28.2974],[81.763,28.3091],[81.7556,28.3073],[81.7471,28.3131],[81.7469,28.3131]]]}},{"type":"Feature","properties":{"province":5,"provinceName":"Lumbini","district":"Banke","localLevel":"Narainapur","type":"rural_municipality"},"geometry":{"type":"Polygon","coordinates":[[[81.9636,27.923],[81.9555,27.9417],[81.9273,27.9427],[81.9047,27.954],[81.8774,27.9816],[81.8551,27.9816],[81.8289,27.9919],[81.8256,27.9974],[81.8097,27.9871],[81.8017,27.9713],[81.7883,27.9726],[81.7792,27.9684],[81.7665,27.9746],[81.7628,27.9661],[81.7541,27.9694],[81.7531,27.9666],[81.7531,27.9617],[81.7664,27.9564],[81.7589,27.9416],[81.8068,27.9033],[81.823,27.9033],[81.8346,27.8979],[81.8868,27.8571],[81.9014,27.8537],[81.928,27.8596],[81.9271,27.8754],[81.9635,27.9227],[81.9636,27.923]]]}},{"type":"Feature","properties":{"province":5,"provinceName":"Lumbini","district":"Banke","localLevel":"Nepalgunj","type":"sub_metropolitan_city"},"geometry":{"type":"Polygon","coordinates":[[[81.7033,28.1202],[81.6937,28.1238],[81.6962,28.1281],[81.6884,28.1336],[81.6786,28.1328],[81.6672,28.1271],[81.671,28.1197],[81.6687,28.1159],[81.6591,28.1112],[81.6446,28.1186],[81.6426,28.1115],[81.6349,28.1112],[81.6365,28.103],[81.6459,28.1015],[81.6474,28.0951],[81.6335,28.0911],[81.6299,28.0797],[81.6243,28.0816],[81.6194,28.065],[81.6106,28.0638],[81.5918,28.072],[81.5898,28.0671],[81.5967,28.0551],[81.5871,28.0441],[81.5914,28.0323],[81.5889,28.0245],[81.6189,28.0103],[81.6267,28.0011],[81.6494,28.0294],[81.6625,28.0207],[81.6725,27.9967],[81.6869,28.0073],[81.6902,28.0173],[81.6803,28.02],[81.6795,28.0279],[81.6889,28.04],[81.6782,28.0504],[81.6838,28.065],[81.6753,28.0741],[81.6855,28.0766],[81.685,28.0819],[81.6912,28.0812],[81.6834,28.0864],[81.6878,28.0869],[81.6913,28.0969],[81.6845,28.1044],[81.6957,28.1181],[81.703,28.1201],[81.7033,28.1202]]]}},{"type":"Feature","properties":{"province":5,"provinceName":"Lumbini","district":"Banke","localLevel":"Rapti Sonari","type":"rural_municipality"},"geometry":{"type":"Polygon","coordinates":[[[82.0094,28.1509],[81.9797,28.1827],[81.9671,28.1844],[81.9645,28.1943],[81.9538,28.194],[81.9403,28.2016],[81.9379,28.2075],[81.9285,28.2093],[81.9234,28.2268],[81.8983,28.2332],[81.8847,28.2434],[81.8786,28.239],[81.8627,28.2386],[81.8667,28.2485],[81.8633,28.255],[81.8454,28.2719],[81.8279,28.2754],[81.8156,28.2593],[81.7979,28.2502],[81.7886,28.2363],[81.7867,28.2171],[81.7669,28.2057],[81.7621,28.2068],[81.7546,28.1939],[81.7428,28.1865],[81.7226,28.1341],[81.7137,28.1262],[81.7286,28.093],[81.7367,28.0953],[81.7175,28.0696],[81.7199,28.0601],[81.7397,28.0465],[81.7357,28.037],[81.74,28.03],[81.7394,28.0186],[81.7226,28.0061],[81.7219,27.9961],[81.7314,27.9922],[81.7424,27.9978],[81.7519,27.9971],[81.7579,27.9817],[81.7541,27.9694],[81.7628,27.9661],[81.7665,27.9746],[81.7792,27.9684],[81.7883,27.9726],[81.8023,27.9716],[81.8097,27.9871],[81.8256,27.9974],[81.8289,27.9919],[81.8551,27.9816],[81.8726,27.9841],[81.8875,27.9746],[81.8939,27.9629],[81.9078,27.9519],[81.9273,27.9427],[81.9555,27.9417],[81.9636,27.923],[81.9701,27.9288],[81.9931,27.9291],[82.0692,27.9221],[82.07,27.9367],[82.0657,27.9408],[82.071,27.9521],[82.0899,27.9498],[82.0969,27.9552],[82.1019,27.9489],[82.1158,27.9527],[82.1214,27.9486],[82.1354,27.9621],[82.1434,27.9586],[82.1549,27.9611],[82.1786,27.9516],[82.194,27.953],[82.1916,27.9695],[82.1952,27.9734],[82.1878,27.9949],[82.196,28.0231],[82.1926,28.0318],[82.183,28.0348],[82.1748,28.0466],[82.1578,28.0479],[82.1093,28.0726],[82.0791,28.0793],[82.0456,28.0952],[82.0228,28.0992],[82.0183,28.116],[82.0204,28.132],[82.0101,28.1498],[82.0094,28.1509]]]}},{"type":"Feature","properties":{"province":5,"provinceName":"Lumbini","district":"Bardiya","localLevel":"Badhaiyatal","type":"rural_municipality"},"geometry":{"type":"Polygon","coordinates":[[[81.4143,28.2203],[81.4074,28.2318],[81.3975,28.2345],[81.3909,28.2327],[81.3882,28.2191],[81.4141,28.2107],[81.4104,28.202],[81.4152,28.1877],[81.4124,28.1745],[81.4483,28.1608],[81.4517,28.1408],[81.4858,28.1182],[81.4816,28.11],[81.4802,28.0824],[81.5067,28.0688],[81.5061,28.0759],[81.52,28.0761],[81.5266,28.0842],[81.5124,28.0908],[81.5136,28.0961],[81.5052,28.1043],[81.5128,28.1076],[81.503,28.1174],[81.5076,28.1224],[81.5005,28.1265],[81.5062,28.1279],[81.5007,28.1453],[81.5081,28.1521],[81.514,28.1486],[81.5168,28.156],[81.5242,28.1571],[81.5187,28.1615],[81.5244,28.168],[81.5206,28.1717],[81.5257,28.1738],[81.52,28.1788],[81.531,28.1826],[81.53,28.1951],[81.5425,28.2036],[81.5636,28.2076],[81.563,28.213],[81.5557,28.2162],[81.5571,28.223],[81.5496,28.2209],[81.5546,28.2284],[81.5441,28.2324],[81.5264,28.2175],[81.5162,28.2148],[81.5154,28.2183],[81.5118,28.2146],[81.5018,28.22],[81.4939,28.2107],[81.476,28.2161],[81.4735,28.2291],[81.4632,28.2215],[81.4615,28.2126],[81.4507,28.2174],[81.4225,28.2094],[81.4144,28.2201],[81.4143,28.2203]]]}},{"type":"Feature","properties":{"province":5,"provinceName":"Lumbini","district":"Bardiya","localLevel":"Bansagadhi","type":"municipality"},"geometry":{"type":"MultiPolygon","coordinates":[[[[81.5,28.3114],[81.4893,28.3213],[81.481,28.3173],[81.4791,28.3075],[81.4686,28.2978],[81.463,28.2845],[81.4401,28.2696],[81.4412,28.2583],[81.4291,28.2599],[81.4226,28.24],[81.427,28.2352],[81.4142,28.2205],[81.4225,28.2094],[81.4507,28.2174],[81.4615,28.2126],[81.4632,28.2215],[81.4735,28.2291],[81.476,28.2161],[81.4966,28.2109],[81.5018,28.22],[81.5118,28.2146],[81.5154,28.2183],[81.5162,28.2148],[81.5264,28.2175],[81.5441,28.2324],[81.5546,28.2284],[81.5496,28.2209],[81.557,28.2231],[81.5559,28.2159],[81.5638,28.212],[81.564,28.2178],[81.5681,28.2136],[81.58,28.2228],[81.5772,28.2279],[81.5847,28.2279],[81.5845,28.2337],[81.5912,28.2402],[81.5918,28.235],[81.5959,28.2381],[81.5986,28.2343],[81.6083,28.2358],[81.6143,28.2487],[81.6226,28.249],[81.6249,28.2548],[81.649,28.2661],[81.6483,28.277],[81.6425,28.2795],[81.6552,28.2937],[81.6322,28.295],[81.6204,28.3027],[81.6153,28.2951],[81.6044,28.2964],[81.6028,28.2901],[81.5921,28.286],[81.587,28.2911],[81.5793,28.2876],[81.5705,28.292],[81.5635,28.3038],[81.5487,28.2963],[81.5313,28.3064],[81.5163,28.3011],[81.5124,28.3083],[81.5004,28.3114],[81.5,28.3114]]],[[[81.7685,28.37],[81.7184,28.384],[81.6936,28.4045],[81.6974,28.3965],[81.6902,28.3927],[81.6908,28.3859],[81.6868,28.3895],[81.6857,28.385],[81.6915,28.3823],[81.6987,28.3877],[81.7029,28.3844],[81.7022,28.3749],[81.6961,28.3747],[81.7061,28.3682],[81.7142,28.3703],[81.7156,28.3579],[81.7126,28.3509],[81.7033,28.3512],[81.6997,28.3454],[81.6966,28.3524],[81.6915,28.3472],[81.6851,28.3504],[81.6754,28.3375],[81.7039,28.3344],[81.7195,28.3196],[81.7469,28.3131],[81.7534,28.3436],[81.7681,28.3695],[81.7685,28.37]]]]}},{"type":"Feature","properties":{"province":5,"provinceName":"Lumbini","district":"Bardiya","localLevel":"Barbardiya","type":"municipality"},"geometry":{"type":"Polygon","coordinates":[[[81.4154,28.3725],[81.3889,28.3862],[81.3769,28.4121],[81.3819,28.4232],[81.3706,28.4244],[81.3436,28.4151],[81.3237,28.3966],[81.3169,28.3854],[81.3176,28.3729],[81.3054,28.3734],[81.3023,28.3676],[81.3135,28.335],[81.306,28.3017],[81.292,28.2886],[81.3143,28.2846],[81.3237,28.275],[81.3378,28.2694],[81.3614,28.2717],[81.3663,28.2545],[81.3788,28.2501],[81.3722,28.2383],[81.4071,28.232],[81.4143,28.2203],[81.427,28.2352],[81.4226,28.24],[81.4291,28.2599],[81.4412,28.2583],[81.4401,28.2696],[81.463,28.2845],[81.4686,28.2978],[81.4791,28.3075],[81.4782,28.3141],[81.4902,28.3209],[81.4816,28.3255],[81.4806,28.3433],[81.4767,28.3471],[81.4642,28.3488],[81.4443,28.3421],[81.4304,28.3649],[81.4158,28.3722],[81.4154,28.3725]]]}},{"type":"Feature","properties":{"province":5,"provinceName":"Lumbini","district":"Bardiya","localLevel":"Geruwa","type":"rural_municipality"},"geometry":{"type":"Polygon","coordinates":[[[81.2117,28.4831],[81.2266,28.5028],[81.2349,28.5396],[81.2489,28.5584],[81.2534,28.5821],[81.2501,28.5938],[81.1698,28.5241],[81.1619,28.5013],[81.1545,28.5018],[81.1472,28.4962],[81.1628,28.4975],[81.1725,28.4859],[81.1687,28.4795],[81.1804,28.474],[81.1767,28.4668],[81.1835,28.4599],[81.1768,28.4545],[81.1782,28.4472],[81.1691,28.4419],[81.1723,28.4327],[81.1773,28.4317],[81.1759,28.4204],[81.1852,28.4177],[81.1834,28.4099],[81.1873,28.4078],[81.1964,28.4134],[81.2049,28.4048],[81.2094,28.4117],[81.2113,28.4244],[81.2007,28.436],[81.1996,28.4472],[81.2082,28.4505],[81.2188,28.4705],[81.2115,28.4825],[81.2117,28.4831]]]}},{"type":"Feature","properties":{"province":5,"provinceName":"Lumbini","district":"Bardiya","localLevel":"Gulariya","type":"municipality"},"geometry":{"type":"Polygon","coordinates":[[[81.3909,28.2327],[81.3855,28.2384],[81.3722,28.2383],[81.3788,28.2501],[81.3663,28.2545],[81.3614,28.2717],[81.3378,28.2694],[81.3237,28.275],[81.3143,28.2846],[81.2925,28.2867],[81.3016,28.2647],[81.292,28.2579],[81.2926,28.2427],[81.2822,28.2347],[81.3224,28.1972],[81.3201,28.1823],[81.3265,28.175],[81.323,28.1687],[81.3036,28.166],[81.3124,28.1555],[81.3219,28.1602],[81.3297,28.1482],[81.3201,28.1451],[81.3198,28.1335],[81.3362,28.1401],[81.3731,28.1423],[81.3802,28.1554],[81.3687,28.1653],[81.3765,28.1769],[81.4124,28.1745],[81.4152,28.1877],[81.4104,28.202],[81.4141,28.2107],[81.3884,28.2187],[81.3908,28.2324],[81.3909,28.2327]]]}},{"type":"Feature","properties":{"province":5,"provinceName":"Lumbini","district":"Bardiya","localLevel":"Madhuwan","type":"municipality"},"geometry":{"type":"Polygon","coordinates":[[[81.3017,28.3649],[81.287,28.3749],[81.2892,28.3846],[81.258,28.3954],[81.26,28.4079],[81.2517,28.4125],[81.2578,28.4147],[81.2603,28.4262],[81.2465,28.4383],[81.2437,28.4326],[81.2357,28.4316],[81.2323,28.424],[81.2113,28.4244],[81.2097,28.3993],[81.2162,28.3897],[81.2058,28.369],[81.1949,28.3638],[81.2152,28.3582],[81.2363,28.3246],[81.2345,28.2889],[81.2822,28.2347],[81.2926,28.2427],[81.292,28.2579],[81.3016,28.2647],[81.292,28.2886],[81.306,28.3017],[81.3135,28.335],[81.3018,28.3644],[81.3017,28.3649]]]}},{"type":"Feature","properties":{"province":5,"provinceName":"Lumbini","district":"Bardiya","localLevel":"Rajapur","type":"municipality"},"geometry":{"type":"Polygon","coordinates":[[[81.2094,28.4117],[81.2049,28.4048],[81.1964,28.4134],[81.1873,28.4078],[81.1834,28.4099],[81.1852,28.4177],[81.1759,28.4204],[81.1773,28.4317],[81.1723,28.4327],[81.1691,28.4419],[81.1782,28.4472],[81.1768,28.4545],[81.1835,28.4599],[81.1767,28.4668],[81.1804,28.474],[81.1687,28.4795],[81.1725,28.4859],[81.1631,28.4973],[81.1529,28.4979],[81.1165,28.4725],[81.1107,28.4613],[81.0931,28.4577],[81.0876,28.4383],[81.0673,28.4224],[81.0609,28.4079],[81.0691,28.3944],[81.0816,28.3849],[81.1949,28.3638],[81.2058,28.369],[81.2162,28.3897],[81.2097,28.3993],[81.2097,28.4111],[81.2094,28.4117]]]}},{"type":"Feature","properties":{"province":5,"provinceName":"Lumbini","district":"Bardiya","localLevel":"Thakurbaba","type":"municipality"},"geometry":{"type":"Polygon","coordinates":[[[81.3326,28.5078],[81.333,28.5218],[81.319,28.5155],[81.3048,28.5171],[81.2904,28.5053],[81.2861,28.4909],[81.2694,28.4802],[81.2605,28.4671],[81.2657,28.4622],[81.2598,28.453],[81.254,28.4498],[81.2537,28.4636],[81.2495,28.466],[81.2469,28.4535],[81.2234,28.4255],[81.2323,28.424],[81.2373,28.433],[81.2437,28.4326],[81.2465,28.4383],[81.2499,28.4362],[81.2537,28.4287],[81.2603,28.4262],[81.2578,28.4147],[81.2517,28.4125],[81.26,28.4079],[81.258,28.3954],[81.2892,28.3846],[81.287,28.3749],[81.3017,28.3649],[81.3054,28.3734],[81.3176,28.3729],[81.3169,28.3854],[81.3271,28.4014],[81.3532,28.4199],[81.3378,28.4375],[81.3449,28.4509],[81.3302,28.4542],[81.3218,28.4642],[81.3409,28.4787],[81.3377,28.4846],[81.3294,28.4837],[81.3356,28.503],[81.3329,28.5074],[81.3326,28.5078]]]}},{"type":"Feature","properties":{"province":6,"provinceName":"Karnali","district":"Surkhet","localLevel":"Barahtal","type":"rural_municipality"},"geometry":{"type":"Polygon","coordinates":[[[81.5177,28.786],[81.5043,28.7852],[81.492,28.7985],[81.4785,28.7915],[81.4721,28.7826],[81.4606,28.7848],[81.4562,28.7746],[81.4321,28.7779],[81.4141,28.7617],[81.3817,28.7565],[81.3824,28.7454],[81.3928,28.7426],[81.4055,28.7462],[81.4121,28.7426],[81.4128,28.7342],[81.4247,28.7324],[81.4102,28.7185],[81.4201,28.7014],[81.4134,28.7032],[81.4101,28.6977],[81.3986,28.6959],[81.3887,28.6886],[81.3543,28.6939],[81.355,28.6786],[81.349,28.6705],[81.3334,28.663],[81.3229,28.6675],[81.318,28.6523],[81.312,28.6509],[81.3187,28.6363],[81.3473,28.6246],[81.3663,28.6234],[81.3811,28.6122],[81.4027,28.6068],[81.4033,28.6019],[81.4264,28.5877],[81.4235,28.5812],[81.4325,28.5772],[81.4397,28.5594],[81.4549,28.5522],[81.4679,28.5534],[81.4779,28.5397],[81.4997,28.5331],[81.514,28.5241],[81.518,28.5135],[81.5311,28.5095],[81.539,28.5173],[81.5378,28.5361],[81.5427,28.5468],[81.5393,28.5589],[81.5484,28.5704],[81.5472,28.5779],[81.5376,28.5804],[81.535,28.5857],[81.5483,28.6064],[81.578,28.6102],[81.5807,28.6254],[81.5711,28.6329],[81.578,28.6491],[81.5889,28.6597],[81.5861,28.6735],[81.5917,28.6734],[81.5942,28.6859],[81.6181,28.6898],[81.603,28.7071],[81.577,28.7124],[81.5612,28.7282],[81.5611,28.7367],[81.551,28.7394],[81.5483,28.749],[81.5222,28.749],[81.5368,28.7612],[81.5296,28.7745],[81.5188,28.7777],[81.5177,28.7859],[81.5177,28.786]]]}},{"type":"Feature","properties":{"province":6,"provinceName":"Karnali","district":"Surkhet","localLevel":"Bheriganga","type":"municipality"},"geometry":{"type":"Polygon","coordinates":[[[81.6698,28.5166],[81.6341,28.516],[81.5972,28.5062],[81.5806,28.5187],[81.5765,28.5273],[81.5666,28.5296],[81.5477,28.5691],[81.5392,28.5584],[81.5427,28.5468],[81.5378,28.5361],[81.539,28.517],[81.5311,28.5095],[81.5412,28.5],[81.5405,28.4946],[81.5591,28.4949],[81.6097,28.4535],[81.6281,28.4444],[81.6602,28.4153],[81.6719,28.4133],[81.6756,28.4176],[81.6894,28.4109],[81.7043,28.3932],[81.734,28.3775],[81.7685,28.37],[81.7703,28.3842],[81.7806,28.3904],[81.7992,28.3919],[81.8055,28.3876],[81.8139,28.391],[81.8207,28.4067],[81.8187,28.4151],[81.8295,28.418],[81.8272,28.4254],[81.8376,28.433],[81.8352,28.4431],[81.8059,28.4531],[81.787,28.4543],[81.7659,28.4791],[81.7513,28.4839],[81.7502,28.4945],[81.7366,28.4957],[81.7309,28.5054],[81.7065,28.5171],[81.6922,28.5093],[81.6699,28.5164],[81.6698,28.5166]]]}},{"type":"Feature","properties":{"province":6,"provinceName":"Karnali","district":"Surkhet","localLevel":"Birendranagar","type":"municipality"},"geometry":{"type":"Polygon","coordinates":[[[81.7775,28.6333],[81.7528,28.6459],[81.7409,28.6454],[81.7299,28.655],[81.7034,28.661],[81.6932,28.6734],[81.677,28.679],[81.641,28.6763],[81.6314,28.6921],[81.6004,28.6879],[81.5922,28.684],[81.5917,28.6734],[81.5861,28.6735],[81.5889,28.6597],[81.578,28.6491],[81.5712,28.6337],[81.5807,28.6254],[81.578,28.6102],[81.5483,28.6064],[81.5349,28.5849],[81.5479,28.5768],[81.5485,28.5627],[81.5666,28.5296],[81.5765,28.5273],[81.5806,28.5187],[81.5965,28.5065],[81.6341,28.516],[81.6698,28.5166],[81.6807,28.5286],[81.6784,28.5472],[81.6691,28.5654],[81.6742,28.5784],[81.675,28.6149],[81.6791,28.6202],[81.7275,28.6157],[81.7331,28.6056],[81.7436,28.6016],[81.7362,28.5966],[81.7408,28.5938],[81.7478,28.5973],[81.7577,28.6214],[81.7773,28.6273],[81.7776,28.6329],[81.7775,28.6333]]]}},{"type":"Feature","properties":{"province":6,"provinceName":"Karnali","district":"Surkhet","localLevel":"Chaukune","type":"rural_municipality"},"geometry":{"type":"Polygon","coordinates":[[[81.1055,28.9656],[81.0667,28.9702],[81.051,28.9783],[81.0225,28.9528],[81.005,28.9571],[80.984,28.9414],[80.9889,28.934],[81.0229,28.9198],[81.0532,28.8768],[81.0605,28.8734],[81.074,28.8767],[81.0746,28.8648],[81.0909,28.8628],[81.1041,28.8447],[81.1277,28.8516],[81.1308,28.8651],[81.1451,28.873],[81.1509,28.8526],[81.1594,28.8443],[81.1547,28.8303],[81.1758,28.8349],[81.1835,28.825],[81.2042,28.8167],[81.2091,28.8237],[81.1969,28.833],[81.2007,28.8611],[81.2074,28.8626],[81.2103,28.8471],[81.2355,28.8296],[81.2314,28.8173],[81.244,28.8098],[81.2408,28.803],[81.2276,28.7951],[81.2344,28.786],[81.249,28.7805],[81.2525,28.77],[81.2489,28.7611],[81.2613,28.7501],[81.2617,28.7412],[81.2706,28.7413],[81.3035,28.7659],[81.3078,28.7753],[81.3226,28.7783],[81.331,28.7849],[81.3296,28.7957],[81.336,28.8051],[81.333,28.8107],[81.337,28.8169],[81.3326,28.8187],[81.34,28.8271],[81.3315,28.8347],[81.3446,28.8464],[81.3483,28.8656],[81.3518,28.8671],[81.3458,28.8751],[81.3543,28.8885],[81.3411,28.8951],[81.3383,28.9069],[81.3259,28.908],[81.318,28.9201],[81.3038,28.9257],[81.2852,28.9215],[81.2679,28.9026],[81.2474,28.9151],[81.2384,28.9059],[81.2059,28.908],[81.1962,28.9161],[81.1861,28.9148],[81.171,28.9211],[81.1439,28.9453],[81.1343,28.9487],[81.1224,28.9625],[81.1058,28.9657],[81.1055,28.9656]]]}},{"type":"Feature","properties":{"province":6,"provinceName":"Karnali","district":"Surkhet","localLevel":"Chingad","type":"rural_municipality"},"geometry":{"type":"Polygon","coordinates":[[[81.8887,28.643],[81.8795,28.6485],[81.8791,28.6587],[81.8699,28.6639],[81.8675,28.6801],[81.8475,28.7097],[81.8219,28.724],[81.8165,28.719],[81.809,28.6942],[81.8126,28.6813],[81.81,28.6754],[81.7995,28.6681],[81.7934,28.6547],[81.7841,28.6518],[81.7851,28.636],[81.7775,28.6333],[81.7773,28.6273],[81.7577,28.6214],[81.7476,28.6],[81.7545,28.5953],[81.7636,28.5708],[81.7755,28.5677],[81.7896,28.5805],[81.7971,28.5727],[81.8072,28.5813],[81.8224,28.556],[81.8384,28.5404],[81.8507,28.5336],[81.8566,28.537],[81.8696,28.5308],[81.8694,28.5422],[81.8837,28.5552],[81.8769,28.57],[81.8836,28.5968],[81.9139,28.6054],[81.9206,28.6125],[81.8889,28.6427],[81.8887,28.643]]]}},{"type":"Feature","properties":{"province":6,"provinceName":"Karnali","district":"Surkhet","localLevel":"Gurbhakot","type":"municipality"},"geometry":{"type":"Polygon","coordinates":[[[81.8698,28.5308],[81.8556,28.5369],[81.8338,28.5228],[81.8315,28.499],[81.8234,28.4875],[81.8198,28.4682],[81.8107,28.4507],[81.8307,28.4462],[81.8378,28.4334],[81.8272,28.4254],[81.8295,28.418],[81.8187,28.4151],[81.8204,28.4058],[81.8109,28.3897],[81.8213,28.3806],[81.8396,28.381],[81.8449,28.3742],[81.8569,28.3729],[81.868,28.3644],[81.8867,28.361],[81.8936,28.3553],[81.904,28.3549],[81.9293,28.3386],[81.9388,28.3372],[81.9622,28.3528],[81.9713,28.3521],[81.9832,28.363],[81.9774,28.3751],[81.9785,28.3859],[81.9917,28.3952],[81.9759,28.4044],[81.9738,28.4157],[81.9637,28.4248],[81.9673,28.4458],[81.9458,28.4478],[81.9469,28.4563],[81.9316,28.4695],[81.9269,28.4848],[81.9022,28.4998],[81.8898,28.5148],[81.8793,28.5159],[81.8763,28.5305],[81.8703,28.5309],[81.8698,28.5308]]]}},{"type":"Feature","properties":{"province":6,"provinceName":"Karnali","district":"Surkhet","localLevel":"Lekbeshi","type":"municipality"},"geometry":{"type":"Polygon","coordinates":[[[81.7483,28.5982],[81.7371,28.5939],[81.7436,28.6016],[81.7331,28.6056],[81.7275,28.6157],[81.6791,28.6202],[81.675,28.6149],[81.6742,28.5784],[81.6691,28.5654],[81.6784,28.5472],[81.6807,28.5286],[81.6698,28.5166],[81.6922,28.5093],[81.7065,28.5171],[81.7309,28.5054],[81.7366,28.4957],[81.7502,28.4945],[81.7513,28.4839],[81.7659,28.4791],[81.787,28.4543],[81.8107,28.4507],[81.8198,28.4682],[81.8234,28.4875],[81.8315,28.499],[81.8338,28.5228],[81.8507,28.5338],[81.8231,28.5552],[81.8072,28.5813],[81.7971,28.5727],[81.7892,28.5804],[81.7738,28.5676],[81.7625,28.5716],[81.7545,28.5953],[81.7493,28.5972],[81.7483,28.5982]]]}},{"type":"Feature","properties":{"province":6,"provinceName":"Karnali","district":"Surkhet","localLevel":"Panchpuri","type":"municipality"},"geometry":{"type":"Polygon","coordinates":[[[81.5177,28.786],[81.5241,28.8032],[81.5,28.8212],[81.4923,28.8409],[81.4647,28.8533],[81.4692,28.8618],[81.464,28.8751],[81.467,28.8932],[81.4424,28.9003],[81.4335,28.9106],[81.4159,28.9141],[81.3961,28.9084],[81.3762,28.8928],[81.3542,28.8898],[81.3458,28.8751],[81.3518,28.8671],[81.3483,28.8656],[81.3446,28.8464],[81.3315,28.8347],[81.34,28.8271],[81.3326,28.8187],[81.337,28.8169],[81.333,28.8107],[81.336,28.8051],[81.3296,28.7957],[81.3313,28.7854],[81.3226,28.7783],[81.3078,28.7753],[81.3035,28.7659],[81.2706,28.7413],[81.2617,28.7412],[81.2578,28.7299],[81.2742,28.727],[81.2749,28.7172],[81.2682,28.7041],[81.2829,28.695],[81.2871,28.6732],[81.3091,28.6729],[81.3334,28.663],[81.3488,28.6704],[81.3549,28.6784],[81.3543,28.6939],[81.3887,28.6886],[81.3986,28.6959],[81.4101,28.6977],[81.4134,28.7032],[81.4201,28.7014],[81.4102,28.7185],[81.4247,28.7324],[81.4128,28.7342],[81.4121,28.7426],[81.4055,28.7462],[81.3928,28.7426],[81.3824,28.7454],[81.3817,28.7565],[81.4141,28.7617],[81.4321,28.7779],[81.4562,28.7746],[81.4606,28.7848],[81.4721,28.7826],[81.4785,28.7915],[81.492,28.7985],[81.5043,28.7852],[81.5174,28.7861],[81.5177,28.786]]]}},{"type":"Feature","properties":{"province":6,"provinceName":"Karnali","district":"Surkhet","localLevel":"Simta","type":"rural_municipality"},"geometry":{"type":"Polygon","coordinates":[[[82.0423,28.6417],[82.0102,28.6451],[81.9775,28.6384],[81.9593,28.6406],[81.9494,28.636],[81.9388,28.6411],[81.8887,28.643],[81.9206,28.6125],[81.9139,28.6054],[81.8836,28.5968],[81.8769,28.57],[81.8837,28.5552],[81.8694,28.5422],[81.8692,28.532],[81.8763,28.5305],[81.8793,28.5159],[81.8898,28.5148],[81.9022,28.4998],[81.9269,28.4848],[81.9314,28.4697],[81.9437,28.4608],[81.947,28.456],[81.9442,28.4493],[81.949,28.446],[81.9611,28.4453],[81.965,28.4514],[81.9738,28.4465],[81.9876,28.4466],[81.9852,28.4543],[81.992,28.4614],[82.0127,28.4685],[82.0107,28.4782],[82.0271,28.499],[82.0224,28.5115],[82.0294,28.5174],[82.0202,28.5276],[82.0192,28.5443],[81.9959,28.5699],[82.0046,28.5782],[82.0027,28.5871],[82.0133,28.5955],[82.006,28.6134],[82.0266,28.613],[82.0288,28.6169],[82.0236,28.6271],[82.0291,28.639],[82.0424,28.6416],[82.0423,28.6417]]]}},{"type":"Feature","properties":{"province":6,"provinceName":"Karnali","district":"Dailekh","localLevel":"Aathabis","type":"municipality"},"geometry":{"type":"Polygon","coordinates":[[[81.581,29.1359],[81.5385,29.1067],[81.5253,29.1042],[81.5125,29.0911],[81.5024,29.0911],[81.4711,29.0781],[81.4686,29.067],[81.4459,29.0537],[81.4414,29.0402],[81.4171,29.0171],[81.4208,29.0042],[81.4119,28.9969],[81.4275,28.9788],[81.4254,28.9668],[81.4345,28.957],[81.4448,28.9597],[81.4462,28.9405],[81.4531,28.9389],[81.4577,28.931],[81.4683,28.9288],[81.4797,28.9119],[81.5174,28.9324],[81.5087,28.9366],[81.5229,28.9608],[81.5097,28.9646],[81.5081,28.9607],[81.4885,28.9754],[81.4842,29.0015],[81.5081,29.0093],[81.5173,29.0167],[81.5258,29.0155],[81.5407,29.0354],[81.5397,29.0431],[81.5437,29.0473],[81.5655,29.0536],[81.5678,29.0893],[81.5803,29.1085],[81.5819,29.1355],[81.581,29.1359]]]}},{"type":"Feature","properties":{"province":6,"provinceName":"Karnali","district":"Dailekh","localLevel":"Bhagawatimai","type":"rural_municipality"},"geometry":{"type":"Polygon","coordinates":[[[81.8897,28.8803],[81.8768,28.8823],[81.863,28.878],[81.843,28.8472],[81.8168,28.8229],[81.787,28.8193],[81.7751,28.8064],[81.7566,28.8128],[81.7299,28.8098],[81.7355,28.7902],[81.7569,28.7807],[81.7608,28.761],[81.7739,28.7604],[81.7824,28.7495],[81.7894,28.7481],[81.7953,28.7279],[81.8164,28.7186],[81.8337,28.7388],[81.862,28.7396],[81.8798,28.7459],[81.8856,28.7617],[81.9141,28.7799],[81.8912,28.8113],[81.8818,28.841],[81.8816,28.8633],[81.8915,28.8742],[81.8898,28.8795],[81.8897,28.8803]]]}},{"type":"Feature","properties":{"province":6,"provinceName":"Karnali","district":"Dailekh","localLevel":"Bhairabi","type":"rural_municipality"},"geometry":{"type":"Polygon","coordinates":[[[81.6924,29.0497],[81.6529,29.04],[81.6324,29.0466],[81.616,29.0345],[81.623,29.0257],[81.617,28.9978],[81.627,28.9928],[81.6278,28.9867],[81.623,28.9737],[81.6163,28.9692],[81.6176,28.9571],[81.612,28.9518],[81.6076,28.9274],[81.5986,28.9205],[81.6009,28.9142],[81.5931,28.9024],[81.5885,28.9119],[81.5828,28.8986],[81.608,28.8893],[81.6304,28.8945],[81.6341,28.8903],[81.6239,28.8861],[81.6273,28.884],[81.6249,28.8771],[81.6357,28.8683],[81.6385,28.8581],[81.6544,28.847],[81.6643,28.8519],[81.6685,28.8483],[81.6665,28.845],[81.6802,28.8398],[81.6879,28.8504],[81.6812,28.8587],[81.6793,28.8701],[81.6656,28.8781],[81.6673,28.8818],[81.6634,28.8819],[81.6528,28.9048],[81.6583,28.9241],[81.6652,28.931],[81.6615,28.9368],[81.6662,28.9427],[81.6558,28.9539],[81.6509,28.9709],[81.6543,28.9957],[81.6806,29.0015],[81.6864,29.0135],[81.7055,29.0316],[81.6927,29.0495],[81.6924,29.0497]]]}},{"type":"Feature","properties":{"province":6,"provinceName":"Karnali","district":"Dailekh","localLevel":"Chamunda Bindrasaini","type":"municipality"},"geometry":{"type":"Polygon","coordinates":[[[81.5828,28.8986],[81.5885,28.9119],[81.5931,28.9024],[81.6009,28.9142],[81.5986,28.9205],[81.6076,28.9274],[81.612,28.9518],[81.6176,28.9571],[81.6163,28.9692],[81.623,28.9737],[81.6278,28.9867],[81.6271,28.9926],[81.6158,29.0012],[81.6015,29],[81.5805,28.9787],[81.5548,28.976],[81.5369,28.9455],[81.4797,28.9119],[81.4937,28.8939],[81.5107,28.8897],[81.5169,28.8744],[81.5245,28.8684],[81.5402,28.8827],[81.544,28.8992],[81.5733,28.906],[81.5825,28.8987],[81.5828,28.8986]]]}},{"type":"Feature","properties":{"province":6,"provinceName":"Karnali","district":"Dailekh","localLevel":"Dullu","type":"municipality"},"geometry":{"type":"Polygon","coordinates":[[[81.5828,28.8986],[81.5739,28.906],[81.544,28.8992],[81.5402,28.8827],[81.5245,28.8684],[81.5536,28.8158],[81.5587,28.7975],[81.582,28.7789],[81.5979,28.7863],[81.6141,28.775],[81.6371,28.7693],[81.6418,28.7618],[81.6596,28.7599],[81.6728,28.766],[81.6838,28.7765],[81.6854,28.7954],[81.6893,28.7984],[81.685,28.8058],[81.6905,28.8159],[81.683,28.8174],[81.6774,28.8243],[81.683,28.8271],[81.6776,28.832],[81.6803,28.8398],[81.6665,28.845],[81.6685,28.8483],[81.6643,28.8519],[81.6544,28.847],[81.6385,28.8581],[81.6357,28.8683],[81.6249,28.8771],[81.6273,28.884],[81.6239,28.8861],[81.6341,28.8903],[81.6304,28.8945],[81.608,28.8893],[81.5833,28.8987],[81.5828,28.8986]]]}},{"type":"Feature","properties":{"province":6,"provinceName":"Karnali","district":"Dailekh","localLevel":"Dungeshwor","type":"rural_municipality"},"geometry":{"type":"Polygon","coordinates":[[[81.7299,28.8098],[81.7178,28.8057],[81.7206,28.8012],[81.7014,28.8072],[81.6884,28.8036],[81.6837,28.7763],[81.658,28.7599],[81.6494,28.7408],[81.6545,28.7271],[81.653,28.7175],[81.6765,28.7147],[81.6911,28.7213],[81.7251,28.6978],[81.7322,28.7025],[81.747,28.7001],[81.7575,28.7033],[81.7659,28.7071],[81.767,28.7167],[81.7782,28.7133],[81.7914,28.7231],[81.7957,28.7307],[81.7894,28.7481],[81.7824,28.7495],[81.7739,28.7604],[81.7608,28.761],[81.7569,28.7807],[81.7355,28.7902],[81.73,28.8097],[81.7299,28.8098]]]}},{"type":"Feature","properties":{"province":6,"provinceName":"Karnali","district":"Dailekh","localLevel":"Gurans","type":"rural_municipality"},"geometry":{"type":"Polygon","coordinates":[[[81.658,28.7599],[81.6418,28.7618],[81.6371,28.7693],[81.6141,28.775],[81.5979,28.7863],[81.5872,28.7843],[81.582,28.7789],[81.5807,28.7559],[81.5483,28.749],[81.5516,28.7388],[81.5616,28.7359],[81.5644,28.7236],[81.5874,28.7075],[81.603,28.7071],[81.6181,28.6898],[81.6319,28.6919],[81.641,28.6763],[81.677,28.679],[81.6932,28.6734],[81.7034,28.661],[81.7299,28.655],[81.743,28.6446],[81.7528,28.6459],[81.7776,28.6333],[81.7848,28.6357],[81.7841,28.6518],[81.794,28.6553],[81.7995,28.6681],[81.8123,28.6796],[81.809,28.6942],[81.8164,28.7186],[81.7951,28.728],[81.7784,28.7134],[81.767,28.7167],[81.7659,28.7071],[81.7575,28.7033],[81.747,28.7001],[81.7322,28.7025],[81.7244,28.6978],[81.6911,28.7213],[81.6765,28.7147],[81.653,28.7175],[81.6545,28.7271],[81.6488,28.7391],[81.6581,28.7596],[81.658,28.7599]]]}},{"type":"Feature","properties":{"province":6,"provinceName":"Karnali","district":"Dailekh","localLevel":"Mahabu","type":"rural_municipality"},"geometry":{"type":"Polygon","coordinates":[[[81.7055,29.0316],[81.6864,29.0135],[81.6806,29.0015],[81.6546,28.996],[81.652,28.9842],[81.6518,28.9632],[81.6662,28.9427],[81.6615,28.9371],[81.665,28.9303],[81.6547,28.9146],[81.6537,28.9014],[81.6634,28.8819],[81.6673,28.8818],[81.6656,28.8781],[81.6794,28.8699],[81.6858,28.8528],[81.7096,28.8719],[81.708,28.8976],[81.7262,28.9154],[81.7343,28.9176],[81.7301,28.9365],[81.7439,28.9507],[81.7366,28.9642],[81.7279,28.9701],[81.7223,28.9677],[81.7343,29.0051],[81.7465,29.0118],[81.732,29.0217],[81.7177,29.02],[81.716,29.0291],[81.707,29.0315],[81.7055,29.0316]]]}},{"type":"Feature","properties":{"province":6,"provinceName":"Karnali","district":"Dailekh","localLevel":"Narayan","type":"municipality"},"geometry":{"type":"Polygon","coordinates":[[[81.8227,28.8317],[81.763,28.8583],[81.7725,28.8687],[81.7728,28.891],[81.7768,28.8958],[81.7721,28.8979],[81.7731,28.9035],[81.7593,28.9102],[81.7643,28.9287],[81.7744,28.9393],[81.7629,28.9537],[81.7441,28.9506],[81.7347,28.9443],[81.7301,28.9365],[81.7343,28.9176],[81.7262,28.9154],[81.7082,28.8981],[81.7098,28.8722],[81.686,28.8531],[81.6872,28.8466],[81.6776,28.8325],[81.6828,28.8263],[81.6774,28.8243],[81.683,28.8174],[81.6905,28.8159],[81.685,28.8058],[81.6882,28.8036],[81.7014,28.8072],[81.7206,28.8012],[81.7178,28.8057],[81.7373,28.8132],[81.7403,28.8094],[81.7433,28.8129],[81.7535,28.8097],[81.7566,28.8128],[81.7762,28.8067],[81.7867,28.8192],[81.8166,28.8228],[81.8223,28.8309],[81.8227,28.8317]]]}},{"type":"Feature","properties":{"province":6,"provinceName":"Karnali","district":"Dailekh","localLevel":"Naumule","type":"rural_municipality"},"geometry":{"type":"Polygon","coordinates":[[[81.9216,28.9776],[81.9113,28.9866],[81.9024,28.982],[81.8899,28.9841],[81.8744,28.9712],[81.8501,28.9722],[81.8434,28.9812],[81.8209,28.9846],[81.7949,29.0051],[81.7968,29.0135],[81.7739,29.0192],[81.7353,29.0064],[81.7223,28.9677],[81.7279,28.9701],[81.7366,28.9642],[81.7439,28.9506],[81.7631,28.9537],[81.7743,28.9394],[81.7646,28.9294],[81.7594,28.9143],[81.76,28.9091],[81.7731,28.9035],[81.7721,28.8979],[81.7768,28.8958],[81.7728,28.891],[81.7725,28.8687],[81.763,28.8583],[81.8218,28.8315],[81.8297,28.8335],[81.843,28.8472],[81.8636,28.8785],[81.8768,28.8823],[81.8897,28.8803],[81.8958,28.9007],[81.9258,28.9235],[81.9287,28.9362],[81.923,28.9414],[81.9216,28.9771],[81.9216,28.9776]]]}},{"type":"Feature","properties":{"province":6,"provinceName":"Karnali","district":"Dailekh","localLevel":"Thantikandh","type":"rural_municipality"},"geometry":{"type":"Polygon","coordinates":[[[81.616,29.0345],[81.5911,29.0488],[81.5831,29.0471],[81.5655,29.0536],[81.5458,29.0487],[81.527,29.0163],[81.5173,29.0167],[81.5081,29.0093],[81.4842,29.0015],[81.4885,28.9754],[81.5081,28.9607],[81.5097,28.9646],[81.5229,28.9608],[81.5089,28.9357],[81.5187,28.9326],[81.5369,28.9455],[81.548,28.97],[81.5555,28.9765],[81.5805,28.9787],[81.6015,29],[81.618,29],[81.623,29.0257],[81.6165,29.0343],[81.616,29.0345]]]}},{"type":"Feature","properties":{"province":6,"provinceName":"Karnali","district":"Jajarkot","localLevel":"Barekot","type":"rural_municipality"},"geometry":{"type":"Polygon","coordinates":[[[82.4137,29.0955],[82.3543,29.1165],[82.325,29.11],[82.3033,29.1197],[82.2875,29.1159],[82.2801,29.1274],[82.2664,29.1214],[82.2671,29.115],[82.2716,29.1139],[82.2646,29.1071],[82.256,29.1099],[82.2385,29.1012],[82.2307,29.1056],[82.2217,29.0902],[82.2029,29.0889],[82.2054,29.0805],[82.2003,29.0733],[82.1825,29.0618],[82.1693,29.0693],[82.1497,29.0481],[82.1485,29.0325],[82.1345,29.0274],[82.1273,29.0155],[82.1212,29.0153],[82.1194,29.007],[82.1255,28.9955],[82.1402,28.9901],[82.1506,28.977],[82.1619,28.9723],[82.1667,28.9547],[82.1757,28.9486],[82.1763,28.9394],[82.2073,28.9223],[82.2177,28.8942],[82.2338,28.8916],[82.2366,28.8819],[82.248,28.884],[82.2613,28.8747],[82.2937,28.8702],[82.2904,28.8542],[82.298,28.8447],[82.3346,28.8477],[82.3416,28.8648],[82.3375,28.8695],[82.3536,28.8751],[82.3622,28.8885],[82.3979,28.8936],[82.4038,28.899],[82.4042,28.9248],[82.3974,28.9359],[82.3988,28.9445],[82.3897,28.9506],[82.3898,28.9584],[82.4004,28.9869],[82.3972,28.9953],[82.4007,29.0027],[82.3941,29.0177],[82.4074,29.0463],[82.4055,29.0728],[82.4137,29.0954],[82.4137,29.0955]]]}},{"type":"Feature","properties":{"province":6,"provinceName":"Karnali","district":"Jajarkot","localLevel":"Bheri","type":"municipality"},"geometry":{"type":"Polygon","coordinates":[[[82.2862,28.7144],[82.2732,28.7194],[82.2726,28.7325],[82.2658,28.7425],[82.237,28.7474],[82.2338,28.7538],[82.2214,28.7572],[82.217,28.7672],[82.2212,28.779],[82.2078,28.7833],[82.1998,28.8078],[82.1797,28.7879],[82.1775,28.7702],[82.1567,28.7617],[82.1511,28.7437],[82.1063,28.7328],[82.0961,28.7167],[82.0784,28.7042],[82.0719,28.6673],[82.0887,28.6375],[82.0723,28.6352],[82.0699,28.6302],[82.0847,28.618],[82.1307,28.6215],[82.1426,28.6262],[82.1465,28.6243],[82.1446,28.6158],[82.17,28.6114],[82.1921,28.6282],[82.1884,28.638],[82.1939,28.639],[82.2,28.6638],[82.1964,28.6687],[82.199,28.6832],[82.211,28.6759],[82.2185,28.6869],[82.2307,28.6883],[82.2344,28.7023],[82.2493,28.7123],[82.2619,28.7078],[82.264,28.7018],[82.2789,28.6921],[82.2827,28.6977],[82.2778,28.706],[82.2857,28.7134],[82.2862,28.7144]]]}},{"type":"Feature","properties":{"province":6,"provinceName":"Karnali","district":"Jajarkot","localLevel":"Chhedagad","type":"municipality"},"geometry":{"type":"Polygon","coordinates":[[[82.057,28.8728],[82.0447,28.8711],[82.039,28.865],[82.024,28.8642],[82.0248,28.8458],[82.0302,28.839],[82.0259,28.8235],[82.0292,28.8154],[82.018,28.7855],[81.9773,28.796],[81.9767,28.7906],[81.945,28.7899],[81.9377,28.7842],[81.9444,28.7757],[81.9296,28.7741],[81.9141,28.7799],[81.8856,28.7617],[81.882,28.7469],[81.9017,28.7274],[81.9332,28.7116],[82.0094,28.7029],[82.0045,28.6945],[82.0042,28.6797],[82.016,28.6708],[82.0296,28.6513],[82.0398,28.646],[82.0425,28.6421],[82.0378,28.6379],[82.0472,28.6369],[82.0486,28.642],[82.0583,28.6446],[82.0607,28.6414],[82.0562,28.6347],[82.0699,28.6302],[82.0723,28.6352],[82.0887,28.6375],[82.0719,28.6673],[82.0784,28.7042],[82.0961,28.7167],[82.1063,28.7328],[82.1511,28.7437],[82.1545,28.7579],[82.162,28.7657],[82.1478,28.7697],[82.142,28.8003],[82.1086,28.7929],[82.1048,28.7834],[82.0949,28.7794],[82.08,28.796],[82.0809,28.8016],[82.0653,28.8043],[82.0801,28.8141],[82.0604,28.8323],[82.0629,28.8637],[82.057,28.8722],[82.057,28.8728]]]}},{"type":"Feature","properties":{"province":6,"provinceName":"Karnali","district":"Jajarkot","localLevel":"Junichande","type":"rural_municipality"},"geometry":{"type":"Polygon","coordinates":[[[82.0802,28.9693],[82.0511,28.981],[82.0448,28.9892],[82.0463,29.0034],[82.0411,29.0119],[82.0096,29.0306],[82.0024,29.0157],[81.9878,29.0126],[81.9862,29.0028],[81.963,28.9909],[81.9601,28.9855],[81.9216,28.9776],[81.923,28.9414],[81.9287,28.9362],[81.9264,28.9248],[81.8958,28.9007],[81.8911,28.8897],[81.8915,28.8742],[81.8819,28.8646],[81.8802,28.849],[81.8912,28.8113],[81.9144,28.7796],[81.9296,28.7741],[81.9423,28.775],[81.9377,28.7842],[81.941,28.7884],[81.9572,28.793],[81.9767,28.7906],[81.9772,28.796],[82.0129,28.7844],[82.0208,28.7882],[82.0292,28.8152],[82.0259,28.8235],[82.0303,28.8352],[82.0247,28.8459],[82.024,28.8642],[82.039,28.865],[82.0447,28.8711],[82.057,28.8728],[82.0859,28.9196],[82.0788,28.9256],[82.072,28.955],[82.0802,28.9693],[82.0802,28.9693]]]}},{"type":"Feature","properties":{"province":6,"provinceName":"Karnali","district":"Jajarkot","localLevel":"Kuse","type":"rural_municipality"},"geometry":{"type":"Polygon","coordinates":[[[82.2365,28.8819],[82.2338,28.8916],[82.2177,28.8942],[82.2073,28.9223],[82.196,28.9254],[82.1741,28.9418],[82.1757,28.9486],[82.1667,28.9547],[82.1619,28.9723],[82.1506,28.977],[82.1319,28.9952],[82.1113,28.9903],[82.0994,28.9823],[82.0972,28.9743],[82.0802,28.9693],[82.072,28.955],[82.0788,28.9256],[82.086,28.92],[82.057,28.8733],[82.0629,28.8637],[82.0604,28.8323],[82.0801,28.8141],[82.0653,28.8043],[82.0809,28.8016],[82.08,28.796],[82.0949,28.7794],[82.1048,28.7834],[82.1086,28.7929],[82.142,28.8003],[82.1478,28.7697],[82.173,28.7661],[82.1775,28.7702],[82.1799,28.7883],[82.2008,28.8089],[82.2033,28.8414],[82.2119,28.8439],[82.2204,28.8533],[82.2361,28.8739],[82.2365,28.8817],[82.2365,28.8819]]]}},{"type":"Feature","properties":{"province":6,"provinceName":"Karnali","district":"Jajarkot","localLevel":"Shiwalaya","type":"rural_municipality"},"geometry":{"type":"Polygon","coordinates":[[[82.0423,28.6417],[82.0042,28.6797],[82.0083,28.7035],[81.9332,28.7116],[81.9017,28.7274],[81.882,28.7469],[81.8499,28.7379],[81.838,28.7406],[81.8262,28.7325],[81.8219,28.724],[81.8469,28.7103],[81.8608,28.6933],[81.8698,28.6639],[81.8791,28.6587],[81.8793,28.6488],[81.8874,28.6431],[81.9388,28.6411],[81.9494,28.636],[81.9593,28.6406],[81.9775,28.6384],[82.0102,28.6451],[82.0422,28.6418],[82.0423,28.6417]]]}},{"type":"Feature","properties":{"province":6,"provinceName":"Karnali","district":"Jajarkot","localLevel":"Nalagad","type":"municipality"},"geometry":{"type":"Polygon","coordinates":[[[82.5803,28.9898],[82.5737,28.9974],[82.5375,29.0113],[82.5084,29.0157],[82.4869,29.0148],[82.4597,28.9898],[82.4407,28.9905],[82.4303,28.9991],[82.4145,29.0041],[82.4007,29.0028],[82.3972,28.9713],[82.3909,28.9631],[82.3897,28.9506],[82.3991,28.9438],[82.3974,28.9359],[82.4066,28.9119],[82.4038,28.899],[82.3979,28.8936],[82.3636,28.8893],[82.3536,28.8751],[82.3375,28.8695],[82.3416,28.8648],[82.3362,28.857],[82.3378,28.849],[82.3168,28.8456],[82.2968,28.8453],[82.2904,28.8542],[82.2937,28.8702],[82.2613,28.8747],[82.248,28.884],[82.2365,28.8819],[82.2361,28.8739],[82.2204,28.8533],[82.2119,28.8439],[82.2033,28.8414],[82.2004,28.8285],[82.2009,28.797],[82.2078,28.7833],[82.2212,28.779],[82.2186,28.7613],[82.2342,28.7536],[82.2366,28.7476],[82.2658,28.7425],[82.2726,28.7325],[82.2732,28.7194],[82.2862,28.7144],[82.2909,28.7267],[82.285,28.7322],[82.292,28.7381],[82.2858,28.7489],[82.2917,28.7568],[82.2853,28.7621],[82.2955,28.777],[82.2962,28.785],[82.3089,28.7876],[82.3377,28.7841],[82.3471,28.7863],[82.3512,28.7928],[82.3595,28.7919],[82.3661,28.7957],[82.3774,28.8219],[82.4022,28.8418],[82.4327,28.8513],[82.4574,28.8734],[82.464,28.8749],[82.4731,28.8682],[82.4987,28.8786],[82.5094,28.8948],[82.5063,28.9212],[82.518,28.9305],[82.5152,28.9499],[82.5539,28.9877],[82.5798,28.9898],[82.5803,28.9898]]]}},{"type":"Feature","properties":{"province":6,"provinceName":"Karnali","district":"Dolpa","localLevel":"Chharka Tangsong","type":"rural_municipality"},"geometry":{"type":"Polygon","coordinates":[[[83.5249,29.2167],[83.5167,29.2068],[83.4991,29.2015],[83.4874,29.2256],[83.4554,29.2364],[83.4376,29.2374],[83.4131,29.227],[83.3763,29.2005],[83.3272,29.1911],[83.3192,29.1811],[83.3113,29.1811],[83.2983,29.1935],[83.2991,29.1885],[83.2886,29.1858],[83.2698,29.1964],[83.2572,29.1804],[83.2579,29.1643],[83.2519,29.1576],[83.259,29.1469],[83.2687,29.1473],[83.2922,29.1318],[83.2911,29.1232],[83.275,29.1197],[83.2788,29.109],[83.2717,29.1],[83.2743,29.0957],[83.2683,29.0716],[83.2798,29.0543],[83.2657,29.0133],[83.2541,29.01],[83.241,29.0131],[83.2241,29.0047],[83.2185,29.0091],[83.213,29.0061],[83.197,29.0086],[83.1895,29.017],[83.166,29.0161],[83.163,29.0208],[83.1675,29.0433],[83.1553,29.0671],[83.1349,29.0498],[83.1266,29.0375],[83.1269,29.0309],[83.1009,29.0186],[83.0943,29.0111],[83.0875,28.9967],[83.0904,28.9782],[83.0769,28.9643],[83.0691,28.9461],[83.0366,28.9226],[83.0322,28.9005],[83.0393,28.8958],[83.0617,28.8994],[83.0783,28.8912],[83.093,28.891],[83.1201,28.8779],[83.1612,28.8761],[83.1698,28.8722],[83.1672,28.8414],[83.1593,28.8193],[83.1685,28.7997],[83.1699,28.7846],[83.1565,28.7698],[83.1479,28.7471],[83.1885,28.7435],[83.2119,28.7318],[83.2313,28.7428],[83.25,28.7303],[83.2789,28.7218],[83.3276,28.7378],[83.364,28.734],[83.3905,28.763],[83.4125,28.7605],[83.4481,28.7688],[83.4632,28.78],[83.4855,28.7828],[83.4901,28.802],[83.4821,28.8171],[83.4856,28.8321],[83.4824,28.8377],[83.4837,28.8446],[83.494,28.8464],[83.5,28.8425],[83.5039,28.8461],[83.5081,28.8651],[83.5015,28.8771],[83.5483,28.9218],[83.5586,28.9337],[83.5607,28.9448],[83.569,28.9433],[83.5821,28.9561],[83.5941,28.9836],[83.6012,28.9856],[83.6113,28.9802],[83.6171,28.9876],[83.619,29.0061],[83.614,29.0147],[83.6186,29.0188],[83.6146,29.0359],[83.6211,29.0457],[83.6217,29.0597],[83.6336,29.0649],[83.6328,29.081],[83.6182,29.0925],[83.6177,29.0983],[83.6227,29.0978],[83.6309,29.1068],[83.652,29.1044],[83.6535,29.119],[83.6623,29.1244],[83.6825,29.1234],[83.677,29.137],[83.6779,29.1489],[83.6651,29.1562],[83.6641,29.1649],[83.6682,29.1697],[83.6637,29.174],[83.6595,29.1761],[83.6355,29.1584],[83.6168,29.1713],[83.6123,29.1807],[83.5922,29.1741],[83.5781,29.1801],[83.5781,29.1874],[83.5714,29.1934],[83.5741,29.2025],[83.5653,29.206],[83.5545,29.2001],[83.5412,29.2026],[83.5252,29.2166],[83.5249,29.2167]]]}},{"type":"Feature","properties":{"province":6,"provinceName":"Karnali","district":"Dolpa","localLevel":"Dolpo Buddha","type":"rural_municipality"},"geometry":{"type":"Polygon","coordinates":[[[83.5249,29.2167],[83.5172,29.228],[83.5249,29.2382],[83.5198,29.2405],[83.5169,29.2558],[83.5063,29.2555],[83.4936,29.2648],[83.4955,29.2738],[83.4893,29.2801],[83.4808,29.281],[83.4736,29.2742],[83.4673,29.2745],[83.4535,29.2975],[83.4457,29.2998],[83.4463,29.3065],[83.4404,29.3087],[83.4486,29.3291],[83.4445,29.3357],[83.447,29.3402],[83.4411,29.3495],[83.4307,29.3498],[83.4172,29.359],[83.4175,29.376],[83.4139,29.3803],[83.4247,29.3846],[83.4225,29.3974],[83.4283,29.4024],[83.418,29.4104],[83.4164,29.4208],[83.3832,29.4232],[83.3735,29.4285],[83.3665,29.4397],[83.3683,29.45],[83.3558,29.4514],[83.3536,29.4588],[83.3444,29.4658],[83.3441,29.475],[83.3497,29.4785],[83.3465,29.4948],[83.3178,29.5089],[83.3044,29.4997],[83.2955,29.5044],[83.2841,29.4987],[83.2695,29.5074],[83.2708,29.5221],[83.2579,29.5392],[83.2562,29.5446],[83.2609,29.551],[83.2574,29.5568],[83.276,29.5545],[83.2842,29.5575],[83.286,29.5629],[83.2798,29.569],[83.266,29.5694],[83.2318,29.5587],[83.2076,29.536],[83.1998,29.5212],[83.1761,29.5077],[83.1706,29.4988],[83.1325,29.4824],[83.1429,29.4808],[83.1606,29.4661],[83.17,29.4428],[83.1766,29.4369],[83.1755,29.4285],[83.2478,29.3738],[83.2605,29.3476],[83.25,29.337],[83.2219,29.3258],[83.2009,29.333],[83.1998,29.3255],[83.1933,29.32],[83.1977,29.3115],[83.1793,29.2892],[83.1809,29.2636],[83.1897,29.2529],[83.1794,29.2421],[83.1712,29.238],[83.16,29.24],[83.1437,29.2314],[83.1271,29.2421],[83.0973,29.2455],[83.1067,29.2327],[83.1043,29.2224],[83.0884,29.2121],[83.0913,29.1905],[83.101,29.1761],[83.0977,29.1671],[83.1066,29.1511],[83.0882,29.1434],[83.0762,29.132],[83.0758,29.1255],[83.0615,29.1205],[83.0611,29.1134],[83.047,29.1007],[83.0623,29.0917],[83.0693,29.0763],[83.0994,29.0686],[83.1325,29.0438],[83.1553,29.0671],[83.1675,29.0433],[83.163,29.0208],[83.166,29.0161],[83.1895,29.017],[83.197,29.0086],[83.213,29.0061],[83.2185,29.0091],[83.2241,29.0047],[83.241,29.0131],[83.2608,29.0108],[83.2712,29.0232],[83.2713,29.034],[83.2798,29.0543],[83.2683,29.0716],[83.2743,29.0957],[83.2717,29.1],[83.2788,29.109],[83.275,29.1197],[83.292,29.125],[83.2919,29.1322],[83.2687,29.1473],[83.259,29.1469],[83.2519,29.1576],[83.2579,29.1643],[83.2572,29.1804],[83.2698,29.1964],[83.2886,29.1858],[83.2991,29.1885],[83.2983,29.1935],[83.3113,29.1811],[83.3192,29.1811],[83.3272,29.1911],[83.3763,29.2005],[83.4131,29.227],[83.4376,29.2374],[83.4554,29.2364],[83.4874,29.2256],[83.4991,29.2015],[83.5167,29.2068],[83.5245,29.2164],[83.5249,29.2167]]]}},{"type":"Feature","properties":{"province":6,"provinceName":"Karnali","district":"Dolpa","localLevel":"Jagadulla","type":"rural_municipality"},"geometry":{"type":"Polygon","coordinates":[[[82.7613,29.1379],[82.769,29.1552],[82.7714,29.1915],[82.766,29.2056],[82.7468,29.2257],[82.7655,29.2343],[82.7901,29.2376],[82.7865,29.2498],[82.7783,29.2576],[82.7758,29.2721],[82.7984,29.2895],[82.792,29.3121],[82.765,29.3376],[82.7828,29.3663],[82.7822,29.3783],[82.7785,29.3822],[82.7599,29.3828],[82.7553,29.392],[82.7469,29.3934],[82.7413,29.4027],[82.7306,29.4011],[82.7089,29.4096],[82.7018,29.4285],[82.6902,29.4235],[82.6892,29.4126],[82.6771,29.4035],[82.6629,29.4018],[82.6611,29.3954],[82.644,29.3853],[82.6259,29.3982],[82.6288,29.4136],[82.6252,29.4246],[82.5882,29.4225],[82.5827,29.4161],[82.5604,29.4114],[82.55,29.3803],[82.57,29.3654],[82.5768,29.3376],[82.5837,29.3362],[82.5923,29.3267],[82.5926,29.303],[82.5588,29.287],[82.5524,29.2798],[82.5539,29.2657],[82.5329,29.25],[82.5421,29.2438],[82.5361,29.2366],[82.545,29.2268],[82.5476,29.2122],[82.5841,29.1906],[82.5804,29.1799],[82.573,29.1716],[82.5628,29.1709],[82.5569,29.1655],[82.5329,29.1638],[82.5164,29.1563],[82.4742,29.1637],[82.4627,29.1568],[82.4485,29.1577],[82.4351,29.1461],[82.4362,29.1391],[82.444,29.1378],[82.4711,29.111],[82.4848,29.1128],[82.4921,29.0997],[82.5158,29.0852],[82.5269,29.0931],[82.5674,29.0916],[82.5789,29.0888],[82.6011,29.067],[82.6232,29.0796],[82.6323,29.0697],[82.6447,29.0679],[82.6475,29.0609],[82.6657,29.0526],[82.6696,29.0599],[82.6622,29.0786],[82.6681,29.0966],[82.6988,29.1039],[82.7078,29.1257],[82.761,29.1379],[82.7613,29.1379]]]}},{"type":"Feature","properties":{"province":6,"provinceName":"Karnali","district":"Dolpa","localLevel":"Kaike","type":"rural_municipality"},"geometry":{"type":"Polygon","coordinates":[[[83.1325,29.0438],[83.0994,29.0686],[83.0693,29.0763],[83.0623,29.0917],[83.0472,29.1005],[83.0292,29.0859],[83.03,29.06],[83.0203,29.0469],[83.0266,29.0183],[82.9849,29.0138],[82.9655,29.0237],[82.959,29.0153],[82.9632,29.0083],[82.9591,28.9949],[82.9632,28.9843],[82.951,28.982],[82.9496,28.9612],[82.9371,28.9441],[82.937,28.9372],[82.9515,28.938],[82.9452,28.9016],[82.9525,28.8868],[82.9558,28.8564],[82.9451,28.8433],[82.9441,28.8355],[82.9526,28.8237],[82.9678,28.8203],[82.9831,28.8006],[82.9993,28.8038],[83.0243,28.7906],[83.0381,28.7927],[83.0704,28.7799],[83.0812,28.7861],[83.0837,28.7794],[83.1002,28.7665],[83.1046,28.7534],[83.117,28.7431],[83.1479,28.7471],[83.1565,28.7698],[83.1692,28.7819],[83.1685,28.7997],[83.1593,28.8193],[83.1672,28.8414],[83.1698,28.8722],[83.1612,28.8761],[83.1201,28.8779],[83.093,28.891],[83.0783,28.8912],[83.0617,28.8994],[83.0393,28.8958],[83.0322,28.9005],[83.0366,28.9226],[83.0691,28.9461],[83.0769,28.9643],[83.0904,28.9782],[83.0875,28.9967],[83.0943,29.0111],[83.109,29.0232],[83.1229,29.0274],[83.1326,29.0431],[83.1325,29.0438]]]}},{"type":"Feature","properties":{"province":6,"provinceName":"Karnali","district":"Dolpa","localLevel":"Mudkechula","type":"rural_municipality"},"geometry":{"type":"Polygon","coordinates":[[[82.4362,29.1391],[82.4178,29.1335],[82.4155,29.1233],[82.42,29.1195],[82.4201,29.1108],[82.4055,29.0728],[82.4074,29.0463],[82.3941,29.0177],[82.4007,29.0028],[82.4145,29.0041],[82.4303,28.9991],[82.4407,28.9905],[82.4588,28.9897],[82.4869,29.0148],[82.5262,29.0144],[82.5737,28.9974],[82.5954,28.9808],[82.6342,28.9759],[82.6334,28.9881],[82.6163,29.0041],[82.6208,29.0146],[82.6179,29.0209],[82.6338,29.0357],[82.6572,29.0437],[82.6657,29.0526],[82.6475,29.0609],[82.6447,29.0679],[82.6323,29.0697],[82.6232,29.0796],[82.6011,29.067],[82.5789,29.0888],[82.5674,29.0916],[82.5269,29.0931],[82.5158,29.0852],[82.4921,29.0997],[82.4848,29.1128],[82.4711,29.111],[82.444,29.1378],[82.4368,29.1391],[82.4362,29.1391]]]}},{"type":"Feature","properties":{"province":6,"provinceName":"Karnali","district":"Dolpa","localLevel":"Shey Phoksundo","type":"rural_municipality"},"geometry":{"type":"Polygon","coordinates":[[[83.2697,29.5695],[83.2632,29.5776],[83.234,29.5778],[83.2165,29.5893],[83.2201,29.6055],[83.2009,29.6062],[83.1988,29.6111],[83.1897,29.6083],[83.1904,29.5975],[83.182,29.593],[83.1611,29.5964],[83.1672,29.616],[83.1521,29.6238],[83.144,29.6248],[83.1335,29.6179],[83.1224,29.6286],[83.1185,29.6164],[83.1074,29.6184],[83.0922,29.612],[83.0943,29.6054],[83.0877,29.6027],[83.0714,29.6099],[83.0675,29.6261],[83.0454,29.6308],[83.0355,29.6542],[83.023,29.6507],[83.0231,29.6577],[83.0161,29.6604],[83.0106,29.6726],[83.0025,29.6646],[82.9937,29.6634],[82.987,29.6684],[82.9577,29.6626],[82.9488,29.6732],[82.9429,29.6741],[82.9504,29.6916],[82.9375,29.7055],[82.9287,29.7006],[82.917,29.7064],[82.9103,29.7004],[82.8929,29.7014],[82.8882,29.6927],[82.8627,29.6846],[82.8406,29.6918],[82.8291,29.6898],[82.829,29.6491],[82.8174,29.6466],[82.8072,29.6384],[82.8003,29.6395],[82.7963,29.6315],[82.7982,29.6139],[82.8115,29.5929],[82.8096,29.5866],[82.8212,29.5594],[82.8052,29.5515],[82.7835,29.5143],[82.7759,29.5162],[82.75,29.5074],[82.7338,29.5077],[82.7283,29.5002],[82.7305,29.4904],[82.7255,29.4793],[82.7368,29.4663],[82.7272,29.4489],[82.7191,29.4448],[82.7168,29.4317],[82.7045,29.4271],[82.7089,29.4096],[82.7306,29.4011],[82.7413,29.4027],[82.7469,29.3934],[82.7553,29.392],[82.7595,29.383],[82.7785,29.3822],[82.7832,29.3757],[82.7828,29.3663],[82.765,29.3379],[82.7763,29.3247],[82.7864,29.3201],[82.7981,29.2932],[82.7967,29.2864],[82.7758,29.2721],[82.7783,29.2576],[82.7865,29.2498],[82.7901,29.2376],[82.7655,29.2343],[82.7468,29.2257],[82.766,29.2056],[82.7713,29.1918],[82.769,29.1552],[82.761,29.1332],[82.7765,29.1055],[82.7946,29.1065],[82.8024,29.1027],[82.8218,29.0712],[82.8955,29.0606],[82.9054,29.0397],[82.9488,29.0524],[82.9509,29.0698],[82.9708,29.0954],[83.0001,29.104],[83.0315,29.0916],[83.039,29.0933],[83.0611,29.1134],[83.0614,29.1203],[83.0758,29.1255],[83.0762,29.132],[83.0882,29.1434],[83.1063,29.1508],[83.0977,29.1671],[83.101,29.1761],[83.0913,29.1905],[83.0884,29.2121],[83.1043,29.2224],[83.1067,29.2327],[83.0973,29.2455],[83.1271,29.2421],[83.1437,29.2314],[83.16,29.24],[83.1712,29.238],[83.1794,29.2421],[83.1897,29.2529],[83.1809,29.2636],[83.1793,29.2892],[83.1977,29.3115],[83.1933,29.32],[83.1998,29.3255],[83.2009,29.333],[83.2219,29.3258],[83.25,29.337],[83.2607,29.3481],[83.2478,29.3738],[83.1755,29.4285],[83.1766,29.4369],[83.17,29.4428],[83.1606,29.4661],[83.1431,29.4807],[83.1326,29.4827],[83.1706,29.4988],[83.1761,29.5077],[83.1998,29.5212],[83.2076,29.536],[83.2318,29.5587],[83.2694,29.5694],[83.2697,29.5695]]]}},{"type":"Feature","properties":{"province":6,"provinceName":"Karnali","district":"Dolpa","localLevel":"Thuli Bheri","type":"municipality"},"geometry":{"type":"Polygon","coordinates":[[[83.0328,29.0914],[83.0001,29.104],[82.9698,29.095],[82.9509,29.0698],[82.9488,29.0524],[82.9058,29.0405],[82.909,29.0309],[82.9059,29.0117],[82.8896,28.9848],[82.8765,28.9727],[82.8607,28.9798],[82.8473,28.9789],[82.8301,28.9937],[82.8136,29.001],[82.797,28.9862],[82.7784,28.9814],[82.7626,28.9681],[82.7646,28.958],[82.7725,28.9507],[82.7626,28.9348],[82.7605,28.918],[82.7171,28.8985],[82.7022,28.901],[82.6929,28.8882],[82.6994,28.8876],[82.7017,28.8827],[82.6976,28.8646],[82.714,28.8514],[82.7445,28.8452],[82.7678,28.8085],[82.7837,28.8242],[82.8013,28.8206],[82.8191,28.8312],[82.8376,28.8316],[82.8457,28.8264],[82.8695,28.8341],[82.8981,28.8246],[82.9068,28.8322],[82.9322,28.827],[82.9489,28.8289],[82.9442,28.8351],[82.9451,28.8432],[82.9558,28.8564],[82.9525,28.8868],[82.9452,28.9016],[82.9515,28.938],[82.937,28.9372],[82.9371,28.9441],[82.9496,28.9612],[82.951,28.982],[82.9632,28.9843],[82.9591,28.9949],[82.9632,29.0083],[82.959,29.0153],[82.9659,29.0239],[82.9849,29.0138],[83.0262,29.0178],[83.028,29.0231],[83.0203,29.0469],[83.03,29.06],[83.0278,29.0795],[83.0327,29.0913],[83.0328,29.0914]]]}},{"type":"Feature","properties":{"province":6,"provinceName":"Karnali","district":"Dolpa","localLevel":"Tripurasundari","type":"municipality"},"geometry":{"type":"Polygon","coordinates":[[[82.9054,29.0397],[82.8929,29.0617],[82.8214,29.0713],[82.8024,29.1027],[82.7946,29.1065],[82.7765,29.1055],[82.7613,29.1379],[82.739,29.1352],[82.7078,29.1257],[82.7024,29.108],[82.6932,29.1003],[82.6842,29.1023],[82.6676,29.0959],[82.6622,29.0786],[82.6696,29.0599],[82.6659,29.0513],[82.6572,29.0437],[82.6338,29.0357],[82.6179,29.0209],[82.6208,29.0146],[82.6165,29.0036],[82.6334,28.9881],[82.6354,28.9788],[82.6323,28.9753],[82.6168,28.9782],[82.6424,28.9628],[82.6682,28.9633],[82.6727,28.9454],[82.6884,28.9172],[82.701,28.9095],[82.7022,28.901],[82.7107,28.8968],[82.7599,28.9173],[82.7626,28.9348],[82.7725,28.9507],[82.7646,28.958],[82.7626,28.9681],[82.7784,28.9814],[82.7973,28.9864],[82.8115,29.0005],[82.8301,28.9937],[82.8473,28.9789],[82.8607,28.9798],[82.8765,28.9727],[82.8896,28.9848],[82.9059,29.0117],[82.909,29.0309],[82.9056,29.0395],[82.9054,29.0397]]]}},{"type":"Feature","properties":{"province":6,"provinceName":"Karnali","district":"Jumla","localLevel":"Chandannath","type":"municipality"},"geometry":{"type":"Polygon","coordinates":[[[82.1653,29.3411],[82.1512,29.3564],[82.128,29.3633],[82.1316,29.3381],[82.1122,29.3313],[82.1013,29.3192],[82.0919,29.2987],[82.109,29.2665],[82.1376,29.2521],[82.1296,29.2484],[82.1355,29.2427],[82.19,29.2431],[82.206,29.2615],[82.2078,29.2798],[82.219,29.2937],[82.2043,29.3067],[82.197,29.3204],[82.1656,29.3409],[82.1653,29.3411]]]}},{"type":"Feature","properties":{"province":6,"provinceName":"Karnali","district":"Jumla","localLevel":"Guthichaur","type":"rural_municipality"},"geometry":{"type":"Polygon","coordinates":[[[82.5349,29.2511],[82.5226,29.2507],[82.5197,29.2415],[82.5109,29.2455],[82.4725,29.2395],[82.4689,29.2442],[82.4491,29.2326],[82.4251,29.2379],[82.3935,29.2279],[82.3826,29.229],[82.3555,29.2452],[82.3469,29.2556],[82.3434,29.2709],[82.3328,29.2788],[82.3217,29.2814],[82.2851,29.266],[82.2667,29.2804],[82.2364,29.2873],[82.2244,29.299],[82.2133,29.2892],[82.2051,29.273],[82.206,29.2615],[82.19,29.2431],[82.1986,29.2336],[82.2091,29.2307],[82.2144,29.2202],[82.225,29.2157],[82.2286,29.1922],[82.2465,29.183],[82.2418,29.1745],[82.2464,29.1619],[82.2595,29.1622],[82.26,29.1564],[82.2751,29.1543],[82.2717,29.1429],[82.2872,29.116],[82.3033,29.1197],[82.325,29.11],[82.3543,29.1165],[82.4137,29.0955],[82.4201,29.1108],[82.42,29.1195],[82.4155,29.1233],[82.419,29.1362],[82.4362,29.1391],[82.4351,29.1461],[82.4482,29.1576],[82.4627,29.1568],[82.4742,29.1637],[82.5164,29.1563],[82.5329,29.1638],[82.5569,29.1655],[82.5795,29.1786],[82.5841,29.1906],[82.5476,29.2122],[82.545,29.2268],[82.5361,29.2366],[82.5421,29.2438],[82.534,29.2475],[82.5346,29.2508],[82.5349,29.2511]]]}},{"type":"Feature","properties":{"province":6,"provinceName":"Karnali","district":"Jumla","localLevel":"Hima","type":"rural_municipality"},"geometry":{"type":"Polygon","coordinates":[[[82.0414,29.2785],[82.0332,29.2923],[82.0216,29.3],[81.9875,29.2996],[81.9826,29.3065],[81.9863,29.3234],[81.9827,29.3277],[81.9724,29.3231],[81.9577,29.3376],[81.9373,29.3408],[81.9318,29.3401],[81.929,29.3292],[81.9092,29.3219],[81.8977,29.3076],[81.899,29.2976],[81.8844,29.2855],[81.8812,29.2728],[81.8615,29.2732],[81.8497,29.2663],[81.8481,29.2587],[81.8517,29.2445],[81.8609,29.2409],[81.8706,29.2257],[81.8773,29.2271],[81.8961,29.2139],[81.9032,29.2138],[81.9124,29.2013],[81.9284,29.2198],[81.9795,29.26],[81.9994,29.265],[82.0057,29.2737],[82.0195,29.2779],[82.0314,29.2753],[82.0414,29.2785],[82.0414,29.2785]]]}},{"type":"Feature","properties":{"province":6,"provinceName":"Karnali","district":"Jumla","localLevel":"Kanakasundari","type":"rural_municipality"},"geometry":{"type":"Polygon","coordinates":[[[82.1742,29.4162],[82.1629,29.417],[82.1546,29.4269],[82.1455,29.4291],[82.1413,29.4381],[82.1475,29.4471],[82.1445,29.4571],[82.132,29.4703],[82.1039,29.4586],[82.0952,29.4644],[82.0925,29.4759],[82.0853,29.4823],[82.07,29.4839],[82.0589,29.4793],[82.0499,29.4841],[82.0161,29.4615],[82.008,29.4729],[81.981,29.473],[81.9812,29.4652],[81.9662,29.4458],[81.94,29.4438],[81.9327,29.4373],[81.9293,29.4026],[81.9342,29.3937],[81.9443,29.395],[81.9474,29.4031],[81.9616,29.4047],[81.9853,29.3882],[81.9834,29.3844],[81.9957,29.3741],[82.0027,29.3752],[82.0338,29.3606],[82.0492,29.3583],[82.0757,29.3856],[82.0997,29.3875],[82.1092,29.3772],[82.1209,29.3743],[82.128,29.3633],[82.1512,29.3564],[82.1653,29.3411],[82.179,29.3455],[82.1813,29.3528],[82.1681,29.3887],[82.1735,29.3908],[82.1741,29.4157],[82.1742,29.4162]]]}},{"type":"Feature","properties":{"province":6,"provinceName":"Karnali","district":"Jumla","localLevel":"Patrasi","type":"rural_municipality"},"geometry":{"type":"Polygon","coordinates":[[[82.5604,29.4114],[82.5437,29.4207],[82.515,29.4205],[82.5127,29.4353],[82.5043,29.4456],[82.5022,29.4577],[82.5075,29.4707],[82.5023,29.4751],[82.5036,29.4836],[82.4979,29.4935],[82.4547,29.4645],[82.4499,29.45],[82.4343,29.4433],[82.4286,29.4492],[82.4131,29.4512],[82.4125,29.4639],[82.3878,29.5018],[82.3655,29.4904],[82.3477,29.494],[82.3417,29.5042],[82.3188,29.5066],[82.3024,29.494],[82.3035,29.4819],[82.3081,29.4787],[82.301,29.4705],[82.3032,29.4612],[82.2956,29.4423],[82.2687,29.445],[82.2493,29.4334],[82.2416,29.4388],[82.224,29.4285],[82.2241,29.419],[82.2156,29.4069],[82.212,29.4108],[82.1963,29.4111],[82.1851,29.4063],[82.1742,29.4162],[82.1735,29.3908],[82.1681,29.3887],[82.1813,29.3528],[82.179,29.3455],[82.1653,29.3411],[82.197,29.3204],[82.2043,29.3067],[82.219,29.2937],[82.2244,29.299],[82.2364,29.2873],[82.2667,29.2804],[82.2842,29.2663],[82.3217,29.2814],[82.3328,29.2788],[82.3434,29.2709],[82.3469,29.2556],[82.3555,29.2452],[82.3826,29.229],[82.3935,29.2279],[82.4251,29.2379],[82.4491,29.2326],[82.4689,29.2442],[82.4725,29.2395],[82.5109,29.2455],[82.5197,29.2415],[82.5226,29.2507],[82.5349,29.2511],[82.5498,29.2604],[82.5539,29.2659],[82.5524,29.2798],[82.5588,29.287],[82.5926,29.303],[82.5923,29.3267],[82.5837,29.3362],[82.5768,29.3376],[82.57,29.3654],[82.55,29.3803],[82.5602,29.4111],[82.5604,29.4114]]]}},{"type":"Feature","properties":{"province":6,"provinceName":"Karnali","district":"Jumla","localLevel":"Sinja","type":"rural_municipality"},"geometry":{"type":"Polygon","coordinates":[[[82.128,29.3633],[82.1209,29.3743],[82.1092,29.3772],[82.1004,29.3872],[82.0853,29.3886],[82.0751,29.3852],[82.0724,29.3789],[82.0676,29.3799],[82.0492,29.3583],[82.0348,29.3603],[82.0027,29.3752],[81.9957,29.3741],[81.9834,29.3844],[81.9852,29.3882],[81.9608,29.4049],[81.9474,29.4031],[81.9443,29.395],[81.9318,29.3938],[81.9262,29.3846],[81.9295,29.3664],[81.927,29.3533],[81.9318,29.3401],[81.9577,29.3376],[81.9724,29.3231],[81.9827,29.3277],[81.9863,29.3234],[81.9826,29.3065],[81.9875,29.2996],[82.0216,29.3],[82.0332,29.2923],[82.0414,29.2785],[82.0546,29.2855],[82.0763,29.2836],[82.0902,29.2944],[82.1013,29.3192],[82.1122,29.3313],[82.1316,29.3381],[82.1273,29.3625],[82.128,29.3633]]]}},{"type":"Feature","properties":{"province":6,"provinceName":"Karnali","district":"Jumla","localLevel":"Tatopani","type":"rural_municipality"},"geometry":{"type":"Polygon","coordinates":[[[82.19,29.2431],[82.1355,29.2427],[82.1296,29.2484],[82.1376,29.2521],[82.109,29.2665],[82.0913,29.2959],[82.0763,29.2836],[82.0537,29.2852],[82.0351,29.27],[82.026,29.239],[82.0354,29.2159],[82.0315,29.2056],[82.0634,29.1929],[82.0619,29.1768],[82.0664,29.1715],[82.0364,29.1489],[82.0183,29.122],[82.0226,29.1157],[82.0165,29.0947],[82.0213,29.0833],[82.0197,29.0756],[82.0141,29.0726],[82.0186,29.0609],[82.0153,29.0554],[82.0192,29.0516],[82.0131,29.0304],[82.0186,29.0233],[82.0411,29.0119],[82.0463,29.0034],[82.0448,28.9892],[82.0516,28.9807],[82.0802,28.9693],[82.0972,28.9743],[82.1021,28.9843],[82.1249,28.9945],[82.1206,29.0144],[82.1273,29.0155],[82.1404,29.0317],[82.1485,29.0325],[82.1497,29.0481],[82.1693,29.0693],[82.1825,29.0618],[82.2003,29.0733],[82.2054,29.0805],[82.2029,29.0889],[82.2217,29.0902],[82.2307,29.1056],[82.2385,29.1012],[82.256,29.1099],[82.2646,29.1071],[82.2716,29.1139],[82.2671,29.115],[82.2664,29.1214],[82.2801,29.1274],[82.2712,29.1448],[82.2751,29.1543],[82.26,29.1564],[82.2595,29.1622],[82.2464,29.1619],[82.2418,29.1745],[82.2465,29.183],[82.2286,29.1922],[82.225,29.2157],[82.2144,29.2202],[82.2091,29.2307],[82.1986,29.2336],[82.1902,29.2431],[82.19,29.2431]]]}},{"type":"Feature","properties":{"province":6,"provinceName":"Karnali","district":"Jumla","localLevel":"Tila","type":"rural_municipality"},"geometry":{"type":"Polygon","coordinates":[[[82.0387,29.2757],[82.0195,29.2779],[82.0057,29.2737],[81.9994,29.265],[81.9795,29.26],[81.9163,29.2084],[81.91,29.188],[81.9026,29.1852],[81.8965,29.1728],[81.9055,29.1572],[81.9283,29.1573],[81.9459,29.1494],[81.952,29.142],[81.9497,29.1292],[81.9596,29.128],[81.9827,29.1077],[82.0165,29.0947],[82.0219,29.1048],[82.0203,29.126],[82.0364,29.1489],[82.0664,29.1715],[82.0619,29.1768],[82.0634,29.1929],[82.0315,29.2056],[82.0354,29.2159],[82.0261,29.2407],[82.0387,29.2757],[82.0387,29.2757]]]}},{"type":"Feature","properties":{"province":6,"provinceName":"Karnali","district":"Kalikot","localLevel":"Kalika","type":"rural_municipality"},"geometry":{"type":"Polygon","coordinates":[[[81.6937,29.1076],[81.681,29.1064],[81.6625,29.1149],[81.6147,29.12],[81.6103,29.1244],[81.6046,29.1196],[81.5964,29.1268],[81.5824,29.118],[81.5781,29.1039],[81.5695,29.0956],[81.5636,29.0664],[81.5655,29.0536],[81.6006,29.0454],[81.6152,29.0334],[81.6324,29.0466],[81.6529,29.04],[81.6917,29.0493],[81.6975,29.0638],[81.6923,29.078],[81.6939,29.1069],[81.6937,29.1076]]]}},{"type":"Feature","properties":{"province":6,"provinceName":"Karnali","district":"Kalikot","localLevel":"Khandachakra","type":"municipality"},"geometry":{"type":"Polygon","coordinates":[[[81.7482,29.1879],[81.7217,29.1774],[81.7126,29.1834],[81.7142,29.2004],[81.7044,29.2032],[81.6827,29.1948],[81.6664,29.1777],[81.6492,29.1792],[81.6589,29.1966],[81.6493,29.1957],[81.6269,29.2114],[81.6161,29.2016],[81.6203,29.1843],[81.6115,29.1668],[81.586,29.1543],[81.581,29.1359],[81.5824,29.118],[81.5964,29.1268],[81.6046,29.1196],[81.6103,29.1244],[81.6147,29.12],[81.6517,29.1173],[81.6727,29.1081],[81.6998,29.1042],[81.7178,29.1032],[81.7256,29.1083],[81.7445,29.1101],[81.7691,29.1337],[81.7602,29.149],[81.75,29.1523],[81.7437,29.1611],[81.7421,29.1691],[81.7485,29.187],[81.7482,29.1879]]]}},{"type":"Feature","properties":{"province":6,"provinceName":"Karnali","district":"Kalikot","localLevel":"Mahawai","type":"rural_municipality"},"geometry":{"type":"Polygon","coordinates":[[[81.9773,29.1111],[81.9701,29.0732],[81.9759,29.0602],[81.9607,29.0536],[81.9382,29.0707],[81.9292,29.0681],[81.9162,29.0726],[81.9144,29.0869],[81.889,29.0852],[81.8797,29.0763],[81.8622,29.0858],[81.8387,29.0873],[81.8308,29.1018],[81.794,29.1068],[81.7764,29.0979],[81.7631,29.0968],[81.7531,29.1001],[81.7532,29.1054],[81.7445,29.1101],[81.7256,29.1083],[81.7178,29.1032],[81.6937,29.1076],[81.6923,29.078],[81.6975,29.0638],[81.6924,29.0497],[81.7041,29.0319],[81.7171,29.0278],[81.7177,29.02],[81.732,29.0217],[81.7531,29.0102],[81.7731,29.0192],[81.7968,29.0135],[81.7949,29.0051],[81.8209,28.9846],[81.8434,28.9812],[81.8501,28.9722],[81.8761,28.9716],[81.8906,28.9843],[81.9024,28.982],[81.9118,28.9866],[81.9218,28.9776],[81.9598,28.9854],[81.963,28.9909],[81.9862,29.0028],[81.9878,29.0126],[82.0025,29.0158],[82.0091,29.0304],[82.0135,29.0295],[82.0192,29.0516],[82.0153,29.0554],[82.0186,29.0609],[82.014,29.072],[82.0199,29.0765],[82.0189,29.092],[81.9775,29.111],[81.9773,29.1111]]]}},{"type":"Feature","properties":{"province":6,"provinceName":"Karnali","district":"Kalikot","localLevel":"Naraharinath","type":"rural_municipality"},"geometry":{"type":"Polygon","coordinates":[[[81.5257,29.3151],[81.5097,29.3146],[81.5018,29.2973],[81.4856,29.2796],[81.4698,29.2718],[81.4794,29.264],[81.493,29.2616],[81.5014,29.2388],[81.4883,29.2254],[81.4839,29.2005],[81.4925,29.185],[81.4891,29.1729],[81.497,29.1688],[81.5009,29.1517],[81.5264,29.1527],[81.5351,29.1465],[81.5371,29.1368],[81.5673,29.1261],[81.5816,29.1366],[81.586,29.1543],[81.592,29.1584],[81.5819,29.1774],[81.5847,29.19],[81.5776,29.2437],[81.5643,29.2545],[81.5654,29.2654],[81.55,29.2748],[81.5405,29.2964],[81.5277,29.3058],[81.5258,29.3148],[81.5257,29.3151]]]}},{"type":"Feature","properties":{"province":6,"provinceName":"Karnali","district":"Kalikot","localLevel":"Pachaljharana","type":"rural_municipality"},"geometry":{"type":"Polygon","coordinates":[[[81.8098,29.2182],[81.7927,29.2434],[81.7848,29.2479],[81.7732,29.2461],[81.7775,29.2731],[81.7708,29.2862],[81.761,29.2859],[81.7495,29.2938],[81.75,29.3041],[81.7553,29.3085],[81.7555,29.3308],[81.753,29.3411],[81.7482,29.3421],[81.7415,29.3339],[81.705,29.3306],[81.6927,29.3205],[81.6743,29.3184],[81.6763,29.2731],[81.6687,29.2637],[81.6724,29.2573],[81.6832,29.2544],[81.6854,29.2464],[81.6504,29.2203],[81.6406,29.2196],[81.6285,29.212],[81.6493,29.1957],[81.6589,29.1966],[81.6492,29.1792],[81.6664,29.1777],[81.6827,29.1948],[81.7044,29.2032],[81.7142,29.2004],[81.7126,29.1834],[81.7224,29.1772],[81.8098,29.2169],[81.8098,29.2182]]]}},{"type":"Feature","properties":{"province":6,"provinceName":"Karnali","district":"Kalikot","localLevel":"Palata","type":"rural_municipality"},"geometry":{"type":"Polygon","coordinates":[[[81.9327,29.4373],[81.9234,29.4444],[81.8866,29.4434],[81.8686,29.4606],[81.8434,29.4615],[81.8345,29.4565],[81.8117,29.4551],[81.8052,29.4483],[81.8072,29.4393],[81.8008,29.4291],[81.7997,29.407],[81.7912,29.389],[81.7706,29.3922],[81.7683,29.3857],[81.7629,29.3866],[81.76,29.3823],[81.7515,29.3665],[81.7543,29.3524],[81.7482,29.3421],[81.753,29.3411],[81.7555,29.3308],[81.7553,29.3085],[81.75,29.3041],[81.7495,29.2938],[81.761,29.2859],[81.7708,29.2862],[81.7775,29.2731],[81.7732,29.2461],[81.7848,29.2479],[81.7927,29.2434],[81.8098,29.2182],[81.8389,29.2306],[81.8429,29.2374],[81.8579,29.2411],[81.8517,29.2445],[81.8497,29.2663],[81.8615,29.2732],[81.8812,29.2728],[81.8844,29.2855],[81.899,29.2976],[81.8977,29.3076],[81.9092,29.3219],[81.9321,29.3328],[81.9262,29.3846],[81.9322,29.3947],[81.9293,29.4026],[81.9325,29.4364],[81.9327,29.4373]]]}},{"type":"Feature","properties":{"province":6,"provinceName":"Karnali","district":"Kalikot","localLevel":"Raskot","type":"municipality"},"geometry":{"type":"Polygon","coordinates":[[[81.6741,29.318],[81.6495,29.3214],[81.6439,29.3337],[81.6188,29.3169],[81.6266,29.3064],[81.6183,29.297],[81.6242,29.2988],[81.6362,29.2934],[81.6031,29.2595],[81.6196,29.2476],[81.6219,29.2303],[81.6357,29.2157],[81.6504,29.2203],[81.6854,29.2464],[81.6832,29.2544],[81.6724,29.2573],[81.6687,29.2637],[81.6763,29.2731],[81.6751,29.3179],[81.6741,29.318]]]}},{"type":"Feature","properties":{"province":6,"provinceName":"Karnali","district":"Kalikot","localLevel":"Sanni Tribeni","type":"rural_municipality"},"geometry":{"type":"Polygon","coordinates":[[[81.6439,29.3337],[81.6455,29.3555],[81.6409,29.3557],[81.6365,29.3644],[81.6155,29.3707],[81.5781,29.3628],[81.5688,29.3478],[81.5602,29.3579],[81.5522,29.3495],[81.5491,29.3382],[81.5307,29.3261],[81.5257,29.3156],[81.5277,29.3058],[81.5405,29.2964],[81.55,29.2748],[81.5654,29.2654],[81.5643,29.2545],[81.5774,29.2442],[81.5847,29.19],[81.5819,29.1774],[81.592,29.1584],[81.6115,29.1668],[81.6203,29.1843],[81.6161,29.2016],[81.6357,29.2157],[81.6219,29.2303],[81.6196,29.2476],[81.6031,29.2595],[81.6362,29.2934],[81.6242,29.2988],[81.6183,29.297],[81.6266,29.3064],[81.6188,29.3166],[81.641,29.3322],[81.6439,29.3337]]]}},{"type":"Feature","properties":{"province":6,"provinceName":"Karnali","district":"Kalikot","localLevel":"Tilagufa","type":"municipality"},"geometry":{"type":"Polygon","coordinates":[[[81.9124,29.2013],[81.9032,29.2138],[81.8961,29.2139],[81.8773,29.2271],[81.8706,29.2257],[81.8583,29.2415],[81.8429,29.2374],[81.8331,29.2274],[81.8217,29.2258],[81.8076,29.2143],[81.7491,29.1886],[81.7421,29.1691],[81.7437,29.1611],[81.75,29.1523],[81.7602,29.149],[81.7691,29.1337],[81.7445,29.1101],[81.7609,29.097],[81.7764,29.0979],[81.794,29.1068],[81.8308,29.1018],[81.8387,29.0873],[81.8622,29.0858],[81.8797,29.0763],[81.889,29.0852],[81.9144,29.0869],[81.9162,29.0726],[81.9292,29.0681],[81.9382,29.0707],[81.9607,29.0536],[81.9749,29.0596],[81.9701,29.0732],[81.9773,29.1111],[81.9744,29.1162],[81.9596,29.128],[81.9497,29.1292],[81.952,29.142],[81.9459,29.1494],[81.9283,29.1573],[81.9055,29.1572],[81.8977,29.1678],[81.8976,29.1759],[81.9026,29.1852],[81.91,29.188],[81.9124,29.2012],[81.9124,29.2013]]]}},{"type":"Feature","properties":{"province":6,"provinceName":"Karnali","district":"Mugu","localLevel":"Chhayanath Rara","type":"municipality"},"geometry":{"type":"Polygon","coordinates":[[[82.2362,29.6627],[82.221,29.6636],[82.2167,29.6553],[82.2036,29.6601],[82.1944,29.6532],[82.1861,29.6583],[82.1714,29.6539],[82.1581,29.6582],[82.1445,29.6458],[82.1046,29.6348],[82.0986,29.6442],[82.0847,29.6521],[82.0665,29.6466],[82.065,29.6247],[82.0579,29.6156],[82.0601,29.6034],[82.0543,29.5942],[82.0965,29.5915],[82.1059,29.5954],[82.1084,29.5848],[82.1023,29.5759],[82.1146,29.5594],[82.1125,29.5469],[82.0936,29.5449],[82.0819,29.5522],[82.0605,29.5485],[82.0497,29.5397],[82.0418,29.5456],[82.0403,29.5564],[82.0269,29.5625],[82.0201,29.5574],[82.0231,29.5439],[82.0172,29.5252],[81.9988,29.5166],[82.0055,29.5025],[82.0203,29.4916],[82.0424,29.488],[82.0589,29.4793],[82.07,29.4839],[82.0853,29.4823],[82.0925,29.4759],[82.0952,29.4644],[82.1039,29.4586],[82.132,29.4703],[82.1445,29.4571],[82.1475,29.4471],[82.1413,29.4381],[82.1455,29.4291],[82.1546,29.4269],[82.1629,29.417],[82.1789,29.4144],[82.186,29.4061],[82.1963,29.4111],[82.212,29.4108],[82.2156,29.4069],[82.2241,29.419],[82.224,29.4285],[82.2416,29.4388],[82.2493,29.4334],[82.2687,29.445],[82.2956,29.4423],[82.3032,29.4612],[82.301,29.4705],[82.3081,29.4787],[82.3035,29.4819],[82.3024,29.494],[82.3187,29.5065],[82.3189,29.5152],[82.2881,29.5372],[82.2704,29.5394],[82.2652,29.5586],[82.2725,29.5819],[82.2474,29.5696],[82.2372,29.5744],[82.2231,29.5967],[82.2362,29.6624],[82.2362,29.6627]]]}},{"type":"Feature","properties":{"province":6,"provinceName":"Karnali","district":"Mugu","localLevel":"Khatyad","type":"rural_municipality"},"geometry":{"type":"Polygon","coordinates":[[[82.0082,29.523],[82.0119,29.5402],[81.9945,29.5582],[81.9855,29.5591],[81.9802,29.5651],[81.9682,29.569],[81.9392,29.5583],[81.9184,29.5648],[81.9019,29.5583],[81.8807,29.5695],[81.8555,29.5642],[81.837,29.5884],[81.8167,29.5981],[81.7929,29.6215],[81.7853,29.6226],[81.7763,29.6112],[81.7783,29.6009],[81.7923,29.5957],[81.7915,29.5901],[81.8004,29.5766],[81.8008,29.5592],[81.7922,29.5405],[81.7947,29.5306],[81.7875,29.5284],[81.7791,29.5173],[81.7824,29.5091],[81.7643,29.5053],[81.7899,29.5],[81.8057,29.4751],[81.8095,29.454],[81.8345,29.4565],[81.8434,29.4615],[81.8686,29.4606],[81.8866,29.4434],[81.9234,29.4444],[81.9327,29.4373],[81.94,29.4438],[81.9662,29.4458],[81.9812,29.4652],[81.981,29.473],[82.008,29.4729],[82.0161,29.4615],[82.0464,29.4834],[82.0424,29.488],[82.0091,29.4977],[81.9988,29.5166],[82.0077,29.5226],[82.0082,29.523]]]}},{"type":"Feature","properties":{"province":6,"provinceName":"Karnali","district":"Mugu","localLevel":"Mugu mkarmarong","type":"rural_municipality"},"geometry":{"type":"Polygon","coordinates":[[[82.8291,29.6898],[82.8176,29.7023],[82.8234,29.7138],[82.8199,29.7211],[82.7996,29.719],[82.7649,29.7312],[82.7687,29.7424],[82.7542,29.7656],[82.7258,29.7705],[82.721,29.7661],[82.713,29.7689],[82.6997,29.7617],[82.692,29.7631],[82.6884,29.7735],[82.698,29.7816],[82.6961,29.7912],[82.7027,29.7948],[82.7122,29.7928],[82.7301,29.8029],[82.7311,29.8086],[82.7391,29.8135],[82.7286,29.8353],[82.7125,29.8388],[82.6992,29.8553],[82.678,29.8433],[82.6626,29.8423],[82.6417,29.8339],[82.6229,29.8373],[82.6223,29.845],[82.6337,29.8496],[82.6333,29.8565],[82.6425,29.8629],[82.6439,29.871],[82.6043,29.8891],[82.5867,29.9213],[82.5686,29.9325],[82.565,29.9552],[82.5324,29.9713],[82.5161,29.9522],[82.4995,29.9474],[82.4894,29.9284],[82.4732,29.9203],[82.4762,29.9067],[82.4698,29.8989],[82.4573,29.8972],[82.4495,29.8887],[82.4612,29.8815],[82.4645,29.8653],[82.457,29.8609],[82.4369,29.8608],[82.4377,29.8453],[82.4318,29.8352],[82.4418,29.8242],[82.4397,29.8146],[82.4246,29.8071],[82.4079,29.811],[82.4028,29.8053],[82.4059,29.7871],[82.4147,29.7782],[82.4134,29.7711],[82.3994,29.7612],[82.4162,29.7321],[82.4129,29.714],[82.3921,29.6958],[82.363,29.7028],[82.3415,29.7159],[82.3258,29.7106],[82.315,29.7123],[82.2994,29.6971],[82.2839,29.6923],[82.2634,29.7028],[82.2479,29.6977],[82.2336,29.7005],[82.2333,29.6838],[82.2377,29.6804],[82.2344,29.6745],[82.2389,29.6682],[82.2332,29.6599],[82.2322,29.6361],[82.2229,29.5976],[82.2372,29.5744],[82.2474,29.5696],[82.2725,29.5819],[82.2652,29.5586],[82.2704,29.5394],[82.2881,29.5372],[82.3069,29.5249],[82.3189,29.5152],[82.3188,29.5066],[82.3417,29.5042],[82.3477,29.494],[82.3655,29.4904],[82.3889,29.5011],[82.4125,29.4639],[82.4131,29.4512],[82.4191,29.4479],[82.4286,29.4492],[82.4343,29.4433],[82.4443,29.4462],[82.4506,29.4508],[82.4547,29.4645],[82.4979,29.4935],[82.5036,29.4836],[82.5023,29.4751],[82.5075,29.4707],[82.5022,29.4577],[82.5043,29.4456],[82.5127,29.4353],[82.515,29.4205],[82.5437,29.4207],[82.5609,29.4114],[82.5827,29.4161],[82.5882,29.4225],[82.625,29.4246],[82.6288,29.4136],[82.6259,29.3982],[82.644,29.3853],[82.6611,29.3954],[82.6629,29.4018],[82.6751,29.4024],[82.6892,29.4126],[82.6877,29.4184],[82.6922,29.4252],[82.7168,29.4317],[82.7191,29.4448],[82.7272,29.4489],[82.7373,29.4678],[82.7255,29.4793],[82.7305,29.4904],[82.7283,29.5002],[82.7338,29.5077],[82.75,29.5074],[82.7759,29.5162],[82.7835,29.5143],[82.8052,29.5515],[82.8212,29.5594],[82.8096,29.5866],[82.8115,29.5929],[82.7982,29.6139],[82.7963,29.6315],[82.8003,29.6395],[82.8072,29.6384],[82.8174,29.6466],[82.829,29.6491],[82.8293,29.6877],[82.8291,29.6898]]]}},{"type":"Feature","properties":{"province":6,"provinceName":"Karnali","district":"Mugu","localLevel":"Soru","type":"rural_municipality"},"geometry":{"type":"Polygon","coordinates":[[[82.1046,29.6348],[82.1156,29.6529],[82.1026,29.6657],[82.1,29.6807],[82.1031,29.6863],[82.0948,29.6899],[82.0946,29.6994],[82.0837,29.7052],[82.0823,29.7131],[82.0751,29.7133],[82.0699,29.7247],[82.0631,29.7283],[82.0622,29.7462],[82.0471,29.751],[82.0374,29.7491],[82.0303,29.7403],[82.0172,29.7358],[81.9947,29.7042],[81.9487,29.6751],[81.9399,29.6727],[81.9325,29.6776],[81.9237,29.6736],[81.9195,29.6638],[81.8916,29.6675],[81.8786,29.649],[81.8743,29.635],[81.8548,29.6194],[81.8263,29.6199],[81.7929,29.6273],[81.7853,29.6226],[81.7929,29.6215],[81.8167,29.5981],[81.8362,29.5891],[81.8555,29.5642],[81.8807,29.5695],[81.9019,29.5583],[81.9184,29.5648],[81.9392,29.5583],[81.9682,29.569],[81.9802,29.5651],[81.9855,29.5591],[81.9945,29.5582],[82.0119,29.5402],[82.0082,29.523],[82.0172,29.5252],[82.0231,29.5439],[82.0201,29.5574],[82.0297,29.5636],[82.0403,29.5564],[82.0418,29.5456],[82.0497,29.5397],[82.0605,29.5485],[82.0819,29.5522],[82.0936,29.5449],[82.1125,29.5469],[82.1146,29.5594],[82.1023,29.5759],[82.1084,29.5848],[82.1059,29.5954],[82.0965,29.5915],[82.0543,29.5942],[82.0601,29.6034],[82.0579,29.6156],[82.065,29.6247],[82.0665,29.6466],[82.0847,29.6521],[82.0986,29.6442],[82.1046,29.6353],[82.1046,29.6348]]]}},{"type":"Feature","properties":{"province":6,"provinceName":"Karnali","district":"Humla","localLevel":"Adanchuli","type":"rural_municipality"},"geometry":{"type":"Polygon","coordinates":[[[81.9459,29.6741],[81.93,29.7104],[81.9181,29.7152],[81.9096,29.7136],[81.9045,29.7239],[81.8966,29.7261],[81.8775,29.7243],[81.8614,29.7569],[81.8025,29.7796],[81.7865,29.782],[81.7766,29.7761],[81.7719,29.753],[81.7755,29.7298],[81.7817,29.7184],[81.7916,29.7124],[81.7925,29.6997],[81.8018,29.6865],[81.8113,29.6799],[81.8294,29.6546],[81.8341,29.654],[81.8402,29.6428],[81.8295,29.6266],[81.83,29.6205],[81.8548,29.6194],[81.8743,29.635],[81.8786,29.649],[81.8926,29.6681],[81.9195,29.6638],[81.9237,29.6736],[81.9325,29.6776],[81.945,29.6739],[81.9459,29.6741]]]}},{"type":"Feature","properties":{"province":6,"provinceName":"Karnali","district":"Humla","localLevel":"Chankheli","type":"rural_municipality"},"geometry":{"type":"Polygon","coordinates":[[[82.4995,29.9474],[82.4758,29.9653],[82.4781,29.9737],[82.4651,29.9821],[82.4582,29.9769],[82.4341,29.989],[82.4229,30.004],[82.4044,30.0146],[82.3974,30.024],[82.3891,30.0205],[82.3841,30.0271],[82.3779,30.0264],[82.3798,30.0112],[82.3746,30.0156],[82.3649,30.0104],[82.3614,30.0217],[82.3467,30.0289],[82.3455,30.0368],[82.336,30.0469],[82.3219,30.0495],[82.3176,30.0404],[82.3004,30.0379],[82.2871,30.0473],[82.2832,30.0612],[82.2674,30.0622],[82.2486,30.0752],[82.2331,30.0649],[82.1904,30.0698],[82.1738,30.0652],[82.2037,30.0465],[82.2252,30.0259],[82.2397,30],[82.2374,29.9886],[82.2105,29.9706],[82.2066,29.9514],[82.1825,29.9483],[82.1558,29.9311],[82.1289,29.932],[82.1187,29.9252],[82.1123,29.927],[82.0933,29.9147],[82.0829,29.9149],[82.0749,29.9098],[82.0741,29.9021],[82.0816,29.89],[82.07,29.8794],[82.0716,29.8718],[82.0428,29.879],[82.0312,29.8755],[82.0368,29.8516],[82.0456,29.8437],[82.0333,29.8265],[82.0249,29.8272],[82.0094,29.8192],[82.009,29.8101],[81.9974,29.7961],[82.0148,29.7838],[81.9945,29.7634],[82.0245,29.7552],[82.0352,29.7468],[82.0482,29.751],[82.0622,29.7462],[82.0631,29.7283],[82.0699,29.7247],[82.0751,29.7133],[82.0823,29.7131],[82.0837,29.7052],[82.0946,29.6994],[82.0948,29.6899],[82.1031,29.6863],[82.1,29.6807],[82.1026,29.6657],[82.1156,29.6529],[82.1046,29.6348],[82.1445,29.6458],[82.1581,29.6582],[82.1714,29.6539],[82.1861,29.6583],[82.1944,29.6532],[82.2036,29.6601],[82.2167,29.6553],[82.221,29.6636],[82.2362,29.6627],[82.2389,29.6682],[82.2344,29.6745],[82.2377,29.6804],[82.2333,29.6838],[82.2336,29.7005],[82.2479,29.6977],[82.2634,29.7028],[82.2839,29.6923],[82.2994,29.6971],[82.315,29.7123],[82.3258,29.7106],[82.3415,29.7159],[82.3634,29.7026],[82.3944,29.6965],[82.413,29.7142],[82.4162,29.732],[82.3994,29.7612],[82.4134,29.7711],[82.4147,29.7778],[82.4059,29.7871],[82.4028,29.8053],[82.4079,29.811],[82.4246,29.8071],[82.4403,29.8156],[82.4418,29.8242],[82.4318,29.8352],[82.4377,29.8453],[82.4369,29.8608],[82.4635,29.8637],[82.4612,29.8815],[82.4495,29.8887],[82.4573,29.8972],[82.4698,29.8989],[82.4762,29.9067],[82.4726,29.9196],[82.4902,29.9291],[82.4994,29.9471],[82.4995,29.9474]]]}},{"type":"Feature","properties":{"province":6,"provinceName":"Karnali","district":"Humla","localLevel":"Kharpunath","type":"rural_municipality"},"geometry":{"type":"Polygon","coordinates":[[[82.1738,30.0652],[82.1678,30.0814],[82.179,30.089],[82.1836,30.0963],[82.1813,30.1024],[82.1884,30.111],[82.1735,30.1177],[82.1727,30.122],[82.1785,30.122],[82.1811,30.1292],[82.1888,30.1338],[82.2007,30.1363],[82.1995,30.1427],[82.2074,30.1539],[82.1839,30.1609],[82.1884,30.1729],[82.1864,30.1908],[82.1606,30.1893],[82.141,30.1989],[82.134,30.2077],[82.1352,30.2193],[82.1292,30.2258],[82.1113,30.226],[82.1017,30.2367],[82.1093,30.2551],[82.1203,30.2595],[82.118,30.2725],[82.1113,30.2772],[82.1183,30.2861],[82.1183,30.2942],[82.1302,30.3023],[82.1198,30.3196],[82.123,30.3219],[82.1206,30.3268],[82.1127,30.335],[82.1128,30.3446],[82.0985,30.3497],[82.0931,30.3256],[82.0713,30.2881],[82.0704,30.2786],[82.0444,30.2509],[82.0432,30.2188],[82.0185,30.2012],[82.0246,30.1827],[82.0458,30.1521],[82.0495,30.108],[82.0345,30.0923],[82.0332,30.0776],[82.018,30.0479],[82.0194,30.0319],[81.975,29.976],[81.9355,29.9543],[81.8848,29.9584],[81.8654,29.9482],[81.8583,29.9528],[81.8517,29.9424],[81.8227,29.9574],[81.8114,29.9578],[81.8127,29.9506],[81.7982,29.9228],[81.7818,29.9111],[81.7905,29.9096],[81.8014,29.9006],[81.7955,29.8955],[81.799,29.8788],[81.794,29.8465],[81.8108,29.8273],[81.831,29.8294],[81.8521,29.8202],[81.8556,29.8129],[81.8719,29.8105],[81.8936,29.8195],[81.901,29.8183],[81.9062,29.8241],[81.9158,29.8242],[81.9233,29.8353],[81.9344,29.842],[81.9318,29.8629],[81.9238,29.8716],[81.9574,29.9029],[81.9658,29.9059],[81.9728,29.8951],[82.0004,29.8971],[82.0233,29.8774],[82.0334,29.8748],[82.0428,29.879],[82.0716,29.8718],[82.07,29.8794],[82.0816,29.89],[82.0741,29.9021],[82.0749,29.9098],[82.0829,29.9149],[82.0933,29.9147],[82.1123,29.927],[82.1187,29.9252],[82.1289,29.932],[82.1558,29.9311],[82.1825,29.9483],[82.2066,29.9514],[82.2105,29.9706],[82.2374,29.9886],[82.2397,30],[82.2251,30.026],[82.2037,30.0465],[82.1737,30.0642],[82.1738,30.0652]]]}},{"type":"Feature","properties":{"province":6,"provinceName":"Karnali","district":"Humla","localLevel":"Namkha","type":"rural_municipality"},"geometry":{"type":"Polygon","coordinates":[[[81.8806,30.3652],[81.8695,30.3774],[81.8557,30.3794],[81.8517,30.3732],[81.8282,30.3751],[81.8108,30.3873],[81.7926,30.389],[81.7759,30.3844],[81.753,30.3888],[81.7335,30.3983],[81.7287,30.4114],[81.7162,30.4118],[81.6967,30.4238],[81.6741,30.4276],[81.6359,30.4451],[81.6221,30.4473],[81.6192,30.4423],[81.6238,30.4244],[81.6089,30.4123],[81.5911,30.4168],[81.5761,30.4267],[81.5626,30.4281],[81.5613,30.4075],[81.5526,30.4027],[81.5516,30.381],[81.5574,30.3741],[81.5536,30.3699],[81.4913,30.3813],[81.478,30.3887],[81.4695,30.4033],[81.4578,30.4066],[81.4468,30.416],[81.4404,30.4187],[81.4357,30.4129],[81.4295,30.422],[81.4101,30.4213],[81.4025,30.3963],[81.4311,30.3834],[81.4219,30.3706],[81.4009,30.3712],[81.3971,30.368],[81.4078,30.3532],[81.4043,30.3441],[81.4076,30.3367],[81.3982,30.3235],[81.4072,30.3162],[81.4165,30.3165],[81.4251,30.3051],[81.4037,30.2931],[81.4053,30.2852],[81.4014,30.2816],[81.4184,30.2817],[81.4102,30.2611],[81.3938,30.2506],[81.3982,30.2425],[81.3921,30.2337],[81.3988,30.2186],[81.3982,30.209],[81.3763,30.1967],[81.372,30.1866],[81.3524,30.1781],[81.3339,30.1533],[81.3185,30.152],[81.3066,30.1643],[81.3053,30.1594],[81.2598,30.1513],[81.2589,30.1438],[81.2923,30.1126],[81.287,30.1052],[81.291,30.0948],[81.2877,30.0785],[81.2913,30.0744],[81.2764,30.0591],[81.2737,30.0453],[81.2831,30.0435],[81.2928,30.035],[81.3164,30.0327],[81.3204,30.0256],[81.3482,30.0188],[81.3588,30.0106],[81.3837,30.0072],[81.3857,30.0136],[81.4013,30.0181],[81.4031,30.0228],[81.432,30.0076],[81.4584,30.0014],[81.4649,29.9956],[81.4625,29.9857],[81.472,29.9732],[81.4687,29.9608],[81.4545,29.9512],[81.4604,29.9426],[81.4566,29.9348],[81.4645,29.921],[81.4582,29.9012],[81.4725,29.8898],[81.4816,29.8921],[81.4936,29.8872],[81.5185,29.904],[81.5138,29.9162],[81.5188,29.9228],[81.5367,29.9276],[81.5512,29.9232],[81.5867,29.9369],[81.5928,29.9307],[81.6044,29.9302],[81.6147,29.9432],[81.6284,29.9384],[81.6466,29.9481],[81.6725,29.9407],[81.6892,29.9493],[81.6872,29.9619],[81.7024,29.9624],[81.7062,29.9797],[81.7231,30.0053],[81.7316,30.0019],[81.7446,30.0065],[81.7438,30.0107],[81.7623,30.0113],[81.7571,30.0243],[81.7511,30.028],[81.7598,30.0375],[81.7539,30.0569],[81.7357,30.0707],[81.7671,30.0763],[81.7744,30.0671],[81.775,30.0567],[81.7826,30.0518],[81.7767,30.0455],[81.7825,30.0366],[81.8047,30.0279],[81.8233,30.0057],[81.8386,30.0085],[81.8582,30.026],[81.8581,30.0321],[81.875,30.0435],[81.8735,30.0509],[81.8864,30.0705],[81.9157,30.0735],[81.9238,30.0792],[81.9285,30.09],[81.9234,30.1145],[81.9014,30.1359],[81.9021,30.1463],[81.8951,30.1548],[81.8952,30.1757],[81.8881,30.1775],[81.8901,30.1999],[81.8775,30.2161],[81.8786,30.221],[81.8963,30.2311],[81.8871,30.2423],[81.8914,30.2471],[81.8875,30.25],[81.8885,30.2737],[81.8737,30.2889],[81.8817,30.3147],[81.8887,30.3189],[81.8895,30.3256],[81.8659,30.3488],[81.8737,30.3624],[81.8799,30.3647],[81.8806,30.3652]]]}},{"type":"Feature","properties":{"province":6,"provinceName":"Karnali","district":"Humla","localLevel":"Sarkegad","type":"rural_municipality"},"geometry":{"type":"Polygon","coordinates":[[[82.0312,29.8755],[82.0223,29.8778],[82.0187,29.8841],[82.0126,29.8836],[82.0004,29.8971],[81.9728,29.8951],[81.9638,29.9057],[81.9234,29.871],[81.9318,29.8629],[81.9344,29.842],[81.9233,29.8353],[81.9158,29.8242],[81.869,29.8105],[81.8556,29.8129],[81.8521,29.8202],[81.8281,29.8303],[81.8108,29.8273],[81.794,29.8465],[81.7826,29.8393],[81.7823,29.8076],[81.7755,29.7981],[81.7865,29.782],[81.812,29.777],[81.8614,29.7569],[81.8775,29.7243],[81.8949,29.7265],[81.9045,29.7239],[81.9101,29.7134],[81.9274,29.7127],[81.9468,29.6743],[81.9947,29.7042],[82.0079,29.7272],[82.0352,29.7468],[82.0245,29.7552],[81.9945,29.7634],[82.0148,29.7838],[81.9974,29.7961],[82.009,29.8101],[82.0094,29.8192],[82.0249,29.8272],[82.0333,29.8265],[82.0456,29.8437],[82.0368,29.8516],[82.0312,29.8751],[82.0312,29.8755]]]}},{"type":"Feature","properties":{"province":6,"provinceName":"Karnali","district":"Humla","localLevel":"Simkot","type":"rural_municipality"},"geometry":{"type":"Polygon","coordinates":[[[82.0985,30.3497],[82.0872,30.3592],[82.0694,30.3569],[82.0578,30.3326],[82.0426,30.3411],[82.0328,30.3376],[82.0234,30.3444],[82.0171,30.3439],[82.013,30.3419],[82.014,30.3292],[82.0072,30.329],[82,30.3207],[81.9904,30.3208],[81.9711,30.3379],[81.9585,30.3413],[81.9641,30.3508],[81.9512,30.359],[81.9468,30.3499],[81.9396,30.3475],[81.9163,30.35],[81.8806,30.3652],[81.8737,30.3624],[81.8664,30.3462],[81.8776,30.3405],[81.8899,30.3227],[81.8817,30.3147],[81.8737,30.2889],[81.8885,30.2737],[81.8875,30.25],[81.8914,30.2471],[81.8871,30.2423],[81.8963,30.2313],[81.8786,30.221],[81.8775,30.2161],[81.8901,30.1999],[81.8881,30.1775],[81.8952,30.1757],[81.8951,30.1548],[81.9021,30.1463],[81.9014,30.1359],[81.9234,30.1145],[81.9285,30.0898],[81.9238,30.0792],[81.9157,30.0735],[81.8868,30.0707],[81.8735,30.0509],[81.875,30.0435],[81.8575,30.0314],[81.8586,30.0266],[81.8463,30.0133],[81.8233,30.0057],[81.8047,30.0279],[81.7804,30.0388],[81.7767,30.0455],[81.7826,30.0518],[81.775,30.0567],[81.7744,30.0671],[81.7671,30.0763],[81.7355,30.0706],[81.7539,30.0569],[81.7598,30.0375],[81.7511,30.028],[81.7571,30.0243],[81.7623,30.0113],[81.7438,30.0107],[81.7446,30.0065],[81.7316,30.0019],[81.7231,30.0053],[81.7062,29.9797],[81.7024,29.9624],[81.6878,29.9624],[81.6861,29.9564],[81.6873,29.9506],[81.6997,29.9415],[81.6993,29.9315],[81.7115,29.9269],[81.7126,29.9143],[81.7175,29.9096],[81.7284,29.9123],[81.744,29.9073],[81.7636,29.9124],[81.7818,29.9111],[81.7982,29.9228],[81.8131,29.9585],[81.8517,29.9424],[81.8583,29.9528],[81.8654,29.9482],[81.8848,29.9584],[81.9355,29.9543],[81.975,29.976],[82.0194,30.0319],[82.018,30.0479],[82.0332,30.0776],[82.0345,30.0923],[82.0495,30.1079],[82.0458,30.1521],[82.0246,30.1827],[82.0185,30.2012],[82.0432,30.2188],[82.0444,30.2509],[82.0704,30.2786],[82.0713,30.2881],[82.0931,30.3256],[82.0984,30.3483],[82.0985,30.3497]]]}},{"type":"Feature","properties":{"province":6,"provinceName":"Karnali","district":"Humla","localLevel":"Tanjakot","type":"rural_municipality"},"geometry":{"type":"Polygon","coordinates":[[[81.7755,29.7981],[81.7663,29.8018],[81.7414,29.7922],[81.732,29.7692],[81.7346,29.7592],[81.7286,29.7479],[81.7288,29.7341],[81.7158,29.7223],[81.7105,29.7003],[81.6991,29.6804],[81.7021,29.6475],[81.7054,29.6454],[81.7012,29.6419],[81.7176,29.6208],[81.7404,29.6062],[81.7756,29.6058],[81.7789,29.6174],[81.7919,29.6274],[81.83,29.6205],[81.8295,29.6266],[81.8402,29.6428],[81.8341,29.654],[81.8294,29.6546],[81.8113,29.6799],[81.8018,29.6865],[81.7925,29.6997],[81.7916,29.7124],[81.7817,29.7184],[81.7755,29.7298],[81.7738,29.7674],[81.7766,29.7761],[81.7869,29.7831],[81.7758,29.7977],[81.7755,29.7981]]]}},{"type":"Feature","properties":{"province":7,"provinceName":"Sudurpaschim","district":"Bajura","localLevel":"Badimalika","type":"municipality"},"geometry":{"type":"Polygon","coordinates":[[[81.587,29.4201],[81.5927,29.4256],[81.5941,29.4414],[81.5768,29.4634],[81.5765,29.4775],[81.5831,29.4922],[81.5768,29.4943],[81.5672,29.5073],[81.5417,29.5151],[81.5461,29.5297],[81.5421,29.5339],[81.5329,29.5255],[81.5118,29.5231],[81.5092,29.5167],[81.4991,29.5117],[81.4826,29.5121],[81.4763,29.5189],[81.4658,29.5151],[81.4556,29.5176],[81.4546,29.5121],[81.4454,29.507],[81.4471,29.4925],[81.4374,29.4827],[81.442,29.4656],[81.4282,29.4648],[81.4163,29.4568],[81.4096,29.4588],[81.4057,29.453],[81.4025,29.4405],[81.4118,29.4345],[81.4182,29.4218],[81.4173,29.4099],[81.4125,29.4128],[81.4119,29.4211],[81.4013,29.4281],[81.3865,29.4208],[81.3847,29.4135],[81.3957,29.3976],[81.4054,29.3971],[81.4183,29.3785],[81.4311,29.3706],[81.4434,29.3505],[81.481,29.3461],[81.5048,29.3528],[81.5198,29.3483],[81.5337,29.3504],[81.5586,29.3589],[81.5679,29.3808],[81.5644,29.3862],[81.5749,29.3982],[81.572,29.4047],[81.5786,29.4173],[81.5855,29.4193],[81.587,29.4201]]]}},{"type":"Feature","properties":{"province":7,"provinceName":"Sudurpaschim","district":"Bajura","localLevel":"Budhiganga","type":"municipality"},"geometry":{"type":"Polygon","coordinates":[[[81.385,29.4188],[81.3674,29.4183],[81.3533,29.4117],[81.3446,29.405],[81.3408,29.3901],[81.3373,29.3947],[81.3268,29.3963],[81.3148,29.3735],[81.3155,29.3645],[81.2927,29.361],[81.2754,29.3736],[81.2755,29.3617],[81.2679,29.3584],[81.2617,29.3461],[81.2711,29.3504],[81.2727,29.3447],[81.2597,29.3367],[81.26,29.3306],[81.2548,29.3276],[81.2698,29.3018],[81.281,29.3083],[81.2968,29.3103],[81.3252,29.348],[81.3491,29.3625],[81.3586,29.3765],[81.395,29.3951],[81.385,29.4186],[81.385,29.4188]]]}},{"type":"Feature","properties":{"province":7,"provinceName":"Sudurpaschim","district":"Bajura","localLevel":"Budhinanda","type":"municipality"},"geometry":{"type":"Polygon","coordinates":[[[81.7158,29.4747],[81.7143,29.4848],[81.7188,29.4908],[81.7147,29.5106],[81.6982,29.5206],[81.6986,29.536],[81.6921,29.5407],[81.6931,29.5466],[81.6824,29.5543],[81.6804,29.5663],[81.6571,29.5761],[81.6487,29.5878],[81.5925,29.6117],[81.5877,29.6309],[81.5783,29.6343],[81.5746,29.6415],[81.5634,29.6421],[81.5629,29.6536],[81.5478,29.6616],[81.5491,29.631],[81.5383,29.5989],[81.5483,29.5919],[81.5619,29.5716],[81.5745,29.5636],[81.5689,29.5528],[81.5568,29.5506],[81.543,29.5389],[81.546,29.5275],[81.5417,29.5151],[81.5672,29.5073],[81.5768,29.4943],[81.5831,29.4922],[81.5765,29.4775],[81.5768,29.4634],[81.5941,29.4414],[81.5927,29.4256],[81.587,29.4201],[81.601,29.4139],[81.6146,29.4155],[81.6137,29.4267],[81.6248,29.4326],[81.6498,29.4606],[81.6946,29.4671],[81.6973,29.475],[81.7081,29.482],[81.7156,29.4748],[81.7158,29.4747]]]}},{"type":"Feature","properties":{"province":7,"provinceName":"Sudurpaschim","district":"Bajura","localLevel":"Chhededaha","type":"rural_municipality"},"geometry":{"type":"Polygon","coordinates":[[[81.4096,29.4588],[81.3868,29.4533],[81.3768,29.4577],[81.3507,29.4564],[81.341,29.4512],[81.3401,29.4445],[81.3095,29.4599],[81.3046,29.4514],[81.2827,29.4424],[81.2801,29.4376],[81.2639,29.4338],[81.2522,29.4218],[81.2567,29.4166],[81.2536,29.4133],[81.2288,29.4116],[81.2248,29.3991],[81.1928,29.3792],[81.1925,29.3744],[81.2025,29.3652],[81.2246,29.3622],[81.2386,29.3531],[81.2478,29.3528],[81.2627,29.3372],[81.2727,29.3447],[81.2711,29.3504],[81.2617,29.3461],[81.2679,29.3584],[81.2755,29.3617],[81.2754,29.3736],[81.2927,29.361],[81.3155,29.3645],[81.3148,29.3735],[81.3245,29.3941],[81.332,29.3967],[81.3408,29.3901],[81.3446,29.405],[81.3533,29.4117],[81.3674,29.4183],[81.385,29.4188],[81.4013,29.4281],[81.4119,29.4211],[81.4125,29.4128],[81.4173,29.4099],[81.4182,29.4218],[81.4118,29.4345],[81.4025,29.4405],[81.4095,29.4586],[81.4096,29.4588]]]}},{"type":"Feature","properties":{"province":7,"provinceName":"Sudurpaschim","district":"Bajura","localLevel":"Gaumul","type":"rural_municipality"},"geometry":{"type":"Polygon","coordinates":[[[81.5478,29.6616],[81.5356,29.6875],[81.5232,29.6923],[81.5169,29.6881],[81.5168,29.6786],[81.4989,29.6686],[81.468,29.659],[81.4482,29.6472],[81.4428,29.6496],[81.4301,29.6447],[81.4198,29.624],[81.4206,29.5978],[81.4039,29.5847],[81.4001,29.5768],[81.3994,29.5711],[81.4042,29.5666],[81.4017,29.5584],[81.3724,29.5493],[81.3529,29.53],[81.3405,29.505],[81.3282,29.4949],[81.3165,29.4915],[81.3192,29.4838],[81.3128,29.4794],[81.2939,29.4758],[81.2957,29.4688],[81.3047,29.4678],[81.31,29.4592],[81.3401,29.4445],[81.341,29.4512],[81.3507,29.4564],[81.3768,29.4577],[81.3868,29.4533],[81.406,29.4589],[81.4163,29.4568],[81.4282,29.4648],[81.442,29.4656],[81.4374,29.4827],[81.4471,29.4925],[81.4454,29.507],[81.4546,29.5121],[81.4556,29.5176],[81.4658,29.5151],[81.4763,29.5189],[81.4826,29.5121],[81.4991,29.5117],[81.5092,29.5167],[81.5118,29.5231],[81.5411,29.5299],[81.543,29.5389],[81.5568,29.5506],[81.5689,29.5528],[81.5745,29.5636],[81.5619,29.5716],[81.5483,29.5919],[81.5383,29.5989],[81.5491,29.631],[81.5476,29.6613],[81.5478,29.6616]]]}},{"type":"Feature","properties":{"province":7,"provinceName":"Sudurpaschim","district":"Bajura","localLevel":"Himali","type":"rural_municipality"},"geometry":{"type":"Polygon","coordinates":[[[81.7818,29.9111],[81.7178,29.9094],[81.7126,29.9143],[81.7115,29.9269],[81.6993,29.9315],[81.6997,29.9415],[81.6896,29.9491],[81.6669,29.9403],[81.6466,29.9481],[81.6284,29.9384],[81.6147,29.9432],[81.6044,29.9302],[81.5928,29.9307],[81.5867,29.9369],[81.5512,29.9232],[81.5367,29.9276],[81.5187,29.9228],[81.5138,29.9162],[81.5187,29.9043],[81.5074,29.8944],[81.5151,29.8869],[81.5293,29.8857],[81.5435,29.8779],[81.5668,29.8514],[81.5602,29.8099],[81.5497,29.801],[81.5485,29.7946],[81.5624,29.7707],[81.5542,29.7543],[81.5416,29.7471],[81.5255,29.7526],[81.5151,29.7535],[81.5124,29.75],[81.51,29.7389],[81.5262,29.7105],[81.5174,29.7026],[81.5172,29.6968],[81.5203,29.6916],[81.5352,29.6879],[81.5484,29.6606],[81.5629,29.6536],[81.5634,29.6421],[81.5746,29.6415],[81.5783,29.6343],[81.5877,29.6309],[81.5925,29.6117],[81.6487,29.5878],[81.6571,29.5761],[81.6804,29.5663],[81.6824,29.5543],[81.6931,29.5466],[81.6921,29.5407],[81.6986,29.536],[81.6982,29.5206],[81.7147,29.5106],[81.7188,29.4908],[81.7143,29.4848],[81.7166,29.4742],[81.726,29.4887],[81.7612,29.5003],[81.771,29.5093],[81.7824,29.5091],[81.7791,29.5173],[81.7875,29.5284],[81.7947,29.5306],[81.7922,29.5405],[81.8008,29.5592],[81.8004,29.5766],[81.7915,29.5966],[81.7721,29.6065],[81.7387,29.6066],[81.7115,29.6271],[81.7113,29.6323],[81.7012,29.6421],[81.7054,29.6454],[81.7021,29.6475],[81.6989,29.6783],[81.7105,29.7003],[81.7158,29.7223],[81.7288,29.7341],[81.7286,29.7479],[81.7346,29.7592],[81.732,29.7692],[81.7414,29.7922],[81.7663,29.8018],[81.7755,29.7981],[81.7822,29.8071],[81.7826,29.8393],[81.796,29.8488],[81.7934,29.8538],[81.799,29.8788],[81.7955,29.8955],[81.8014,29.9006],[81.7905,29.9096],[81.7819,29.9105],[81.7818,29.9111]]]}},{"type":"Feature","properties":{"province":7,"provinceName":"Sudurpaschim","district":"Bajura","localLevel":"Jagannath","type":"rural_municipality"},"geometry":{"type":"Polygon","coordinates":[[[81.7482,29.3421],[81.7363,29.3541],[81.7248,29.3754],[81.7255,29.3937],[81.718,29.4024],[81.7193,29.4301],[81.7112,29.4358],[81.708,29.4584],[81.7092,29.4666],[81.7166,29.4742],[81.7081,29.482],[81.6973,29.475],[81.6946,29.4671],[81.6498,29.4606],[81.6248,29.4326],[81.6137,29.4267],[81.6146,29.4155],[81.5794,29.4181],[81.572,29.4047],[81.5735,29.394],[81.5644,29.3862],[81.5679,29.3808],[81.5605,29.3619],[81.5628,29.3514],[81.5723,29.3497],[81.575,29.3607],[81.5836,29.3648],[81.6155,29.3707],[81.6274,29.3688],[81.6455,29.3555],[81.6437,29.3344],[81.6502,29.3211],[81.6718,29.3169],[81.6801,29.3214],[81.6927,29.3205],[81.7016,29.3294],[81.7415,29.3339],[81.7481,29.3417],[81.7482,29.3421]]]}},{"type":"Feature","properties":{"province":7,"provinceName":"Sudurpaschim","district":"Bajura","localLevel":"Swami Kartik","type":"rural_municipality"},"geometry":{"type":"Polygon","coordinates":[[[81.8096,29.4539],[81.8057,29.4751],[81.7899,29.5],[81.7643,29.5053],[81.7612,29.5003],[81.726,29.4887],[81.7092,29.4666],[81.7112,29.4358],[81.7193,29.4301],[81.718,29.4024],[81.7255,29.3937],[81.7248,29.3754],[81.7461,29.3429],[81.7543,29.3524],[81.7515,29.3665],[81.7629,29.3866],[81.7683,29.3857],[81.7706,29.3922],[81.7912,29.389],[81.7997,29.407],[81.8008,29.4291],[81.8095,29.4538],[81.8096,29.4539]]]}},{"type":"Feature","properties":{"province":7,"provinceName":"Sudurpaschim","district":"Bajura","localLevel":"Tribeni","type":"municipality"},"geometry":{"type":"Polygon","coordinates":[[[81.5605,29.3619],[81.5204,29.3482],[81.5048,29.3528],[81.481,29.3461],[81.4434,29.3505],[81.4311,29.3706],[81.4183,29.3785],[81.4098,29.3929],[81.3973,29.3985],[81.3908,29.3914],[81.3586,29.3765],[81.3504,29.3636],[81.3181,29.3415],[81.3048,29.3225],[81.3187,29.3231],[81.3241,29.314],[81.3315,29.3143],[81.3342,29.3046],[81.3423,29.3017],[81.3454,29.2917],[81.356,29.284],[81.3683,29.2845],[81.3845,29.2967],[81.3838,29.3027],[81.3896,29.3],[81.3977,29.2851],[81.4186,29.2768],[81.4306,29.2862],[81.4448,29.2874],[81.4698,29.2718],[81.4856,29.2796],[81.5018,29.2973],[81.5097,29.3146],[81.5257,29.3151],[81.5307,29.3261],[81.5491,29.3382],[81.5607,29.3604],[81.5605,29.3619]]]}},{"type":"Feature","properties":{"province":7,"provinceName":"Sudurpaschim","district":"Bajhang","localLevel":"Bithadchir","type":"rural_municipality"},"geometry":{"type":"Polygon","coordinates":[[[80.8607,29.5456],[80.8351,29.546],[80.8299,29.565],[80.8234,29.5677],[80.8131,29.5626],[80.7834,29.5637],[80.7782,29.5626],[80.773,29.5519],[80.7579,29.5565],[80.75,29.5533],[80.75,29.5307],[80.7823,29.5233],[80.79,29.5068],[80.8064,29.5152],[80.8187,29.5157],[80.8255,29.5095],[80.8243,29.5008],[80.8471,29.489],[80.8581,29.4691],[80.8771,29.4641],[80.8849,29.4427],[80.91,29.4414],[80.912,29.4468],[80.8976,29.4661],[80.8984,29.493],[80.8871,29.5067],[80.8784,29.5103],[80.8802,29.5313],[80.8712,29.5414],[80.8611,29.5444],[80.8607,29.5456]]]}},{"type":"Feature","properties":{"province":7,"provinceName":"Sudurpaschim","district":"Bajhang","localLevel":"Bungal","type":"municipality"},"geometry":{"type":"Polygon","coordinates":[[[81.1054,29.808],[81.0931,29.8166],[81.0865,29.8346],[81.0789,29.8343],[81.0716,29.8284],[81.0711,29.8032],[81.0695,29.7958],[81.0639,29.7935],[81.062,29.7623],[81.0571,29.7567],[81.0399,29.7527],[81.0334,29.7424],[81.0222,29.7484],[81.0059,29.7406],[80.9899,29.7411],[80.9769,29.7219],[80.9416,29.7355],[80.8664,29.7063],[80.86,29.696],[80.8472,29.6934],[80.8421,29.6874],[80.8314,29.6915],[80.8268,29.6866],[80.8129,29.6841],[80.7979,29.6884],[80.7939,29.678],[80.7833,29.6794],[80.7804,29.6655],[80.7728,29.6688],[80.7647,29.662],[80.7637,29.6475],[80.7732,29.6423],[80.786,29.6455],[80.7926,29.6414],[80.7826,29.6335],[80.7894,29.6133],[80.7873,29.5988],[80.7795,29.5868],[80.7782,29.576],[80.7818,29.5715],[80.7782,29.5626],[80.8131,29.5626],[80.8234,29.5677],[80.8299,29.565],[80.8351,29.546],[80.8437,29.5486],[80.8523,29.5433],[80.861,29.5459],[80.8644,29.5636],[80.8714,29.5732],[80.8834,29.5633],[80.8744,29.5531],[80.8966,29.5517],[80.9103,29.5637],[80.9283,29.5642],[80.9395,29.5783],[80.952,29.5735],[80.9796,29.5827],[80.9891,29.5945],[80.9899,29.6068],[80.9972,29.6204],[81.0047,29.6263],[81.0196,29.6259],[81.0251,29.6307],[81.0248,29.6385],[81.0413,29.6608],[81.0444,29.6728],[81.0412,29.6784],[81.0638,29.6985],[81.0823,29.6903],[81.0914,29.7037],[81.0937,29.715],[81.0871,29.7211],[81.0959,29.7375],[81.0909,29.7516],[81.0918,29.7664],[81.103,29.7827],[81.1054,29.8071],[81.1054,29.808]]]}},{"type":"Feature","properties":{"province":7,"provinceName":"Sudurpaschim","district":"Bajhang","localLevel":"Chabispathivera","type":"rural_municipality"},"geometry":{"type":"Polygon","coordinates":[[[81.1149,29.5663],[81.0937,29.5767],[81.0834,29.5951],[81.0528,29.5959],[81.0516,29.6181],[81.0282,29.6316],[81.0196,29.6259],[81.0047,29.6263],[80.9899,29.6068],[80.9881,29.5898],[81.0012,29.5749],[81.0075,29.5599],[81.0211,29.5419],[81.0461,29.5248],[81.0547,29.5111],[81.0514,29.4978],[81.0547,29.489],[81.0696,29.495],[81.0747,29.4918],[81.0854,29.4974],[81.0972,29.4962],[81.1131,29.5039],[81.1327,29.5038],[81.1332,29.513],[81.1262,29.5133],[81.1193,29.52],[81.1269,29.5244],[81.1174,29.5322],[81.1252,29.5429],[81.1148,29.5513],[81.1156,29.5659],[81.1149,29.5663]]]}},{"type":"Feature","properties":{"province":7,"provinceName":"Sudurpaschim","district":"Bajhang","localLevel":"Durgathali","type":"rural_municipality"},"geometry":{"type":"Polygon","coordinates":[[[80.9891,29.5945],[80.9796,29.5827],[80.9549,29.5745],[80.9643,29.5689],[80.966,29.5474],[80.9766,29.5231],[80.9899,29.5183],[80.979,29.5058],[80.98,29.4958],[80.9887,29.4865],[80.9982,29.4877],[81.0011,29.4949],[81.0116,29.4908],[81.0153,29.4817],[81.0204,29.48],[81.0482,29.4807],[81.0572,29.4871],[81.0515,29.4966],[81.0547,29.5111],[81.0412,29.5298],[81.0211,29.5419],[80.9888,29.5938],[80.9891,29.5945]]]}},{"type":"Feature","properties":{"province":7,"provinceName":"Sudurpaschim","district":"Bajhang","localLevel":"JayaPrithivi","type":"municipality"},"geometry":{"type":"Polygon","coordinates":[[[81.2127,29.6314],[81.1839,29.6346],[81.1746,29.6266],[81.1653,29.6254],[81.1593,29.6163],[81.1649,29.6077],[81.1584,29.5949],[81.1519,29.599],[81.1488,29.5966],[81.1382,29.5769],[81.1338,29.5829],[81.1188,29.5757],[81.1148,29.5513],[81.1252,29.5429],[81.1174,29.5322],[81.1269,29.5244],[81.1197,29.5221],[81.1199,29.5184],[81.1332,29.513],[81.1327,29.5038],[81.141,29.5017],[81.1465,29.5057],[81.1623,29.4977],[81.1705,29.4838],[81.1889,29.4814],[81.2026,29.4742],[81.2192,29.4776],[81.2368,29.4679],[81.2625,29.4802],[81.2927,29.4748],[81.3128,29.4794],[81.2813,29.4986],[81.26,29.5211],[81.2457,29.5245],[81.2282,29.5466],[81.2071,29.5533],[81.2214,29.5594],[81.2222,29.5675],[81.2312,29.5739],[81.231,29.5805],[81.2146,29.5938],[81.2141,29.6069],[81.2194,29.6117],[81.2033,29.6134],[81.1972,29.6216],[81.2128,29.6245],[81.2125,29.6304],[81.2127,29.6314]]]}},{"type":"Feature","properties":{"province":7,"provinceName":"Sudurpaschim","district":"Bajhang","localLevel":"Saa Paal","type":"rural_municipality"},"geometry":{"type":"Polygon","coordinates":[[[81.2737,30.0453],[81.2391,30.0318],[81.255,30.0237],[81.2471,30.0112],[81.2194,30.0073],[81.2057,30.022],[81.1966,30.0229],[81.1858,30.0108],[81.1798,30.0151],[81.1649,30.0105],[81.1351,30.0161],[81.1256,30.0203],[81.1199,30.0342],[81.1125,30.0357],[81.1084,30.0444],[81.0929,30.0543],[81.0703,30.0435],[81.0553,30.0241],[81.0398,30.0151],[81.04,30.0083],[81.0277,29.9875],[81.0167,29.9807],[81.0222,29.974],[81.0193,29.9661],[81.0233,29.9587],[81.004,29.9362],[81.0023,29.9282],[81.0294,29.9064],[81.0321,29.8955],[81.0425,29.8817],[81.0384,29.8646],[81.0422,29.8601],[81.0418,29.8407],[81.0653,29.827],[81.0856,29.8352],[81.091,29.8298],[81.0931,29.8166],[81.1054,29.808],[81.1136,29.8087],[81.1259,29.8229],[81.1348,29.8254],[81.15,29.8197],[81.1605,29.8068],[81.1865,29.8011],[81.2018,29.768],[81.2123,29.7586],[81.2119,29.7477],[81.2199,29.7398],[81.2376,29.7362],[81.25,29.7215],[81.2518,29.7287],[81.2605,29.7327],[81.288,29.7287],[81.3079,29.7353],[81.317,29.7249],[81.3127,29.7219],[81.3174,29.7123],[81.3139,29.71],[81.3184,29.7065],[81.314,29.7048],[81.3142,29.6994],[81.3229,29.6998],[81.3215,29.6937],[81.3295,29.6941],[81.3265,29.6886],[81.3377,29.6872],[81.349,29.6737],[81.3604,29.6754],[81.3823,29.6692],[81.4082,29.6761],[81.4236,29.6662],[81.4461,29.67],[81.4717,29.6588],[81.5168,29.6786],[81.5203,29.6916],[81.5164,29.7008],[81.5262,29.7105],[81.5101,29.7428],[81.5151,29.7535],[81.5416,29.7471],[81.5542,29.7543],[81.5624,29.7707],[81.5485,29.7946],[81.5497,29.801],[81.5602,29.8099],[81.5668,29.8516],[81.5349,29.8835],[81.5151,29.8869],[81.5074,29.8944],[81.4945,29.8872],[81.4816,29.8921],[81.4725,29.8898],[81.4586,29.9005],[81.4645,29.921],[81.4566,29.9348],[81.4604,29.9426],[81.4545,29.9512],[81.4687,29.9608],[81.472,29.9732],[81.4625,29.9857],[81.4649,29.9956],[81.4584,30.0014],[81.432,30.0076],[81.4031,30.0228],[81.4013,30.0181],[81.3857,30.0136],[81.3837,30.0072],[81.3588,30.0106],[81.3482,30.0188],[81.3204,30.0256],[81.3164,30.0327],[81.2928,30.035],[81.2831,30.0435],[81.2753,30.0445],[81.2737,30.0453]]]}},{"type":"Feature","properties":{"province":7,"provinceName":"Sudurpaschim","district":"Bajhang","localLevel":"Kedarseu","type":"rural_municipality"},"geometry":{"type":"Polygon","coordinates":[[[80.9549,29.5745],[80.9395,29.5783],[80.9283,29.5642],[80.9103,29.5637],[80.8966,29.5517],[80.8744,29.5531],[80.8834,29.5621],[80.874,29.5731],[80.8688,29.5724],[80.8642,29.5631],[80.8614,29.5419],[80.8703,29.542],[80.8802,29.5313],[80.8784,29.5103],[80.8871,29.5067],[80.8984,29.493],[80.8976,29.4661],[80.9123,29.4449],[80.9139,29.4557],[80.932,29.4642],[80.9459,29.4596],[80.9759,29.4668],[80.9856,29.4625],[80.9896,29.4673],[81.0091,29.4719],[81.0153,29.4817],[81.013,29.4896],[81.0011,29.4949],[80.9979,29.4875],[80.9837,29.4891],[80.979,29.5058],[80.9899,29.5183],[80.9766,29.5231],[80.966,29.5474],[80.9643,29.5689],[80.956,29.5728],[80.9549,29.5745]]]}},{"type":"Feature","properties":{"province":7,"provinceName":"Sudurpaschim","district":"Bajhang","localLevel":"Khaptadchhanna","type":"rural_municipality"},"geometry":{"type":"Polygon","coordinates":[[[81.2927,29.4748],[81.2625,29.4802],[81.2355,29.4679],[81.2192,29.4776],[81.2026,29.4742],[81.1889,29.4814],[81.1705,29.4838],[81.1623,29.4977],[81.1465,29.5057],[81.141,29.5017],[81.1304,29.5031],[81.1352,29.5009],[81.1352,29.4938],[81.1215,29.4927],[81.0895,29.4629],[81.1124,29.4659],[81.119,29.4632],[81.1143,29.4616],[81.1219,29.4585],[81.1195,29.452],[81.132,29.4484],[81.1335,29.4431],[81.1186,29.4376],[81.1206,29.4314],[81.1437,29.4314],[81.1505,29.424],[81.1587,29.4268],[81.1699,29.415],[81.1768,29.4138],[81.1828,29.4151],[81.1832,29.4256],[81.1994,29.4282],[81.2122,29.4163],[81.2269,29.42],[81.2318,29.4106],[81.2536,29.4133],[81.2567,29.4166],[81.2522,29.4218],[81.2639,29.4338],[81.2801,29.4376],[81.2827,29.4424],[81.3046,29.4514],[81.3094,29.4604],[81.2926,29.4742],[81.2927,29.4748]]]}},{"type":"Feature","properties":{"province":7,"provinceName":"Sudurpaschim","district":"Bajhang","localLevel":"Masta","type":"rural_municipality"},"geometry":{"type":"Polygon","coordinates":[[[81.3682,29.5441],[81.3401,29.5722],[81.2932,29.5895],[81.2711,29.5932],[81.2681,29.6069],[81.2468,29.5993],[81.2435,29.5867],[81.2233,29.569],[81.222,29.5599],[81.2071,29.5561],[81.2107,29.5502],[81.2282,29.5466],[81.2457,29.5245],[81.26,29.5211],[81.2813,29.4986],[81.313,29.4796],[81.3192,29.4838],[81.3165,29.4915],[81.3282,29.4949],[81.3405,29.505],[81.3529,29.53],[81.3672,29.5431],[81.3682,29.5441]]]}},{"type":"Feature","properties":{"province":7,"provinceName":"Sudurpaschim","district":"Bajhang","localLevel":"Surma","type":"rural_municipality"},"geometry":{"type":"Polygon","coordinates":[[[81.2127,29.6314],[81.2141,29.6441],[81.2226,29.6545],[81.2234,29.683],[81.2109,29.6915],[81.2073,29.711],[81.198,29.7133],[81.1931,29.7254],[81.1834,29.7282],[81.1595,29.751],[81.1563,29.7734],[81.1259,29.8229],[81.1143,29.8092],[81.1054,29.808],[81.103,29.7827],[81.0919,29.7669],[81.0909,29.7516],[81.0959,29.7375],[81.0871,29.7211],[81.0937,29.715],[81.0914,29.7037],[81.0823,29.6903],[81.0638,29.6985],[81.0412,29.6784],[81.0444,29.6728],[81.0413,29.6608],[81.0248,29.6385],[81.0255,29.6314],[81.0516,29.6181],[81.0528,29.5959],[81.0834,29.5951],[81.0937,29.5767],[81.1149,29.5663],[81.1225,29.5788],[81.1338,29.5829],[81.1386,29.5771],[81.1515,29.5987],[81.1584,29.5949],[81.1649,29.6077],[81.1593,29.6163],[81.1653,29.6254],[81.1746,29.6266],[81.1839,29.6346],[81.2126,29.6315],[81.2127,29.6314]]]}},{"type":"Feature","properties":{"province":7,"provinceName":"Sudurpaschim","district":"Bajhang","localLevel":"Talkot","type":"rural_municipality"},"geometry":{"type":"Polygon","coordinates":[[[81.4691,29.6593],[81.4461,29.67],[81.4236,29.6662],[81.4082,29.6761],[81.3823,29.6692],[81.3604,29.6754],[81.3474,29.6744],[81.3377,29.6872],[81.3265,29.6886],[81.3281,29.6956],[81.3215,29.6937],[81.3229,29.6998],[81.3142,29.6994],[81.314,29.7048],[81.3184,29.7065],[81.3139,29.71],[81.3174,29.7123],[81.3127,29.7219],[81.317,29.7249],[81.3079,29.7353],[81.288,29.7287],[81.2605,29.7327],[81.2518,29.7287],[81.25,29.7215],[81.2376,29.7362],[81.2199,29.7398],[81.2119,29.7477],[81.2123,29.7586],[81.2018,29.768],[81.1865,29.8011],[81.1605,29.8068],[81.1506,29.8193],[81.1381,29.8248],[81.1259,29.8229],[81.1563,29.7734],[81.1595,29.751],[81.1834,29.7282],[81.1931,29.7254],[81.198,29.7133],[81.2073,29.711],[81.2109,29.6915],[81.2234,29.683],[81.2226,29.6545],[81.2141,29.6441],[81.213,29.6248],[81.1971,29.622],[81.2033,29.6134],[81.2194,29.6117],[81.2141,29.6069],[81.2146,29.5938],[81.231,29.5805],[81.2312,29.5739],[81.2435,29.5867],[81.2468,29.5993],[81.2681,29.6069],[81.2711,29.5932],[81.2932,29.5895],[81.3401,29.5722],[81.3682,29.5441],[81.3733,29.55],[81.4017,29.5584],[81.4042,29.5666],[81.3994,29.5711],[81.4001,29.5768],[81.4039,29.5847],[81.4206,29.5978],[81.4198,29.624],[81.4292,29.644],[81.4428,29.6496],[81.4482,29.6472],[81.468,29.659],[81.4691,29.6593]]]}},{"type":"Feature","properties":{"province":7,"provinceName":"Sudurpaschim","district":"Bajhang","localLevel":"Thalara","type":"rural_municipality"},"geometry":{"type":"Polygon","coordinates":[[[81.1304,29.5031],[81.1131,29.5039],[81.0754,29.4919],[81.0691,29.4949],[81.0569,29.4904],[81.0482,29.4807],[81.0307,29.4779],[81.0153,29.4817],[81.0091,29.4719],[80.9896,29.4673],[80.9856,29.4625],[80.9759,29.4668],[80.9459,29.4596],[80.9322,29.4643],[80.9139,29.4557],[80.9142,29.4407],[80.9182,29.4311],[80.9339,29.4175],[80.9331,29.4108],[80.9412,29.3975],[80.9727,29.4003],[80.9886,29.4051],[81.0109,29.4202],[81.0264,29.4197],[81.04,29.4387],[81.0656,29.4404],[81.0682,29.4441],[81.0645,29.4479],[81.0788,29.4475],[81.0821,29.4508],[81.0781,29.4598],[81.0895,29.4629],[81.1226,29.4933],[81.1352,29.4938],[81.1352,29.5009],[81.131,29.5026],[81.1304,29.5031]]]}},{"type":"Feature","properties":{"province":7,"provinceName":"Sudurpaschim","district":"Achham","localLevel":"Bannigadhi Jayagadh","type":"rural_municipality"},"geometry":{"type":"Polygon","coordinates":[[[81.3395,29.2119],[81.33,29.2088],[81.3221,29.2145],[81.3044,29.2174],[81.2774,29.2111],[81.2606,29.2161],[81.2611,29.226],[81.2447,29.2213],[81.2489,29.2055],[81.2442,29.1973],[81.2489,29.1922],[81.2466,29.1736],[81.2576,29.1607],[81.2647,29.1675],[81.272,29.1628],[81.2892,29.1663],[81.3087,29.1616],[81.3103,29.1667],[81.327,29.1633],[81.3635,29.1674],[81.3642,29.188],[81.35,29.1965],[81.3395,29.2118],[81.3395,29.2119]]]}},{"type":"Feature","properties":{"province":7,"provinceName":"Sudurpaschim","district":"Achham","localLevel":"Chaurpati","type":"rural_municipality"},"geometry":{"type":"Polygon","coordinates":[[[81.1407,29.3039],[81.1224,29.2993],[81.1017,29.2613],[81.0994,29.2474],[81.1165,29.2363],[81.1103,29.2216],[81.066,29.1983],[81.0406,29.1996],[81.0284,29.1953],[81.0317,29.1862],[81.038,29.1893],[81.0472,29.1844],[81.045,29.1752],[81.0509,29.1704],[81.0514,29.1622],[81.0593,29.161],[81.0571,29.1498],[81.0683,29.1443],[81.0671,29.1351],[81.0736,29.134],[81.0758,29.1268],[81.1075,29.0993],[81.1402,29.1109],[81.1542,29.1203],[81.1578,29.1293],[81.1648,29.1285],[81.1738,29.1385],[81.1976,29.1427],[81.2,29.1502],[81.2056,29.1452],[81.2096,29.1503],[81.2075,29.1542],[81.2182,29.167],[81.2105,29.1943],[81.1896,29.193],[81.1841,29.2005],[81.1854,29.2104],[81.1953,29.2153],[81.1988,29.2259],[81.1647,29.2262],[81.1613,29.2313],[81.1681,29.2452],[81.143,29.2486],[81.1284,29.2604],[81.1252,29.2817],[81.1423,29.2972],[81.1406,29.3038],[81.1407,29.3039]]]}},{"type":"Feature","properties":{"province":7,"provinceName":"Sudurpaschim","district":"Achham","localLevel":"Dhakari","type":"rural_municipality"},"geometry":{"type":"Polygon","coordinates":[[[81.2524,29.0455],[81.2476,29.0505],[81.2277,29.0387],[81.2117,29.0404],[81.1995,29.0347],[81.1934,29.0247],[81.1825,29.0294],[81.1464,29.0234],[81.1519,29.006],[81.1453,28.9907],[81.1205,28.9741],[81.1071,28.9778],[81.1045,28.9675],[81.1224,28.9625],[81.1359,28.9474],[81.1439,28.9453],[81.1705,28.9214],[81.1854,28.915],[81.1959,28.9162],[81.2054,28.9082],[81.2337,28.9057],[81.2396,28.9065],[81.2437,28.9146],[81.2502,28.9148],[81.263,28.9029],[81.2692,28.9031],[81.2781,28.9166],[81.299,28.9246],[81.2982,28.9345],[81.3064,28.9521],[81.3251,28.9681],[81.3377,28.9874],[81.339,29.006],[81.3196,29.0112],[81.3171,29.0187],[81.3061,29.0166],[81.2782,29.038],[81.2525,29.0455],[81.2524,29.0455]]]}},{"type":"Feature","properties":{"province":7,"provinceName":"Sudurpaschim","district":"Achham","localLevel":"Kamalbazar","type":"municipality"},"geometry":{"type":"Polygon","coordinates":[[[81.3695,29.1233],[81.355,29.117],[81.3474,29.1246],[81.3425,29.1159],[81.3334,29.113],[81.3094,29.1166],[81.3015,29.1217],[81.2965,29.1181],[81.3021,29.1004],[81.299,29.0786],[81.2865,29.0743],[81.2799,29.0658],[81.2516,29.062],[81.2574,29.0526],[81.2524,29.0455],[81.2782,29.038],[81.3061,29.0166],[81.3171,29.0187],[81.3195,29.0113],[81.331,29.007],[81.339,29.006],[81.3433,29.0165],[81.3497,29.0194],[81.3661,29.0178],[81.3771,29.0246],[81.3981,29.0166],[81.4044,29.0101],[81.4179,29.0092],[81.4196,29.0213],[81.4293,29.0258],[81.4033,29.0441],[81.4062,29.0707],[81.394,29.0655],[81.3733,29.0919],[81.3678,29.1022],[81.3696,29.1232],[81.3695,29.1233]]]}},{"type":"Feature","properties":{"province":7,"provinceName":"Sudurpaschim","district":"Achham","localLevel":"Mangalsen","type":"municipality"},"geometry":{"type":"Polygon","coordinates":[[[81.3547,29.1676],[81.327,29.1633],[81.3103,29.1667],[81.3087,29.1616],[81.2892,29.1663],[81.272,29.1628],[81.2647,29.1675],[81.256,29.1601],[81.2389,29.1624],[81.2348,29.1667],[81.2185,29.158],[81.2117,29.159],[81.2056,29.1452],[81.1998,29.1501],[81.1976,29.1427],[81.1738,29.1385],[81.1648,29.1285],[81.1578,29.1293],[81.1542,29.1203],[81.1402,29.1109],[81.1166,29.101],[81.1082,29.1021],[81.1112,29.0853],[81.1303,29.0812],[81.1213,29.0722],[81.1231,29.0653],[81.1331,29.0593],[81.1383,29.0418],[81.1466,29.0347],[81.1464,29.0234],[81.1825,29.0294],[81.1934,29.0247],[81.1995,29.0347],[81.2117,29.0404],[81.2277,29.0387],[81.2476,29.0505],[81.2524,29.0455],[81.2574,29.0526],[81.2516,29.062],[81.2799,29.0658],[81.2865,29.0743],[81.299,29.0786],[81.3021,29.1004],[81.2965,29.1181],[81.3015,29.1217],[81.3249,29.1137],[81.3425,29.1159],[81.3546,29.1674],[81.3547,29.1676]]]}},{"type":"Feature","properties":{"province":7,"provinceName":"Sudurpaschim","district":"Achham","localLevel":"Mellekh","type":"rural_municipality"},"geometry":{"type":"Polygon","coordinates":[[[81.416,29.2785],[81.3977,29.2851],[81.3896,29.3],[81.3838,29.3027],[81.3845,29.2967],[81.3683,29.2845],[81.356,29.284],[81.3454,29.2917],[81.3423,29.3017],[81.3342,29.3046],[81.3315,29.3143],[81.3241,29.314],[81.3187,29.3231],[81.311,29.3251],[81.2968,29.3103],[81.2642,29.3028],[81.2473,29.277],[81.2364,29.2729],[81.2313,29.2657],[81.233,29.2581],[81.2411,29.2598],[81.2479,29.253],[81.2683,29.2458],[81.2668,29.2398],[81.2523,29.2366],[81.2601,29.2299],[81.261,29.2159],[81.2774,29.2111],[81.3092,29.2172],[81.33,29.2088],[81.3909,29.2384],[81.4094,29.2595],[81.4146,29.2765],[81.416,29.2785]]]}},{"type":"Feature","properties":{"province":7,"provinceName":"Sudurpaschim","district":"Achham","localLevel":"Panchadewal Binayak","type":"municipality"},"geometry":{"type":"Polygon","coordinates":[[[81.4891,29.1729],[81.4651,29.1692],[81.4385,29.1402],[81.4245,29.1531],[81.4135,29.1487],[81.4085,29.1312],[81.3697,29.1293],[81.368,29.1012],[81.394,29.0655],[81.4062,29.0707],[81.4033,29.0441],[81.4255,29.0273],[81.4293,29.0258],[81.4345,29.0375],[81.4414,29.0402],[81.4459,29.0537],[81.4686,29.067],[81.4711,29.0781],[81.5024,29.0911],[81.5117,29.0907],[81.5253,29.1042],[81.5385,29.1067],[81.5673,29.1261],[81.5371,29.1368],[81.5351,29.1465],[81.5264,29.1527],[81.5009,29.1517],[81.497,29.1688],[81.4903,29.1713],[81.4891,29.1729]]]}},{"type":"Feature","properties":{"province":7,"provinceName":"Sudurpaschim","district":"Achham","localLevel":"Ramaroshan","type":"rural_municipality"},"geometry":{"type":"Polygon","coordinates":[[[81.4698,29.2718],[81.4448,29.2874],[81.4282,29.2853],[81.416,29.2785],[81.4094,29.2595],[81.3909,29.2384],[81.3648,29.2283],[81.3395,29.2119],[81.3495,29.197],[81.3651,29.1856],[81.3642,29.1683],[81.3547,29.1676],[81.3449,29.1365],[81.347,29.125],[81.355,29.117],[81.3695,29.1233],[81.3719,29.131],[81.4085,29.1312],[81.4135,29.1487],[81.4245,29.1531],[81.4385,29.1402],[81.4651,29.1692],[81.4891,29.1729],[81.4925,29.185],[81.4839,29.2005],[81.4883,29.2254],[81.5014,29.2388],[81.493,29.2616],[81.4794,29.264],[81.47,29.2719],[81.4698,29.2718]]]}},{"type":"Feature","properties":{"province":7,"provinceName":"Sudurpaschim","district":"Achham","localLevel":"Sanphebagar","type":"municipality"},"geometry":{"type":"Polygon","coordinates":[[[81.2603,29.337],[81.2507,29.3507],[81.2279,29.3608],[81.216,29.3554],[81.2205,29.3439],[81.1964,29.3492],[81.1909,29.3455],[81.1823,29.3532],[81.1763,29.3501],[81.1746,29.3351],[81.1929,29.3209],[81.1785,29.3225],[81.1732,29.3181],[81.1781,29.3114],[81.171,29.3052],[81.171,29.2946],[81.162,29.3033],[81.1578,29.2985],[81.1416,29.3046],[81.1423,29.2972],[81.1252,29.2817],[81.1282,29.2609],[81.134,29.2541],[81.143,29.2486],[81.1681,29.2452],[81.1613,29.2313],[81.1643,29.2265],[81.1988,29.2259],[81.1953,29.2153],[81.1854,29.2104],[81.1841,29.2005],[81.1896,29.193],[81.2105,29.1943],[81.218,29.1722],[81.212,29.1613],[81.2138,29.1574],[81.2348,29.1667],[81.2392,29.1623],[81.2576,29.1607],[81.2466,29.1736],[81.2489,29.1922],[81.2442,29.1973],[81.2489,29.206],[81.2472,29.2177],[81.2431,29.2199],[81.2611,29.226],[81.2523,29.2366],[81.2692,29.2437],[81.2411,29.2598],[81.233,29.2581],[81.2313,29.2659],[81.2364,29.2729],[81.2473,29.277],[81.2635,29.3022],[81.2708,29.3029],[81.2548,29.3276],[81.26,29.3306],[81.2597,29.3367],[81.2603,29.337]]]}},{"type":"Feature","properties":{"province":7,"provinceName":"Sudurpaschim","district":"Achham","localLevel":"Turmakhad","type":"rural_municipality"},"geometry":{"type":"Polygon","coordinates":[[[81.4179,29.0092],[81.4044,29.0101],[81.3981,29.0166],[81.3771,29.0246],[81.3661,29.0178],[81.3525,29.0199],[81.3433,29.0165],[81.3377,28.9874],[81.3251,28.9681],[81.3064,28.9521],[81.2973,28.926],[81.318,28.9201],[81.3264,28.9078],[81.3381,28.907],[81.3407,28.8956],[81.3494,28.8901],[81.3762,28.8928],[81.3961,28.9084],[81.4164,28.9141],[81.4335,28.9106],[81.4424,28.9003],[81.466,28.8941],[81.4687,28.8873],[81.464,28.8751],[81.4692,28.8618],[81.465,28.8527],[81.4923,28.8409],[81.5,28.8212],[81.5243,28.8029],[81.5172,28.7803],[81.5296,28.7745],[81.5368,28.7612],[81.5218,28.7494],[81.5442,28.7484],[81.58,28.7554],[81.5838,28.7648],[81.5816,28.78],[81.5587,28.7975],[81.5337,28.856],[81.5169,28.8744],[81.5107,28.8897],[81.4995,28.8903],[81.4885,28.8985],[81.4683,28.9288],[81.4577,28.931],[81.4531,28.9389],[81.4462,28.9405],[81.4448,28.9597],[81.4345,28.957],[81.4254,28.9668],[81.4275,28.9788],[81.4119,28.9969],[81.4191,29.0006],[81.4193,29.0078],[81.4179,29.0092]]]}},{"type":"Feature","properties":{"province":7,"provinceName":"Sudurpaschim","district":"Doti","localLevel":"Adharsha","type":"rural_municipality"},"geometry":{"type":"Polygon","coordinates":[[[80.9472,29.3017],[80.9584,29.3155],[80.9642,29.3165],[80.9647,29.3306],[80.9368,29.3263],[80.9318,29.3392],[80.9473,29.3522],[80.9409,29.3611],[80.9192,29.3677],[80.9213,29.3806],[80.9067,29.3851],[80.8859,29.4021],[80.8867,29.4137],[80.8831,29.4162],[80.875,29.4116],[80.8635,29.4143],[80.8538,29.4076],[80.8618,29.3965],[80.8515,29.3762],[80.8369,29.3812],[80.8163,29.3648],[80.7763,29.365],[80.7701,29.3572],[80.7655,29.3632],[80.7708,29.3507],[80.7877,29.3522],[80.8134,29.3361],[80.8047,29.3204],[80.8125,29.3154],[80.8135,29.3074],[80.836,29.3224],[80.8459,29.3211],[80.8559,29.3125],[80.8543,29.3081],[80.8716,29.2982],[80.8829,29.2837],[80.9048,29.2908],[80.9167,29.2998],[80.9347,29.2963],[80.947,29.301],[80.9472,29.3017]]]}},{"type":"Feature","properties":{"province":7,"provinceName":"Sudurpaschim","district":"Doti","localLevel":"Badikedar","type":"rural_municipality"},"geometry":{"type":"Polygon","coordinates":[[[80.881,29.1254],[80.8571,29.1267],[80.8184,29.0988],[80.8202,29.0906],[80.8279,29.087],[80.8241,29.0827],[80.8243,29.0674],[80.7992,29.0447],[80.7854,29.0546],[80.7787,29.0518],[80.7787,29.0422],[80.772,29.04],[80.7652,29.0439],[80.7549,29.0419],[80.7428,29.0492],[80.7381,29.0462],[80.7429,29.0218],[80.7384,29.0107],[80.7647,29.0018],[80.7647,28.9877],[80.7843,28.985],[80.8005,28.9768],[80.8081,28.9672],[80.8055,28.9595],[80.8113,28.9558],[80.8071,28.9449],[80.8127,28.938],[80.8175,28.939],[80.8185,28.9315],[80.8338,28.9366],[80.8416,28.9502],[80.8386,28.9557],[80.8573,28.9776],[80.8679,28.9688],[80.8846,28.9661],[80.8871,28.9577],[80.8829,28.944],[80.8962,28.9344],[80.9004,28.9357],[80.8992,28.9426],[80.9032,28.9365],[80.9082,28.9404],[80.9131,28.9309],[80.9298,28.9434],[80.955,28.9358],[80.9698,28.9413],[80.9804,28.939],[80.9813,28.9521],[80.9917,28.9678],[80.9865,28.9826],[80.9801,28.9849],[80.9861,28.9943],[80.9855,29.0063],[81.0008,29.0221],[80.9921,29.0283],[80.9922,29.0411],[81.0052,29.0639],[80.986,29.0726],[80.9542,29.0784],[80.9228,29.0755],[80.9104,29.0912],[80.9133,29.0962],[80.8887,29.106],[80.8886,29.1183],[80.8809,29.1253],[80.881,29.1254]]]}},{"type":"Feature","properties":{"province":7,"provinceName":"Sudurpaschim","district":"Doti","localLevel":"Bogtan","type":"rural_municipality"},"geometry":{"type":"Polygon","coordinates":[[[81.1075,29.0993],[81.0758,29.1268],[81.0736,29.134],[81.0671,29.1351],[81.0689,29.1431],[81.0575,29.149],[81.0606,29.1555],[81.0566,29.162],[81.048,29.1554],[81.0209,29.1499],[81.0152,29.1319],[81.0048,29.1303],[80.9981,29.1169],[80.9831,29.1185],[80.9785,29.1246],[80.9602,29.1306],[80.9552,29.1276],[80.9394,29.1328],[80.9087,29.1209],[80.8867,29.1202],[80.8887,29.106],[80.9133,29.0962],[80.9104,29.0912],[80.9228,29.0755],[80.9542,29.0784],[80.986,29.0726],[81.0052,29.0639],[80.9922,29.0411],[80.9921,29.0283],[81.0008,29.0221],[80.9855,29.0063],[80.9861,28.9943],[80.9801,28.9849],[80.9865,28.9826],[80.9917,28.9686],[80.9812,28.9519],[80.9822,28.9387],[81.0035,28.9566],[81.0225,28.9528],[81.0505,28.9782],[81.0661,28.9703],[81.1028,28.9638],[81.1071,28.9778],[81.1205,28.9741],[81.1453,28.9907],[81.1519,29.006],[81.146,29.0188],[81.1466,29.0347],[81.1383,29.0418],[81.1331,29.0593],[81.1231,29.0653],[81.1213,29.0722],[81.1303,29.0812],[81.1116,29.0848],[81.108,29.0991],[81.1075,29.0993]]]}},{"type":"Feature","properties":{"province":7,"provinceName":"Sudurpaschim","district":"Doti","localLevel":"Dipayal Silgadi","type":"municipality"},"geometry":{"type":"Polygon","coordinates":[[[81.0045,29.3292],[80.9936,29.3353],[80.9766,29.334],[80.9758,29.3294],[80.9898,29.3127],[80.984,29.3032],[80.9717,29.3034],[80.9621,29.2904],[80.9475,29.3017],[80.9347,29.2963],[80.9167,29.2998],[80.9048,29.2908],[80.8829,29.2837],[80.8716,29.2982],[80.8545,29.3082],[80.8487,29.302],[80.8498,29.2865],[80.8634,29.29],[80.8727,29.2709],[80.8895,29.2704],[80.8964,29.2546],[80.9079,29.251],[80.9092,29.2379],[80.9188,29.2463],[80.9266,29.2455],[80.9317,29.2421],[80.9238,29.2387],[80.9327,29.2386],[80.9422,29.2261],[80.9533,29.2389],[80.9612,29.2402],[80.9625,29.2323],[80.9773,29.227],[80.9772,29.2209],[80.99,29.2213],[80.9974,29.208],[81.0082,29.2039],[81.0148,29.1936],[81.0248,29.1909],[81.0235,29.1835],[81.0316,29.1814],[81.0346,29.1862],[81.0283,29.1895],[81.0284,29.2042],[81.0328,29.2086],[81.0279,29.2156],[81.0359,29.2182],[81.0332,29.223],[81.0469,29.2407],[81.0549,29.2618],[81.0171,29.2682],[81.0243,29.2878],[81.0128,29.2945],[81.0137,29.3111],[81.0018,29.3112],[81.0045,29.3291],[81.0045,29.3292]]]}},{"type":"Feature","properties":{"province":7,"provinceName":"Sudurpaschim","district":"Doti","localLevel":"Jorayal","type":"rural_municipality"},"geometry":{"type":"Polygon","coordinates":[[[80.7062,29.1927],[80.7017,29.1946],[80.6966,29.1878],[80.6804,29.1914],[80.6722,29.1828],[80.6475,29.1781],[80.631,29.1763],[80.6212,29.181],[80.6071,29.1703],[80.6,29.1701],[80.5938,29.163],[80.5929,29.1479],[80.5676,29.1436],[80.5665,29.1354],[80.5739,29.1302],[80.5683,29.1189],[80.5282,29.1057],[80.5329,29.09],[80.5607,29.076],[80.5677,29.0621],[80.5743,29.0644],[80.5894,29.0534],[80.5948,29.0547],[80.6001,29.0477],[80.6089,29.0488],[80.6132,29.0576],[80.6183,29.0589],[80.6359,29.0359],[80.6505,29.0254],[80.7053,29.0095],[80.7226,29.0072],[80.7261,29.0108],[80.7384,29.0107],[80.7429,29.0218],[80.7375,29.0451],[80.7425,29.0491],[80.7549,29.0419],[80.7652,29.0439],[80.772,29.04],[80.7787,29.0422],[80.7798,29.0534],[80.7868,29.0545],[80.7992,29.0447],[80.8243,29.0674],[80.8241,29.0827],[80.8279,29.087],[80.8202,29.0906],[80.8184,29.0988],[80.8568,29.1266],[80.8713,29.1282],[80.8668,29.1485],[80.8589,29.1487],[80.8599,29.1552],[80.8531,29.1597],[80.8297,29.1545],[80.8076,29.1605],[80.7785,29.1788],[80.7792,29.1839],[80.7704,29.1885],[80.7549,29.1906],[80.7507,29.1867],[80.7429,29.1929],[80.7176,29.1894],[80.707,29.1924],[80.7062,29.1927]]]}},{"type":"Feature","properties":{"province":7,"provinceName":"Sudurpaschim","district":"Doti","localLevel":"K I Sin","type":"rural_municipality"},"geometry":{"type":"Polygon","coordinates":[[[81.0346,29.1862],[81.0319,29.1815],[81.0241,29.183],[81.0248,29.1909],[81.0155,29.1931],[81.0082,29.2039],[80.9974,29.208],[80.99,29.2213],[80.9772,29.2209],[80.9773,29.227],[80.9625,29.2323],[80.9612,29.2402],[80.9533,29.2389],[80.9422,29.2261],[80.9327,29.2386],[80.9248,29.239],[80.932,29.233],[80.9273,29.2299],[80.9351,29.2272],[80.9196,29.2108],[80.9177,29.1818],[80.897,29.1568],[80.8918,29.1396],[80.8817,29.132],[80.8809,29.1253],[80.8867,29.1202],[80.9033,29.1199],[80.9394,29.1328],[80.9552,29.1276],[80.9602,29.1306],[80.9785,29.1246],[80.9831,29.1185],[80.9981,29.1169],[81.0048,29.1303],[81.0152,29.1319],[81.0209,29.1499],[81.0561,29.1583],[81.045,29.1752],[81.0472,29.1844],[81.038,29.1893],[81.0348,29.1865],[81.0346,29.1862]]]}},{"type":"Feature","properties":{"province":7,"provinceName":"Sudurpaschim","district":"Doti","localLevel":"Purbichauki","type":"rural_municipality"},"geometry":{"type":"Polygon","coordinates":[[[81.0598,29.3401],[81.0486,29.3429],[81.0235,29.3285],[81.0045,29.3292],[81.0018,29.3112],[81.0137,29.3111],[81.0128,29.2945],[81.0243,29.2878],[81.0171,29.2682],[81.0549,29.2618],[81.0469,29.2407],[81.0332,29.223],[81.0359,29.2182],[81.0279,29.2156],[81.0328,29.2086],[81.0284,29.2042],[81.03,29.1953],[81.0406,29.1996],[81.066,29.1983],[81.1116,29.2228],[81.1165,29.2363],[81.0994,29.2474],[81.1017,29.2613],[81.1224,29.2993],[81.1374,29.3048],[81.1366,29.3093],[81.104,29.3147],[81.0884,29.323],[81.0757,29.3414],[81.0606,29.3399],[81.0598,29.3401]]]}},{"type":"Feature","properties":{"province":7,"provinceName":"Sudurpaschim","district":"Doti","localLevel":"Sayal","type":"rural_municipality"},"geometry":{"type":"Polygon","coordinates":[[[81.0264,29.4197],[81.0109,29.4202],[80.9886,29.4051],[80.9727,29.4003],[80.9412,29.3975],[80.9331,29.4108],[80.9339,29.4175],[80.9179,29.4314],[80.9134,29.4457],[80.8803,29.4168],[80.8867,29.4137],[80.8853,29.4028],[80.8997,29.3894],[80.9213,29.3806],[80.9192,29.3677],[80.9409,29.3611],[80.9473,29.3522],[80.9318,29.3392],[80.9368,29.3263],[80.9647,29.3306],[80.9642,29.3165],[80.9584,29.3155],[80.9472,29.3022],[80.9621,29.2904],[80.9717,29.3034],[80.984,29.3032],[80.9898,29.3127],[80.9757,29.3296],[80.9772,29.3344],[80.9936,29.3353],[81.0022,29.3298],[81.0225,29.3283],[81.0485,29.3423],[81.0423,29.3489],[81.0459,29.3557],[81.0362,29.3636],[81.029,29.3633],[81.025,29.3744],[81.0471,29.3827],[81.0456,29.3866],[81.054,29.3944],[81.0531,29.4106],[81.0344,29.412],[81.0265,29.419],[81.0264,29.4197]]]}},{"type":"Feature","properties":{"province":7,"provinceName":"Sudurpaschim","district":"Doti","localLevel":"Shikhar","type":"municipality"},"geometry":{"type":"Polygon","coordinates":[[[80.8543,29.3081],[80.8559,29.3125],[80.8459,29.3211],[80.836,29.3224],[80.8135,29.3074],[80.8125,29.3154],[80.8047,29.3204],[80.8134,29.3361],[80.7877,29.3522],[80.7708,29.3507],[80.7646,29.3635],[80.764,29.3514],[80.759,29.3463],[80.7645,29.3358],[80.7608,29.3323],[80.778,29.3155],[80.7735,29.312],[80.7742,29.3018],[80.758,29.3088],[80.7359,29.2986],[80.7343,29.292],[80.7474,29.2846],[80.7455,29.2748],[80.7584,29.2675],[80.7499,29.2545],[80.7374,29.2475],[80.7408,29.2451],[80.7085,29.2313],[80.7095,29.2252],[80.7036,29.2168],[80.7084,29.2117],[80.7062,29.1927],[80.7176,29.1894],[80.7429,29.1929],[80.7507,29.1867],[80.7549,29.1906],[80.7704,29.1885],[80.7792,29.1839],[80.7785,29.1788],[80.807,29.1608],[80.8297,29.1545],[80.8534,29.1596],[80.8599,29.1552],[80.8589,29.1487],[80.8668,29.1485],[80.8713,29.1282],[80.881,29.1254],[80.9049,29.1687],[80.9124,29.1713],[80.9157,29.1786],[80.9129,29.1804],[80.9177,29.1818],[80.9196,29.2108],[80.9351,29.2272],[80.9273,29.2299],[80.9321,29.2325],[80.9279,29.2338],[80.9287,29.2388],[80.9238,29.2387],[80.9315,29.2427],[80.9197,29.2465],[80.9092,29.2379],[80.9073,29.2516],[80.8964,29.2546],[80.8943,29.2654],[80.8868,29.2719],[80.8727,29.2709],[80.8642,29.2895],[80.8501,29.2857],[80.8487,29.302],[80.8542,29.308],[80.8543,29.3081]]]}},{"type":"Feature","properties":{"province":7,"provinceName":"Sudurpaschim","district":"Kailali","localLevel":"Bardagoriya","type":"rural_municipality"},"geometry":{"type":"Polygon","coordinates":[[[81.0814,28.7056],[81.078,28.7189],[81.0636,28.7324],[81.0568,28.7622],[81.028,28.7415],[81.0242,28.7307],[81.0256,28.708],[81.029,28.7053],[81.0256,28.702],[81.0303,28.7011],[81.0327,28.6942],[81.0095,28.6882],[81.0122,28.6653],[81.0065,28.6667],[81.0049,28.6601],[81.0095,28.6401],[80.9963,28.6255],[80.9957,28.6221],[80.9998,28.6229],[80.9977,28.6147],[81.0246,28.6236],[81.0281,28.6129],[81.036,28.6214],[81.0551,28.6153],[81.0599,28.6194],[81.0552,28.6346],[81.0586,28.6354],[81.0629,28.6552],[81.0704,28.6587],[81.0762,28.6674],[81.0747,28.6733],[81.0794,28.6737],[81.0812,28.7054],[81.0814,28.7056]]]}},{"type":"Feature","properties":{"province":7,"provinceName":"Sudurpaschim","district":"Kailali","localLevel":"Bhajani","type":"municipality"},"geometry":{"type":"Polygon","coordinates":[[[80.9921,28.5881],[80.969,28.5882],[80.9594,28.5966],[80.9371,28.6046],[80.9249,28.5906],[80.9149,28.5933],[80.9062,28.5897],[80.8999,28.5772],[80.9018,28.5702],[80.897,28.57],[80.909,28.5624],[80.8928,28.5496],[80.9012,28.5365],[80.9083,28.5364],[80.9106,28.5312],[80.9069,28.5247],[80.9136,28.5149],[80.9092,28.5144],[80.9126,28.506],[80.9072,28.5],[80.9087,28.4896],[80.9032,28.4856],[80.9074,28.4657],[80.9174,28.4576],[80.9162,28.4677],[80.9213,28.4637],[80.9193,28.4597],[80.9323,28.4576],[80.9341,28.463],[80.9445,28.4683],[80.947,28.4661],[80.934,28.4585],[80.9533,28.4555],[80.9536,28.4474],[80.9658,28.4495],[80.9688,28.4569],[80.9816,28.4552],[80.9666,28.4445],[80.9698,28.4428],[80.967,28.4377],[80.9808,28.4343],[80.9796,28.4424],[80.9909,28.4416],[81.0015,28.4539],[81.0178,28.4518],[81.0212,28.4606],[81.0256,28.4555],[81.0333,28.4677],[81.0413,28.4675],[81.0386,28.4742],[81.0483,28.475],[81.0427,28.4794],[81.0479,28.4821],[81.0422,28.4902],[81.049,28.5055],[81.0433,28.5165],[81.0341,28.52],[81.0198,28.5157],[81.0293,28.5307],[81.0272,28.5336],[81.0358,28.5409],[81.0301,28.5434],[81.0037,28.5388],[80.9981,28.5315],[80.9893,28.5346],[80.9926,28.5522],[80.9897,28.5572],[80.9942,28.5623],[80.9883,28.5667],[80.9955,28.5665],[80.9951,28.5788],[80.9858,28.5853],[80.9917,28.588],[80.9921,28.5881]]]}},{"type":"Feature","properties":{"province":7,"provinceName":"Sudurpaschim","district":"Kailali","localLevel":"Chure","type":"rural_municipality"},"geometry":{"type":"Polygon","coordinates":[[[80.7384,29.0107],[80.7261,29.0108],[80.7226,29.0072],[80.7053,29.0095],[80.6797,29.0154],[80.6761,29.0207],[80.6723,29.0181],[80.6583,29.0221],[80.6359,29.0359],[80.6187,29.0587],[80.6132,29.0576],[80.6083,29.0485],[80.6001,29.0477],[80.5948,29.0547],[80.5894,29.0534],[80.5743,29.0644],[80.5677,29.0621],[80.5628,29.0681],[80.5589,29.0582],[80.5463,29.0493],[80.5486,29.0384],[80.5359,29.0297],[80.5372,29.0139],[80.5204,29.0043],[80.5192,28.9893],[80.5296,28.9827],[80.5316,28.9614],[80.5473,28.9625],[80.549,28.9576],[80.5446,28.957],[80.5488,28.9514],[80.5613,28.9468],[80.5883,28.9569],[80.5931,28.948],[80.6099,28.9532],[80.6076,28.9396],[80.6198,28.9376],[80.646,28.9194],[80.6731,28.9144],[80.6717,28.9024],[80.6768,28.8985],[80.6727,28.8873],[80.6775,28.8784],[80.6683,28.8656],[80.6804,28.8632],[80.6768,28.8454],[80.6843,28.8257],[80.6976,28.816],[80.7056,28.7958],[80.7187,28.802],[80.7303,28.7987],[80.7291,28.7924],[80.756,28.7861],[80.7687,28.812],[80.7758,28.8176],[80.7883,28.819],[80.7961,28.8032],[80.7998,28.8103],[80.8207,28.818],[80.829,28.8419],[80.8403,28.8534],[80.8395,28.8621],[80.8458,28.8743],[80.8608,28.8885],[80.8526,28.9018],[80.8642,28.9148],[80.857,28.9295],[80.8594,28.9392],[80.8507,28.9378],[80.8385,28.9466],[80.8297,28.9326],[80.8185,28.9315],[80.8175,28.939],[80.8127,28.938],[80.8071,28.9449],[80.8113,28.9558],[80.8055,28.9595],[80.8081,28.9672],[80.8005,28.9768],[80.7843,28.985],[80.7647,28.9877],[80.7647,29.0018],[80.7385,29.0107],[80.7384,29.0107]]]}},{"type":"Feature","properties":{"province":7,"provinceName":"Sudurpaschim","district":"Kailali","localLevel":"Dhangadhi","type":"sub_metropolitan_city"},"geometry":{"type":"Polygon","coordinates":[[[80.6595,28.752],[80.6533,28.7469],[80.6631,28.7386],[80.6601,28.7302],[80.6396,28.7262],[80.6331,28.74],[80.6357,28.7582],[80.6415,28.7587],[80.6367,28.7651],[80.6395,28.771],[80.6477,28.7693],[80.6352,28.7823],[80.6302,28.7756],[80.6141,28.7748],[80.6109,28.7698],[80.6079,28.7845],[80.6027,28.776],[80.5895,28.776],[80.5784,28.7643],[80.5685,28.7663],[80.5615,28.7614],[80.5403,28.765],[80.5466,28.7518],[80.5585,28.7538],[80.5523,28.7444],[80.5402,28.7376],[80.5524,28.7337],[80.5612,28.7228],[80.5521,28.7196],[80.55,28.7115],[80.5404,28.716],[80.5444,28.6963],[80.5921,28.6797],[80.5819,28.6612],[80.5993,28.6559],[80.5914,28.6477],[80.6079,28.6523],[80.6133,28.6392],[80.635,28.6373],[80.6432,28.6432],[80.6529,28.6339],[80.6693,28.6418],[80.6725,28.6283],[80.6813,28.6204],[80.6791,28.6043],[80.6974,28.6033],[80.692,28.587],[80.7163,28.5678],[80.7262,28.5747],[80.7403,28.5658],[80.7401,28.5742],[80.7515,28.5707],[80.7578,28.5799],[80.742,28.5903],[80.7388,28.5986],[80.7304,28.5985],[80.7319,28.6057],[80.7218,28.6116],[80.7276,28.6263],[80.7182,28.6326],[80.7263,28.6554],[80.7175,28.6752],[80.751,28.6705],[80.7558,28.681],[80.7483,28.6923],[80.7502,28.6979],[80.7439,28.6995],[80.738,28.7152],[80.7401,28.7206],[80.7332,28.7196],[80.7365,28.7208],[80.7361,28.7314],[80.7269,28.7318],[80.7242,28.7406],[80.7297,28.7564],[80.7173,28.7723],[80.7058,28.7764],[80.6986,28.7647],[80.6845,28.761],[80.6894,28.7581],[80.6849,28.755],[80.6768,28.7619],[80.6764,28.7721],[80.6707,28.7709],[80.6692,28.763],[80.6733,28.7555],[80.6658,28.7481],[80.6597,28.752],[80.6595,28.752]]]}},{"type":"Feature","properties":{"province":7,"provinceName":"Sudurpaschim","district":"Kailali","localLevel":"Gauriganga","type":"municipality"},"geometry":{"type":"Polygon","coordinates":[[[80.806,28.8116],[80.7973,28.8086],[80.7961,28.8032],[80.7883,28.819],[80.7758,28.8176],[80.7687,28.812],[80.7563,28.7862],[80.7291,28.7924],[80.7303,28.7987],[80.7187,28.802],[80.7056,28.7958],[80.6976,28.816],[80.6843,28.8257],[80.6768,28.8454],[80.6804,28.8632],[80.6683,28.8656],[80.6504,28.8511],[80.638,28.7984],[80.649,28.8053],[80.66,28.7941],[80.6466,28.7757],[80.6628,28.7699],[80.6585,28.7588],[80.6595,28.752],[80.6656,28.7481],[80.6735,28.756],[80.6692,28.763],[80.6707,28.7709],[80.6764,28.7721],[80.6768,28.7619],[80.6842,28.7549],[80.6894,28.7581],[80.6845,28.761],[80.6986,28.7647],[80.7042,28.776],[80.7169,28.7726],[80.7297,28.7564],[80.7242,28.7406],[80.7274,28.7309],[80.7362,28.7311],[80.7365,28.7208],[80.7332,28.7196],[80.7401,28.7206],[80.738,28.7152],[80.744,28.6994],[80.7574,28.6923],[80.7695,28.6934],[80.7733,28.7072],[80.8042,28.6931],[80.8132,28.6936],[80.8216,28.6871],[80.8205,28.6701],[80.8243,28.6667],[80.8084,28.6509],[80.8434,28.6392],[80.8484,28.6423],[80.8519,28.6356],[80.8587,28.6344],[80.8673,28.6561],[80.8598,28.678],[80.8657,28.6917],[80.8568,28.6954],[80.8663,28.7026],[80.8657,28.7115],[80.8806,28.7176],[80.8777,28.7211],[80.8831,28.7287],[80.8798,28.7392],[80.8988,28.7395],[80.8924,28.7477],[80.8868,28.8061],[80.8615,28.8225],[80.8575,28.8143],[80.8586,28.7955],[80.826,28.7653],[80.8222,28.7715],[80.8065,28.775],[80.7979,28.7824],[80.8059,28.8114],[80.806,28.8116]]]}},{"type":"Feature","properties":{"province":7,"provinceName":"Sudurpaschim","district":"Kailali","localLevel":"Ghodaghodi","type":"municipality"},"geometry":{"type":"Polygon","coordinates":[[[81.0242,28.7307],[81.0233,28.7508],[81.0271,28.7548],[81.0122,28.7763],[81.0245,28.79],[81.0287,28.8017],[80.9907,28.8111],[80.9642,28.8247],[80.9548,28.8349],[80.9175,28.8299],[80.9045,28.8231],[80.8935,28.8291],[80.8882,28.8214],[80.8862,28.7964],[80.8926,28.7468],[80.8988,28.7395],[80.8798,28.7392],[80.8831,28.7287],[80.8777,28.7211],[80.8806,28.7176],[80.8657,28.7115],[80.8663,28.7026],[80.8568,28.6954],[80.8657,28.6917],[80.8598,28.678],[80.867,28.6514],[80.8603,28.6433],[80.8551,28.6218],[80.8332,28.6132],[80.8466,28.6077],[80.8525,28.5989],[80.8375,28.5928],[80.9247,28.5905],[80.9293,28.5994],[80.9348,28.5987],[80.9408,28.6059],[80.9404,28.6024],[80.9594,28.5966],[80.969,28.5882],[80.9953,28.5875],[80.9891,28.5921],[80.9934,28.5946],[80.9897,28.6111],[80.9925,28.6238],[80.9953,28.6216],[81.0095,28.6401],[81.0049,28.6601],[81.0065,28.6667],[81.0122,28.6653],[81.008,28.6847],[81.0203,28.6931],[81.0327,28.6942],[81.0303,28.7011],[81.0256,28.702],[81.029,28.7062],[81.0256,28.708],[81.0244,28.7287],[81.0242,28.7307]]]}},{"type":"Feature","properties":{"province":7,"provinceName":"Sudurpaschim","district":"Kailali","localLevel":"Godawari","type":"municipality"},"geometry":{"type":"Polygon","coordinates":[[[80.6683,28.8656],[80.6775,28.8784],[80.6727,28.8873],[80.6768,28.8985],[80.6717,28.9024],[80.6731,28.9144],[80.646,28.9194],[80.6198,28.9376],[80.6076,28.9396],[80.6099,28.9532],[80.5931,28.948],[80.5883,28.9569],[80.5613,28.9468],[80.5488,28.9514],[80.5446,28.957],[80.549,28.9576],[80.5473,28.9625],[80.5316,28.9614],[80.5296,28.9827],[80.5192,28.9893],[80.5207,28.9992],[80.5028,28.9932],[80.4859,28.9965],[80.4916,28.9847],[80.49,28.9774],[80.4698,28.9386],[80.4833,28.9368],[80.4896,28.9243],[80.5066,28.9254],[80.5123,28.9213],[80.5048,28.9116],[80.5095,28.8968],[80.5042,28.8639],[80.4982,28.8548],[80.5096,28.8394],[80.5094,28.8324],[80.5169,28.835],[80.52,28.8318],[80.5159,28.8233],[80.5196,28.8196],[80.5127,28.8151],[80.5278,28.8059],[80.5328,28.7966],[80.5404,28.7959],[80.5402,28.7902],[80.5517,28.7783],[80.55,28.7719],[80.5381,28.7707],[80.5394,28.7656],[80.5615,28.7614],[80.5685,28.7663],[80.5784,28.7643],[80.5895,28.776],[80.6027,28.776],[80.6079,28.7845],[80.6109,28.7698],[80.6141,28.7748],[80.6302,28.7756],[80.6352,28.7823],[80.6477,28.7693],[80.6395,28.771],[80.6369,28.7656],[80.6415,28.7587],[80.6357,28.7582],[80.6334,28.7386],[80.6396,28.7262],[80.6601,28.7302],[80.6631,28.7386],[80.6533,28.7482],[80.6606,28.7535],[80.6584,28.7597],[80.6632,28.7689],[80.6466,28.7758],[80.66,28.7939],[80.649,28.8053],[80.6473,28.8014],[80.638,28.7984],[80.6377,28.8013],[80.6462,28.8221],[80.6505,28.8514],[80.6682,28.8651],[80.6683,28.8656]]]}},{"type":"Feature","properties":{"province":7,"provinceName":"Sudurpaschim","district":"Kailali","localLevel":"Janaki","type":"rural_municipality"},"geometry":{"type":"Polygon","coordinates":[[[81.2623,28.6131],[81.2391,28.6123],[81.2007,28.592],[81.1816,28.5882],[81.1629,28.5985],[81.1566,28.592],[81.1321,28.606],[81.1223,28.6067],[81.115,28.6001],[81.0988,28.6035],[81.0942,28.5999],[81.0954,28.5939],[81.0848,28.5885],[81.0753,28.5926],[81.0679,28.5861],[81.0638,28.5695],[81.0682,28.5689],[81.0633,28.5673],[81.0633,28.5594],[81.0547,28.5497],[81.0613,28.5473],[81.05,28.534],[81.0502,28.5273],[81.0421,28.523],[81.1015,28.5268],[81.1096,28.5335],[81.1062,28.5379],[81.0966,28.5384],[81.1026,28.5444],[81.096,28.5485],[81.1038,28.554],[81.1159,28.5537],[81.1196,28.5493],[81.1497,28.5525],[81.1692,28.5232],[81.1997,28.553],[81.2342,28.5775],[81.2619,28.6126],[81.2623,28.6131]]]}},{"type":"Feature","properties":{"province":7,"provinceName":"Sudurpaschim","district":"Kailali","localLevel":"Joshipur","type":"rural_municipality"},"geometry":{"type":"Polygon","coordinates":[[[80.9957,28.6221],[80.9925,28.6238],[80.9897,28.6111],[80.9933,28.5941],[80.9891,28.5921],[80.9954,28.5876],[80.9858,28.5853],[80.9951,28.5788],[80.9955,28.5665],[80.9883,28.5667],[80.9942,28.5623],[80.9897,28.5572],[80.9926,28.5522],[80.9893,28.5346],[80.9981,28.5315],[81.0032,28.5387],[81.0307,28.5434],[81.0359,28.5394],[81.0272,28.5336],[81.0293,28.5307],[81.0199,28.5156],[81.0341,28.52],[81.0433,28.5165],[81.046,28.5217],[81.0423,28.5238],[81.0502,28.5273],[81.05,28.534],[81.0613,28.5473],[81.055,28.5486],[81.0566,28.5547],[81.0683,28.5696],[81.0638,28.5695],[81.0682,28.5856],[81.0614,28.5849],[81.0615,28.5934],[81.058,28.5928],[81.0609,28.6171],[81.048,28.616],[81.0414,28.6222],[81.0281,28.6129],[81.0246,28.6236],[81.0013,28.6143],[80.9977,28.6147],[80.9998,28.6229],[80.996,28.622],[80.9957,28.6221]]]}},{"type":"Feature","properties":{"province":7,"provinceName":"Sudurpaschim","district":"Kailali","localLevel":"Kailari","type":"rural_municipality"},"geometry":{"type":"Polygon","coordinates":[[[80.8587,28.6344],[80.8519,28.6356],[80.8484,28.6423],[80.8434,28.6392],[80.8084,28.6509],[80.8242,28.6665],[80.8205,28.6701],[80.8216,28.6871],[80.7806,28.706],[80.7733,28.7072],[80.7695,28.6934],[80.7487,28.6937],[80.7558,28.681],[80.7514,28.6705],[80.7174,28.6751],[80.7263,28.6554],[80.7182,28.6326],[80.7276,28.6263],[80.7218,28.6116],[80.7319,28.6057],[80.7304,28.5985],[80.7388,28.5986],[80.742,28.5903],[80.7578,28.5799],[80.7515,28.5707],[80.7697,28.5655],[80.7712,28.5496],[80.7912,28.5433],[80.7863,28.5292],[80.7907,28.5243],[80.8172,28.5206],[80.8317,28.5117],[80.8462,28.4953],[80.857,28.497],[80.8673,28.4895],[80.8633,28.5041],[80.8776,28.5097],[80.8978,28.5056],[80.9089,28.4981],[80.9126,28.506],[80.9092,28.5144],[80.9136,28.5149],[80.9069,28.5247],[80.9106,28.5312],[80.9083,28.5364],[80.9012,28.5365],[80.8928,28.5491],[80.909,28.5624],[80.897,28.57],[80.9018,28.5702],[80.8999,28.5772],[80.9069,28.5856],[80.9055,28.5894],[80.8373,28.5931],[80.8525,28.5989],[80.8466,28.6077],[80.8332,28.6132],[80.8551,28.6218],[80.8583,28.6339],[80.8587,28.6344]]]}},{"type":"Feature","properties":{"province":7,"provinceName":"Sudurpaschim","district":"Kailali","localLevel":"Lamkichuha","type":"municipality"},"geometry":{"type":"Polygon","coordinates":[[[81.2894,28.6491],[81.2608,28.6575],[81.2584,28.6628],[81.2492,28.6556],[81.2353,28.6599],[81.2257,28.6789],[81.1581,28.7308],[81.1526,28.7302],[81.1491,28.7182],[81.1361,28.7115],[81.1316,28.7128],[81.1307,28.7232],[81.1202,28.7204],[81.1141,28.7275],[81.1062,28.726],[81.0812,28.7054],[81.0794,28.6737],[81.0747,28.6733],[81.076,28.6666],[81.0629,28.6552],[81.0586,28.6449],[81.0586,28.6354],[81.0552,28.6344],[81.0617,28.6137],[81.058,28.5928],[81.0615,28.5934],[81.0611,28.5853],[81.0649,28.5842],[81.0753,28.5926],[81.0848,28.5885],[81.0954,28.5939],[81.0942,28.5999],[81.0988,28.6035],[81.115,28.6001],[81.1252,28.6069],[81.1401,28.6034],[81.1568,28.592],[81.1629,28.5985],[81.1811,28.5882],[81.2002,28.5919],[81.2243,28.6074],[81.2693,28.6166],[81.2728,28.6301],[81.2895,28.6488],[81.2894,28.6491]]]}},{"type":"Feature","properties":{"province":7,"provinceName":"Sudurpaschim","district":"Kailali","localLevel":"Mohanyal","type":"rural_municipality"},"geometry":{"type":"Polygon","coordinates":[[[80.9804,28.939],[80.9698,28.9413],[80.955,28.9358],[80.9298,28.9434],[80.9131,28.9309],[80.9082,28.9404],[80.9032,28.9365],[80.8992,28.9426],[80.9004,28.9357],[80.8962,28.9344],[80.8829,28.944],[80.8871,28.9577],[80.8839,28.9668],[80.8679,28.9688],[80.8605,28.977],[80.8534,28.9757],[80.8386,28.9557],[80.8389,28.9465],[80.8507,28.9378],[80.86,28.9379],[80.857,28.9295],[80.8642,28.9148],[80.8526,28.9018],[80.8608,28.8885],[80.8458,28.8743],[80.8395,28.8621],[80.8403,28.8534],[80.829,28.8419],[80.8207,28.818],[80.807,28.8128],[80.8025,28.8052],[80.7971,28.7857],[80.8024,28.7777],[80.8222,28.7715],[80.827,28.7656],[80.8586,28.7955],[80.8575,28.8143],[80.8615,28.8225],[80.8868,28.8061],[80.8884,28.8224],[80.8935,28.8291],[80.9045,28.8231],[80.9175,28.8299],[80.9554,28.8348],[80.9642,28.8247],[80.9907,28.8111],[81.0287,28.8017],[81.0245,28.79],[81.0122,28.7763],[81.0271,28.7548],[81.0233,28.7508],[81.0242,28.7307],[81.028,28.7415],[81.0566,28.7623],[81.0636,28.7324],[81.078,28.7189],[81.0814,28.7056],[81.1062,28.726],[81.1141,28.7275],[81.118,28.7208],[81.1307,28.7232],[81.1318,28.7125],[81.1405,28.7123],[81.1505,28.72],[81.1526,28.7302],[81.1581,28.7308],[81.2257,28.6789],[81.2353,28.6599],[81.2492,28.6556],[81.2584,28.6628],[81.2608,28.6575],[81.2894,28.6491],[81.2831,28.6945],[81.2682,28.7041],[81.2746,28.7261],[81.2578,28.7299],[81.2628,28.7458],[81.249,28.7608],[81.2525,28.77],[81.2495,28.7796],[81.2344,28.786],[81.2276,28.7951],[81.2408,28.803],[81.2438,28.8108],[81.2316,28.8167],[81.2337,28.8318],[81.2079,28.8503],[81.2083,28.862],[81.2007,28.8611],[81.1969,28.833],[81.2084,28.8252],[81.2051,28.8167],[81.1835,28.825],[81.1758,28.8349],[81.1547,28.8303],[81.1594,28.8443],[81.1509,28.8526],[81.1451,28.873],[81.1308,28.8651],[81.1277,28.8516],[81.1041,28.8447],[81.0909,28.8628],[81.0746,28.8648],[81.074,28.8767],[81.0605,28.8734],[81.0532,28.8768],[81.0229,28.9198],[80.9808,28.9389],[80.9804,28.939]]]}},{"type":"Feature","properties":{"province":7,"provinceName":"Sudurpaschim","district":"Kailali","localLevel":"Tikapur","type":"municipality"},"geometry":{"type":"Polygon","coordinates":[[[81.1692,28.5232],[81.1497,28.5525],[81.1196,28.5493],[81.1159,28.5537],[81.1038,28.554],[81.096,28.5485],[81.1026,28.5444],[81.0966,28.5384],[81.1062,28.5379],[81.1096,28.5335],[81.1015,28.5268],[81.0463,28.5219],[81.0433,28.5158],[81.049,28.5055],[81.0422,28.4902],[81.0473,28.4872],[81.0477,28.4818],[81.0427,28.4794],[81.0483,28.475],[81.0381,28.4738],[81.0413,28.4675],[81.0333,28.4677],[81.0256,28.4555],[81.0208,28.4602],[81.0147,28.4382],[81.021,28.4316],[81.0313,28.4385],[81.0355,28.4279],[81.0185,28.4157],[81.0341,28.3987],[81.0366,28.4133],[81.0691,28.3944],[81.0613,28.4098],[81.0703,28.4257],[81.0876,28.4383],[81.0923,28.4568],[81.1107,28.4613],[81.1165,28.4725],[81.149,28.4981],[81.1619,28.5013],[81.1692,28.523],[81.1692,28.5232]]]}},{"type":"Feature","properties":{"province":7,"provinceName":"Sudurpaschim","district":"Kanchanpur","localLevel":"Bedkot","type":"municipality"},"geometry":{"type":"Polygon","coordinates":[[[80.3443,29.0542],[80.3266,29.0513],[80.3146,29.0582],[80.3025,29.0585],[80.2742,29.0458],[80.2666,29.0522],[80.2567,29.0529],[80.2304,29.0452],[80.2236,29.0568],[80.2096,29.0403],[80.21,29.0257],[80.2184,29.0116],[80.2104,29.0027],[80.2024,28.9695],[80.2225,28.9486],[80.2268,28.9325],[80.2439,28.9191],[80.2416,28.9146],[80.2463,28.9097],[80.2503,28.9159],[80.2621,28.914],[80.2658,28.9227],[80.2841,28.9279],[80.289,28.9333],[80.3021,28.9338],[80.3141,28.9434],[80.3116,28.9518],[80.3371,28.9904],[80.3397,29.0241],[80.3464,29.0334],[80.3443,29.0537],[80.3443,29.0542]]]}},{"type":"Feature","properties":{"province":7,"provinceName":"Sudurpaschim","district":"Kanchanpur","localLevel":"Belauri","type":"municipality"},"geometry":{"type":"Polygon","coordinates":[[[80.3164,28.7645],[80.3066,28.7726],[80.2961,28.7691],[80.3008,28.7598],[80.2985,28.7446],[80.2811,28.7452],[80.2686,28.7518],[80.2636,28.7489],[80.2656,28.7359],[80.2579,28.7293],[80.2793,28.7099],[80.2953,28.7113],[80.319,28.6998],[80.3276,28.6663],[80.3616,28.6457],[80.3605,28.6375],[80.3699,28.6348],[80.373,28.6291],[80.3878,28.6296],[80.4164,28.6391],[80.428,28.6376],[80.4295,28.649],[80.4168,28.6589],[80.4152,28.6708],[80.4042,28.6804],[80.4111,28.6842],[80.4021,28.6873],[80.3989,28.6972],[80.4045,28.7023],[80.4039,28.7107],[80.4105,28.7161],[80.3996,28.725],[80.4021,28.7469],[80.3913,28.7499],[80.3787,28.7466],[80.3765,28.7531],[80.3694,28.7512],[80.3685,28.7598],[80.3586,28.7629],[80.3572,28.7533],[80.3654,28.7421],[80.3589,28.735],[80.348,28.7332],[80.3454,28.7381],[80.3328,28.738],[80.3174,28.7455],[80.3164,28.7643],[80.3164,28.7645]]]}},{"type":"Feature","properties":{"province":7,"provinceName":"Sudurpaschim","district":"Kanchanpur","localLevel":"Beldandi","type":"rural_municipality"},"geometry":{"type":"Polygon","coordinates":[[[80.2472,28.8008],[80.2385,28.8034],[80.2355,28.792],[80.2222,28.7874],[80.2205,28.7744],[80.2271,28.7644],[80.2268,28.7572],[80.2518,28.7579],[80.2636,28.7489],[80.2689,28.7519],[80.2811,28.7452],[80.2952,28.7438],[80.2988,28.7449],[80.3008,28.7598],[80.2961,28.7691],[80.3066,28.7726],[80.3164,28.7645],[80.3155,28.7779],[80.2652,28.7978],[80.2479,28.8007],[80.2472,28.8008]]]}},{"type":"Feature","properties":{"province":7,"provinceName":"Sudurpaschim","district":"Kanchanpur","localLevel":"Bhimdatta","type":"municipality"},"geometry":{"type":"Polygon","coordinates":[[[80.2236,29.0568],[80.2132,29.0572],[80.2127,29.0674],[80.1876,29.0872],[80.1901,29.1124],[80.186,29.1373],[80.1463,29.1034],[80.1302,29.061],[80.1382,29.0589],[80.1281,29.0317],[80.133,29.0304],[80.1262,29.013],[80.138,29.0096],[80.1285,29.006],[80.1196,28.9816],[80.1098,28.9844],[80.1056,28.9206],[80.1173,28.9214],[80.124,28.9172],[80.1307,28.927],[80.1437,28.9178],[80.1513,28.9233],[80.1525,28.9615],[80.1714,28.9504],[80.173,28.9436],[80.1826,28.9482],[80.193,28.9404],[80.1917,28.9268],[80.2095,28.9224],[80.2072,28.9153],[80.218,28.9134],[80.2198,28.8984],[80.2296,28.8955],[80.241,28.903],[80.2387,28.911],[80.2439,28.9191],[80.233,28.9249],[80.2268,28.9325],[80.2269,28.9395],[80.2216,28.9411],[80.2225,28.9486],[80.2024,28.9697],[80.2104,29.0027],[80.2184,29.0116],[80.21,29.0257],[80.2095,29.04],[80.2234,29.0566],[80.2236,29.0568]]]}},{"type":"Feature","properties":{"province":7,"provinceName":"Sudurpaschim","district":"Kanchanpur","localLevel":"Krishnapur","type":"municipality"},"geometry":{"type":"Polygon","coordinates":[[[80.4784,29.0075],[80.4798,29.018],[80.4706,29.0187],[80.4698,29.0298],[80.4626,29.0315],[80.4613,29.0374],[80.4491,29.0261],[80.4434,29.0055],[80.4262,28.9759],[80.419,28.9461],[80.4114,28.9327],[80.41,28.9168],[80.402,28.9098],[80.4042,28.903],[80.3987,28.9018],[80.4015,28.8898],[80.3925,28.8863],[80.3975,28.878],[80.3944,28.8706],[80.4043,28.8607],[80.3935,28.8568],[80.3918,28.8421],[80.3982,28.827],[80.4084,28.8417],[80.4169,28.84],[80.4345,28.8474],[80.4452,28.8401],[80.4535,28.8458],[80.4722,28.84],[80.471,28.8349],[80.4826,28.8263],[80.4633,28.8134],[80.4557,28.7949],[80.447,28.7892],[80.4486,28.7768],[80.44,28.7499],[80.5,28.728],[80.5222,28.7243],[80.5359,28.7133],[80.541,28.7166],[80.55,28.7115],[80.5521,28.7196],[80.5612,28.7228],[80.5524,28.7337],[80.5398,28.7386],[80.5523,28.7444],[80.5585,28.7541],[80.5466,28.7518],[80.5374,28.7681],[80.5503,28.772],[80.5517,28.7783],[80.5402,28.7902],[80.5404,28.7959],[80.5328,28.7966],[80.5278,28.8059],[80.5127,28.8151],[80.5196,28.8196],[80.5159,28.8233],[80.52,28.8318],[80.5169,28.835],[80.5094,28.8324],[80.5096,28.8394],[80.4982,28.8548],[80.5042,28.8639],[80.5095,28.8968],[80.5048,28.9116],[80.5123,28.9213],[80.5066,28.9254],[80.4896,28.9243],[80.4833,28.9368],[80.4698,28.9386],[80.4825,28.9576],[80.4916,28.9835],[80.4855,28.9943],[80.4874,28.9982],[80.4814,28.9939],[80.4735,28.9968],[80.478,29.007],[80.4784,29.0075]]]}},{"type":"Feature","properties":{"province":7,"provinceName":"Sudurpaschim","district":"Kanchanpur","localLevel":"Laljhadi","type":"rural_municipality"},"geometry":{"type":"Polygon","coordinates":[[[80.5133,28.7267],[80.5,28.728],[80.4399,28.75],[80.4486,28.7768],[80.447,28.7892],[80.4557,28.7949],[80.4633,28.8134],[80.4826,28.8263],[80.471,28.8349],[80.4719,28.8401],[80.4535,28.8458],[80.4452,28.8401],[80.4345,28.8474],[80.4169,28.84],[80.4087,28.8418],[80.3997,28.8272],[80.3843,28.82],[80.3788,28.8035],[80.3727,28.8154],[80.3653,28.8154],[80.3611,28.8065],[80.353,28.8103],[80.3446,28.785],[80.3401,28.7835],[80.3461,28.7731],[80.3433,28.7698],[80.3552,28.7538],[80.359,28.7542],[80.3592,28.763],[80.3686,28.7597],[80.3695,28.7511],[80.3765,28.7531],[80.3787,28.7466],[80.3913,28.7499],[80.4021,28.7469],[80.3996,28.725],[80.4149,28.7111],[80.4249,28.714],[80.4277,28.7055],[80.4248,28.6959],[80.4611,28.6804],[80.475,28.6689],[80.4913,28.6661],[80.496,28.6707],[80.4925,28.6843],[80.4989,28.6833],[80.5105,28.6914],[80.5069,28.7015],[80.5132,28.7266],[80.5133,28.7267]]]}},{"type":"Feature","properties":{"province":7,"provinceName":"Sudurpaschim","district":"Kanchanpur","localLevel":"Mahakali","type":"municipality"},"geometry":{"type":"Polygon","coordinates":[[[80.1089,28.8277],[80.1011,28.8342],[80.107,28.8613],[80.099,28.877],[80.107,28.9085],[80.1023,28.9194],[80.1056,28.9206],[80.11,28.9814],[80.1019,28.9864],[80.0601,28.9164],[80.0664,28.8373],[80.0767,28.8243],[80.1062,28.8274],[80.1089,28.8277]]]}},{"type":"Feature","properties":{"province":7,"provinceName":"Sudurpaschim","district":"Kanchanpur","localLevel":"Punarbas","type":"municipality"},"geometry":{"type":"Polygon","coordinates":[[[80.5415,28.7165],[80.5359,28.7133],[80.5133,28.7267],[80.5069,28.7015],[80.5107,28.6917],[80.4989,28.6833],[80.4925,28.6843],[80.496,28.6707],[80.4913,28.6661],[80.4749,28.669],[80.4611,28.6804],[80.4253,28.6955],[80.4277,28.7055],[80.4245,28.7142],[80.4152,28.711],[80.4103,28.7159],[80.3988,28.6975],[80.4021,28.6873],[80.4111,28.6842],[80.4042,28.6804],[80.4152,28.6708],[80.4168,28.6589],[80.4295,28.649],[80.428,28.6376],[80.4622,28.6216],[80.466,28.6147],[80.462,28.6137],[80.4734,28.5902],[80.4699,28.5833],[80.4828,28.5853],[80.5081,28.568],[80.5196,28.5517],[80.5246,28.5529],[80.5324,28.5722],[80.5233,28.5768],[80.5052,28.6652],[80.5078,28.6709],[80.5415,28.6906],[80.5559,28.6907],[80.5444,28.6963],[80.5411,28.7164],[80.5415,28.7165]]]}},{"type":"Feature","properties":{"province":7,"provinceName":"Sudurpaschim","district":"Kanchanpur","localLevel":"Shuklaphanta","type":"municipality"},"geometry":{"type":"Polygon","coordinates":[[[80.4611,29.0375],[80.422,29.0264],[80.4168,29.0327],[80.3941,29.0403],[80.3891,29.0471],[80.3792,29.0435],[80.3864,29.0351],[80.3751,29.0074],[80.359,28.9869],[80.3556,28.9726],[80.3609,28.9583],[80.3486,28.9468],[80.3394,28.9468],[80.3418,28.9279],[80.3324,28.9167],[80.3199,28.913],[80.3215,28.8919],[80.3163,28.8843],[80.3271,28.875],[80.3248,28.8648],[80.3324,28.8489],[80.3388,28.8503],[80.3404,28.8424],[80.3497,28.841],[80.3446,28.8358],[80.3499,28.8329],[80.3442,28.8318],[80.3531,28.8238],[80.3561,28.8079],[80.3614,28.8066],[80.3653,28.8154],[80.3722,28.8155],[80.3788,28.8035],[80.3848,28.8206],[80.3976,28.8266],[80.3918,28.8421],[80.3935,28.8568],[80.4043,28.8607],[80.3944,28.8706],[80.3975,28.878],[80.3925,28.8863],[80.4015,28.8898],[80.3987,28.9018],[80.4042,28.903],[80.402,28.9098],[80.4102,28.9175],[80.4114,28.9327],[80.419,28.9461],[80.4264,28.9762],[80.4434,29.0055],[80.4491,29.0261],[80.4607,29.0369],[80.4611,29.0375]]]}},{"type":"Feature","properties":{"province":7,"provinceName":"Sudurpaschim","district":"Dadeldhura","localLevel":"Ajaymeru","type":"rural_municipality"},"geometry":{"type":"Polygon","coordinates":[[[80.6249,29.3898],[80.6179,29.3965],[80.5835,29.3963],[80.578,29.4118],[80.5539,29.4185],[80.5495,29.4119],[80.5496,29.3987],[80.5338,29.392],[80.5096,29.3942],[80.5042,29.3989],[80.4815,29.3857],[80.4595,29.3961],[80.4492,29.3944],[80.4429,29.3861],[80.4396,29.3933],[80.4328,29.3925],[80.4259,29.3791],[80.4172,29.3735],[80.421,29.3685],[80.4165,29.3566],[80.4113,29.3595],[80.4045,29.3496],[80.4269,29.3391],[80.431,29.341],[80.4315,29.3348],[80.4359,29.337],[80.4635,29.3244],[80.4857,29.3314],[80.4926,29.3115],[80.5,29.3154],[80.5005,29.3092],[80.5073,29.3135],[80.5113,29.3103],[80.5155,29.3162],[80.5166,29.3124],[80.5215,29.3184],[80.5286,29.3098],[80.5295,29.3166],[80.5432,29.3196],[80.5455,29.3113],[80.55,29.3141],[80.553,29.3103],[80.5543,29.3149],[80.5698,29.3184],[80.5719,29.3243],[80.5807,29.3271],[80.595,29.3415],[80.5974,29.352],[80.6173,29.3733],[80.6245,29.3887],[80.6249,29.3898]]]}},{"type":"Feature","properties":{"province":7,"provinceName":"Sudurpaschim","district":"Dadeldhura","localLevel":"Alital","type":"rural_municipality"},"geometry":{"type":"Polygon","coordinates":[[[80.481,29.2356],[80.4654,29.2363],[80.46,29.2327],[80.4483,29.2066],[80.4544,29.201],[80.452,29.1913],[80.4625,29.1798],[80.4414,29.1652],[80.4349,29.1534],[80.4381,29.1437],[80.4314,29.1396],[80.4348,29.1119],[80.4301,29.1015],[80.4391,29.0899],[80.4271,29.0593],[80.4369,29.0581],[80.4444,29.0627],[80.4869,29.0482],[80.4855,29.0279],[80.4936,29.0172],[80.4919,29.0091],[80.4784,29.0075],[80.4735,28.9968],[80.4814,28.9939],[80.4871,28.9982],[80.5028,28.9932],[80.5202,28.9989],[80.5205,29.0044],[80.5372,29.0139],[80.5359,29.0297],[80.5486,29.0384],[80.5463,29.0493],[80.5589,29.0582],[80.5632,29.0697],[80.5607,29.076],[80.5331,29.0896],[80.5282,29.1057],[80.5683,29.1189],[80.5739,29.1302],[80.5665,29.1354],[80.5683,29.1445],[80.5929,29.1479],[80.5938,29.163],[80.6214,29.181],[80.6214,29.1856],[80.6144,29.1987],[80.6074,29.2024],[80.6105,29.2169],[80.6011,29.2239],[80.5841,29.2225],[80.57,29.2266],[80.5636,29.2348],[80.5585,29.2311],[80.5493,29.2343],[80.5322,29.2258],[80.4816,29.2356],[80.481,29.2356]]]}},{"type":"Feature","properties":{"province":7,"provinceName":"Sudurpaschim","district":"Dadeldhura","localLevel":"Amargadhi","type":"municipality"},"geometry":{"type":"Polygon","coordinates":[[[80.6706,29.3053],[80.6639,29.313],[80.6602,29.3097],[80.6418,29.3138],[80.627,29.3263],[80.6218,29.3258],[80.6214,29.334],[80.6324,29.3562],[80.6254,29.3699],[80.6313,29.3859],[80.625,29.3899],[80.6173,29.3733],[80.5974,29.352],[80.5952,29.3417],[80.5807,29.3271],[80.5719,29.3243],[80.5698,29.3184],[80.5543,29.3149],[80.553,29.3103],[80.5495,29.3139],[80.5503,29.3049],[80.5583,29.2948],[80.5279,29.2877],[80.5132,29.2787],[80.5195,29.2732],[80.5146,29.2634],[80.5181,29.2578],[80.4977,29.26],[80.481,29.2356],[80.5322,29.2258],[80.5493,29.2343],[80.5585,29.2311],[80.5636,29.2348],[80.57,29.2266],[80.6032,29.2226],[80.6088,29.2379],[80.6264,29.2551],[80.6365,29.2542],[80.6393,29.2577],[80.6344,29.2613],[80.639,29.2674],[80.6595,29.2809],[80.6551,29.2947],[80.6713,29.2984],[80.6706,29.3051],[80.6706,29.3053]]]}},{"type":"Feature","properties":{"province":7,"provinceName":"Sudurpaschim","district":"Dadeldhura","localLevel":"Bhageshwar","type":"rural_municipality"},"geometry":{"type":"Polygon","coordinates":[[[80.4076,29.3566],[80.4036,29.3563],[80.4028,29.3606],[80.388,29.3559],[80.3875,29.3489],[80.3818,29.3542],[80.3793,29.349],[80.3697,29.3499],[80.3674,29.3404],[80.3737,29.338],[80.3643,29.3327],[80.3644,29.3271],[80.3552,29.3342],[80.3523,29.3279],[80.3349,29.3191],[80.3358,29.3122],[80.327,29.3084],[80.3187,29.3133],[80.3196,29.3016],[80.306,29.2853],[80.3009,29.2605],[80.302,29.2421],[80.2923,29.231],[80.2964,29.2161],[80.3115,29.2098],[80.315,29.2031],[80.329,29.2036],[80.3473,29.2135],[80.375,29.2146],[80.3796,29.2222],[80.3947,29.23],[80.3903,29.2301],[80.3871,29.237],[80.3911,29.2521],[80.4503,29.245],[80.4613,29.2362],[80.4795,29.2349],[80.4977,29.26],[80.5181,29.2578],[80.5146,29.2634],[80.5195,29.2732],[80.5139,29.2792],[80.5279,29.2877],[80.5583,29.2948],[80.5432,29.3196],[80.5295,29.3166],[80.5286,29.3098],[80.5215,29.3184],[80.5166,29.3124],[80.5155,29.3162],[80.5113,29.3103],[80.5073,29.3135],[80.5005,29.3092],[80.5,29.3154],[80.4926,29.3115],[80.4857,29.3314],[80.4642,29.3244],[80.4516,29.3271],[80.4359,29.337],[80.4314,29.3349],[80.431,29.341],[80.4269,29.3391],[80.406,29.3481],[80.408,29.3562],[80.4076,29.3566]]]}},{"type":"Feature","properties":{"province":7,"provinceName":"Sudurpaschim","district":"Dadeldhura","localLevel":"Ganayapdhura","type":"rural_municipality"},"geometry":{"type":"Polygon","coordinates":[[[80.754,29.308],[80.7459,29.3152],[80.7404,29.3127],[80.7387,29.3188],[80.7364,29.3131],[80.7286,29.3149],[80.71,29.3062],[80.6987,29.312],[80.6925,29.3048],[80.6871,29.3124],[80.6734,29.3085],[80.6689,29.3022],[80.6712,29.2983],[80.6551,29.2947],[80.6595,29.2809],[80.639,29.2674],[80.6344,29.2613],[80.6393,29.2577],[80.6365,29.2542],[80.6319,29.2574],[80.6241,29.2534],[80.6037,29.2275],[80.6032,29.2226],[80.6108,29.2155],[80.6074,29.2024],[80.619,29.1925],[80.6221,29.1801],[80.631,29.1763],[80.6475,29.1781],[80.6722,29.1828],[80.6804,29.1914],[80.6966,29.1878],[80.7017,29.1946],[80.706,29.1921],[80.7084,29.2117],[80.7036,29.2168],[80.7095,29.2252],[80.7085,29.2313],[80.7408,29.2451],[80.7374,29.2475],[80.7499,29.2545],[80.7584,29.2675],[80.7453,29.2751],[80.7455,29.2877],[80.7343,29.292],[80.7398,29.3025],[80.7493,29.3025],[80.7539,29.308],[80.754,29.308]]]}},{"type":"Feature","properties":{"province":7,"provinceName":"Sudurpaschim","district":"Dadeldhura","localLevel":"Nawadurga","type":"rural_municipality"},"geometry":{"type":"Polygon","coordinates":[[[80.7203,29.4186],[80.7086,29.4145],[80.7043,29.4196],[80.6813,29.4246],[80.6704,29.4187],[80.6795,29.4106],[80.6786,29.3993],[80.6595,29.3923],[80.6522,29.3825],[80.6282,29.3882],[80.6318,29.3802],[80.6254,29.3699],[80.6324,29.3562],[80.6214,29.334],[80.6218,29.3258],[80.627,29.3263],[80.6418,29.3138],[80.6602,29.3097],[80.6639,29.313],[80.6706,29.3053],[80.6871,29.3124],[80.6925,29.3048],[80.6987,29.312],[80.7105,29.3063],[80.7286,29.3149],[80.7364,29.3131],[80.7387,29.3188],[80.7404,29.3127],[80.7459,29.3152],[80.754,29.308],[80.7741,29.3017],[80.7735,29.312],[80.778,29.3155],[80.762,29.3286],[80.7643,29.3371],[80.759,29.3463],[80.764,29.3514],[80.7646,29.3635],[80.7719,29.3574],[80.7763,29.365],[80.7875,29.3664],[80.7867,29.3729],[80.764,29.3858],[80.7691,29.3999],[80.7341,29.4045],[80.7227,29.4099],[80.7205,29.4184],[80.7203,29.4186]]]}},{"type":"Feature","properties":{"province":7,"provinceName":"Sudurpaschim","district":"Dadeldhura","localLevel":"Parashuram","type":"municipality"},"geometry":{"type":"Polygon","coordinates":[[[80.4654,29.2363],[80.4505,29.2449],[80.3911,29.2521],[80.3871,29.237],[80.3903,29.2301],[80.3947,29.23],[80.3796,29.2222],[80.375,29.2146],[80.3473,29.2135],[80.329,29.2036],[80.3158,29.2028],[80.3115,29.2098],[80.2964,29.2161],[80.299,29.2051],[80.2903,29.195],[80.2767,29.207],[80.2625,29.2067],[80.2577,29.2194],[80.25,29.221],[80.2425,29.2024],[80.2596,29.1873],[80.26,29.1658],[80.2745,29.1435],[80.2558,29.1379],[80.2505,29.129],[80.235,29.1184],[80.2114,29.1218],[80.2051,29.1293],[80.186,29.1373],[80.1901,29.1124],[80.1876,29.0872],[80.2061,29.0746],[80.2128,29.0673],[80.2132,29.0572],[80.2239,29.0568],[80.2304,29.0452],[80.2567,29.0529],[80.2666,29.0522],[80.2742,29.0458],[80.3025,29.0585],[80.3146,29.0582],[80.3266,29.0513],[80.3498,29.054],[80.3573,29.0444],[80.3621,29.0479],[80.3797,29.0433],[80.3891,29.0471],[80.3941,29.0403],[80.4168,29.0327],[80.422,29.0264],[80.4613,29.0374],[80.4626,29.0315],[80.4698,29.0298],[80.4706,29.0187],[80.4798,29.018],[80.4771,29.0089],[80.4897,29.0066],[80.4936,29.0168],[80.4861,29.0245],[80.4869,29.0482],[80.4444,29.0627],[80.4369,29.0581],[80.4271,29.0593],[80.4391,29.0899],[80.4302,29.101],[80.4348,29.1119],[80.4314,29.1396],[80.4381,29.1433],[80.4349,29.1534],[80.4407,29.1645],[80.4625,29.1797],[80.452,29.1913],[80.4544,29.201],[80.4483,29.2066],[80.46,29.2327],[80.4653,29.2359],[80.4654,29.2363]]]}},{"type":"Feature","properties":{"province":7,"provinceName":"Sudurpaschim","district":"Baitadi","localLevel":"Dasharathchanda","type":"municipality"},"geometry":{"type":"Polygon","coordinates":[[[80.4437,29.6165],[80.4385,29.6202],[80.4308,29.6181],[80.4289,29.6122],[80.4195,29.6141],[80.4195,29.6069],[80.4106,29.605],[80.4095,29.5949],[80.3931,29.5816],[80.39,29.572],[80.3808,29.5715],[80.3805,29.5613],[80.3649,29.5639],[80.3657,29.5566],[80.3444,29.5529],[80.3474,29.5486],[80.3431,29.5417],[80.3597,29.5325],[80.3501,29.5235],[80.3756,29.5126],[80.379,29.5011],[80.3917,29.4989],[80.4065,29.5027],[80.4216,29.4843],[80.4454,29.4922],[80.4492,29.4873],[80.4458,29.475],[80.4424,29.471],[80.4378,29.4737],[80.437,29.4698],[80.4506,29.4673],[80.4784,29.4749],[80.4746,29.4854],[80.4869,29.4938],[80.4956,29.4896],[80.4948,29.4865],[80.5104,29.4842],[80.5008,29.5113],[80.5119,29.5208],[80.5002,29.5398],[80.4855,29.5466],[80.4796,29.5689],[80.4691,29.5698],[80.452,29.5793],[80.4386,29.575],[80.4323,29.588],[80.4356,29.5952],[80.4248,29.602],[80.4346,29.6102],[80.4428,29.6099],[80.4436,29.6157],[80.4437,29.6165]]]}},{"type":"Feature","properties":{"province":7,"provinceName":"Sudurpaschim","district":"Baitadi","localLevel":"Dilasaini","type":"rural_municipality"},"geometry":{"type":"Polygon","coordinates":[[[80.7977,29.6883],[80.7824,29.7018],[80.7663,29.7017],[80.7563,29.708],[80.7104,29.6993],[80.7027,29.7048],[80.6908,29.7052],[80.676,29.6872],[80.6532,29.6812],[80.6377,29.6902],[80.6088,29.6866],[80.603,29.6918],[80.5933,29.6907],[80.5749,29.6874],[80.5606,29.6708],[80.5203,29.6535],[80.5081,29.6448],[80.5069,29.6389],[80.547,29.6385],[80.5519,29.6345],[80.5723,29.6395],[80.5766,29.6326],[80.5932,29.6344],[80.6077,29.6205],[80.6175,29.6171],[80.6296,29.6203],[80.6423,29.618],[80.654,29.6238],[80.6603,29.6132],[80.6675,29.6343],[80.6652,29.6437],[80.6837,29.6565],[80.6754,29.6762],[80.6939,29.6686],[80.6969,29.6796],[80.7132,29.6771],[80.7209,29.6673],[80.7327,29.6634],[80.7396,29.6663],[80.733,29.6754],[80.7412,29.6759],[80.7485,29.6671],[80.7643,29.6619],[80.7728,29.6688],[80.7804,29.6655],[80.7823,29.6783],[80.7939,29.678],[80.797,29.6875],[80.7977,29.6883]]]}},{"type":"Feature","properties":{"province":7,"provinceName":"Sudurpaschim","district":"Baitadi","localLevel":"Dogadakedar","type":"rural_municipality"},"geometry":{"type":"Polygon","coordinates":[[[80.6181,29.6169],[80.6077,29.6205],[80.5932,29.6344],[80.5766,29.6326],[80.5723,29.6395],[80.5519,29.6345],[80.547,29.6385],[80.5351,29.6359],[80.5135,29.6409],[80.501,29.633],[80.4968,29.6242],[80.4687,29.6204],[80.4605,29.6262],[80.4515,29.6253],[80.4428,29.6099],[80.4346,29.6102],[80.4248,29.6006],[80.4356,29.5952],[80.4323,29.588],[80.4386,29.575],[80.452,29.5793],[80.474,29.5685],[80.4978,29.5752],[80.5049,29.5734],[80.5081,29.5621],[80.5132,29.5609],[80.5263,29.5426],[80.5515,29.5552],[80.5764,29.5483],[80.5888,29.5495],[80.5883,29.5773],[80.5995,29.5801],[80.6048,29.5878],[80.6151,29.5883],[80.6181,29.6167],[80.6181,29.6169]]]}},{"type":"Feature","properties":{"province":7,"provinceName":"Sudurpaschim","district":"Baitadi","localLevel":"Melauli","type":"municipality"},"geometry":{"type":"Polygon","coordinates":[[[80.4761,29.4858],[80.4784,29.4749],[80.4506,29.4673],[80.437,29.4698],[80.4466,29.4774],[80.4492,29.4873],[80.4445,29.4922],[80.4216,29.4843],[80.4053,29.485],[80.3983,29.4776],[80.3849,29.4765],[80.3805,29.4698],[80.3597,29.4743],[80.3586,29.4673],[80.3506,29.4658],[80.3524,29.4594],[80.3466,29.4568],[80.357,29.4492],[80.3621,29.4485],[80.3745,29.4597],[80.3815,29.4577],[80.3816,29.445],[80.3759,29.4431],[80.38,29.4382],[80.3754,29.4295],[80.381,29.423],[80.3715,29.4178],[80.3782,29.4168],[80.3806,29.4099],[80.3899,29.4117],[80.393,29.4072],[80.3917,29.4015],[80.3781,29.3965],[80.3726,29.3855],[80.3767,29.3745],[80.3703,29.369],[80.3664,29.3542],[80.3733,29.3474],[80.3818,29.3542],[80.3875,29.3489],[80.388,29.3559],[80.4028,29.3606],[80.4042,29.356],[80.4119,29.3598],[80.4161,29.356],[80.421,29.3685],[80.4172,29.3735],[80.4259,29.3791],[80.4328,29.3925],[80.4396,29.3933],[80.4429,29.3861],[80.4474,29.3933],[80.4565,29.3933],[80.4733,29.4065],[80.4672,29.4118],[80.4802,29.4169],[80.4779,29.4231],[80.47,29.4249],[80.4804,29.4382],[80.4773,29.4422],[80.4829,29.4464],[80.4918,29.4436],[80.4954,29.4512],[80.4911,29.4536],[80.4936,29.4659],[80.4854,29.4701],[80.4908,29.4763],[80.4763,29.4855],[80.4761,29.4858]]]}},{"type":"Feature","properties":{"province":7,"provinceName":"Sudurpaschim","district":"Baitadi","localLevel":"Pancheshwar","type":"rural_municipality"},"geometry":{"type":"Polygon","coordinates":[[[80.4191,29.4869],[80.4065,29.5027],[80.3798,29.5007],[80.3756,29.5126],[80.3501,29.5235],[80.3513,29.5189],[80.3434,29.5103],[80.334,29.5129],[80.3304,29.5053],[80.3156,29.499],[80.3152,29.4848],[80.3008,29.4906],[80.2947,29.4789],[80.2885,29.4772],[80.3042,29.4531],[80.2822,29.4509],[80.2822,29.4576],[80.2779,29.4585],[80.2709,29.455],[80.276,29.4495],[80.2598,29.4518],[80.2455,29.4455],[80.2491,29.4324],[80.2476,29.4161],[80.2433,29.4116],[80.2763,29.393],[80.2746,29.3862],[80.2806,29.3785],[80.2728,29.3732],[80.2769,29.3697],[80.2856,29.3703],[80.2985,29.3832],[80.3006,29.3925],[80.3073,29.3946],[80.3269,29.3832],[80.3315,29.3947],[80.3524,29.398],[80.3502,29.4082],[80.3394,29.4118],[80.3553,29.4228],[80.3546,29.4354],[80.3645,29.4469],[80.3466,29.4568],[80.3524,29.4594],[80.3506,29.4658],[80.3586,29.4673],[80.3597,29.4743],[80.3805,29.4698],[80.3849,29.4765],[80.4185,29.4866],[80.4191,29.4869]]]}},{"type":"Feature","properties":{"province":7,"provinceName":"Sudurpaschim","district":"Baitadi","localLevel":"Patan","type":"municipality"},"geometry":{"type":"Polygon","coordinates":[[[80.667,29.4898],[80.6572,29.4878],[80.6471,29.4915],[80.6398,29.4834],[80.631,29.4891],[80.6259,29.4835],[80.6239,29.489],[80.6121,29.4889],[80.6028,29.5029],[80.5782,29.5052],[80.5775,29.5146],[80.5659,29.5054],[80.5438,29.5012],[80.5276,29.5061],[80.5192,29.5011],[80.5085,29.5186],[80.5008,29.5111],[80.5104,29.4842],[80.4948,29.4865],[80.4874,29.4939],[80.476,29.4881],[80.4773,29.4819],[80.4908,29.4763],[80.4854,29.4701],[80.4936,29.4659],[80.4911,29.4536],[80.4951,29.4498],[80.4918,29.4436],[80.4829,29.4464],[80.4773,29.4422],[80.4804,29.4382],[80.47,29.4249],[80.4779,29.4231],[80.4802,29.4169],[80.4682,29.413],[80.4733,29.4065],[80.4595,29.3961],[80.4815,29.3857],[80.5042,29.3989],[80.5096,29.3942],[80.5338,29.392],[80.5496,29.3987],[80.5495,29.4119],[80.5541,29.4185],[80.578,29.4118],[80.5835,29.3963],[80.6179,29.3965],[80.6282,29.3882],[80.6522,29.3825],[80.6595,29.3923],[80.6803,29.4013],[80.6795,29.4106],[80.6704,29.4185],[80.6791,29.4237],[80.7043,29.4196],[80.7086,29.4145],[80.7203,29.4186],[80.703,29.4363],[80.6863,29.4374],[80.6741,29.4471],[80.6729,29.4727],[80.677,29.4807],[80.6669,29.4893],[80.667,29.4898]]]}},{"type":"Feature","properties":{"province":7,"provinceName":"Sudurpaschim","district":"Baitadi","localLevel":"Purchaudi","type":"municipality"},"geometry":{"type":"Polygon","coordinates":[[[80.7647,29.662],[80.7485,29.6671],[80.7412,29.6759],[80.733,29.6754],[80.7396,29.6663],[80.7327,29.6634],[80.7209,29.6673],[80.7132,29.6771],[80.6969,29.6796],[80.6939,29.6686],[80.6754,29.6762],[80.6837,29.6565],[80.6652,29.6437],[80.6675,29.6343],[80.6609,29.6137],[80.654,29.6238],[80.6423,29.618],[80.6296,29.6203],[80.6181,29.617],[80.6151,29.5883],[80.6048,29.5878],[80.5995,29.5801],[80.5883,29.5773],[80.5888,29.5495],[80.6208,29.5516],[80.6262,29.5391],[80.6344,29.5466],[80.6427,29.5409],[80.664,29.5544],[80.6828,29.5534],[80.7137,29.5404],[80.7223,29.5306],[80.7386,29.5302],[80.7439,29.5347],[80.75,29.5307],[80.75,29.5533],[80.7579,29.5565],[80.773,29.5519],[80.7783,29.56],[80.7773,29.5666],[80.7818,29.5715],[80.7782,29.576],[80.7795,29.5868],[80.7883,29.6027],[80.7894,29.6133],[80.7826,29.6335],[80.7926,29.6414],[80.786,29.6455],[80.7732,29.6423],[80.7637,29.6475],[80.7648,29.6619],[80.7647,29.662]]]}},{"type":"Feature","properties":{"province":7,"provinceName":"Sudurpaschim","district":"Baitadi","localLevel":"Shivanath","type":"rural_municipality"},"geometry":{"type":"Polygon","coordinates":[[[80.37,29.35],[80.3664,29.3542],[80.3699,29.368],[80.3767,29.3745],[80.3726,29.3855],[80.3781,29.3965],[80.3917,29.4015],[80.393,29.4072],[80.3899,29.4117],[80.3806,29.4099],[80.3782,29.4168],[80.3715,29.4178],[80.381,29.423],[80.3754,29.4295],[80.38,29.4382],[80.3759,29.4431],[80.3816,29.445],[80.3815,29.4577],[80.3749,29.4597],[80.3628,29.4506],[80.364,29.4452],[80.3546,29.4354],[80.3553,29.4228],[80.3394,29.4118],[80.3502,29.4082],[80.352,29.3971],[80.3315,29.3947],[80.3314,29.3868],[80.3267,29.3831],[80.3089,29.3948],[80.301,29.3927],[80.2905,29.3747],[80.2848,29.3698],[80.2734,29.3711],[80.2728,29.3645],[80.2808,29.3598],[80.2812,29.3476],[80.2979,29.3242],[80.3101,29.3228],[80.327,29.3084],[80.3368,29.313],[80.3349,29.3191],[80.3523,29.3279],[80.3545,29.3339],[80.3644,29.3271],[80.3643,29.3327],[80.3737,29.338],[80.3674,29.3404],[80.3697,29.3499],[80.37,29.35]]]}},{"type":"Feature","properties":{"province":7,"provinceName":"Sudurpaschim","district":"Baitadi","localLevel":"Sigas","type":"rural_municipality"},"geometry":{"type":"Polygon","coordinates":[[[80.75,29.5307],[80.7439,29.5347],[80.7386,29.5302],[80.7211,29.531],[80.7241,29.5246],[80.7127,29.5168],[80.7009,29.5005],[80.6999,29.4921],[80.6793,29.4947],[80.6671,29.4899],[80.677,29.4807],[80.6729,29.4727],[80.6741,29.4471],[80.6858,29.4376],[80.6912,29.4388],[80.696,29.4341],[80.7,29.4375],[80.7122,29.4296],[80.7238,29.409],[80.7482,29.4005],[80.7691,29.3999],[80.764,29.3858],[80.7802,29.3794],[80.7877,29.3663],[80.8163,29.3648],[80.8369,29.3812],[80.8524,29.3766],[80.8618,29.3965],[80.8538,29.4076],[80.8637,29.4144],[80.877,29.4124],[80.91,29.4414],[80.8849,29.4427],[80.8771,29.4641],[80.8581,29.4691],[80.8471,29.489],[80.8243,29.5008],[80.8255,29.5095],[80.8187,29.5157],[80.8064,29.5152],[80.79,29.5068],[80.7823,29.5233],[80.7509,29.5304],[80.75,29.5307]]]}},{"type":"Feature","properties":{"province":7,"provinceName":"Sudurpaschim","district":"Baitadi","localLevel":"Surnaya","type":"rural_municipality"},"geometry":{"type":"Polygon","coordinates":[[[80.5888,29.5495],[80.5764,29.5483],[80.5515,29.5552],[80.5261,29.5426],[80.5132,29.5609],[80.5081,29.5621],[80.5049,29.5734],[80.4978,29.5752],[80.4804,29.5696],[80.4851,29.5472],[80.4995,29.5404],[80.5073,29.5313],[80.5114,29.525],[80.5106,29.5107],[80.5192,29.5011],[80.5276,29.5061],[80.5438,29.5012],[80.5659,29.5054],[80.5775,29.5146],[80.5782,29.5052],[80.6024,29.5031],[80.6123,29.4888],[80.6239,29.489],[80.6259,29.4835],[80.6328,29.489],[80.6394,29.4834],[80.6471,29.4915],[80.6575,29.4878],[80.6793,29.4947],[80.6999,29.4921],[80.7009,29.5005],[80.7127,29.5168],[80.7241,29.5246],[80.7137,29.5404],[80.684,29.5532],[80.664,29.5544],[80.6427,29.5409],[80.6344,29.5466],[80.6262,29.5391],[80.6208,29.5516],[80.5892,29.5495],[80.5888,29.5495]]]}},{"type":"Feature","properties":{"province":7,"provinceName":"Sudurpaschim","district":"Darchula","localLevel":"Apihimal","type":"rural_municipality"},"geometry":{"type":"Polygon","coordinates":[[[81.0167,29.9807],[80.9883,29.9882],[80.9701,29.9864],[80.9564,29.981],[80.9444,29.9648],[80.9185,29.9689],[80.8977,29.9825],[80.8673,29.9931],[80.868,29.9668],[80.8617,29.9529],[80.856,29.947],[80.825,29.943],[80.8173,29.9248],[80.8037,29.9124],[80.8035,29.9049],[80.7845,29.9138],[80.7685,29.9299],[80.7514,29.9226],[80.7387,29.927],[80.7391,29.897],[80.749,29.8784],[80.7288,29.882],[80.7232,29.8749],[80.7513,29.8439],[80.7513,29.8338],[80.7302,29.8236],[80.729,29.8104],[80.7367,29.8074],[80.7387,29.794],[80.7653,29.7808],[80.7717,29.7876],[80.7902,29.7744],[80.817,29.7839],[80.8119,29.7755],[80.8289,29.7677],[80.8412,29.77],[80.8496,29.7792],[80.8423,29.7972],[80.8492,29.7975],[80.8868,29.7777],[80.8966,29.7821],[80.9365,29.7593],[80.9587,29.7643],[80.9719,29.7625],[80.9899,29.7411],[81.0059,29.7406],[81.0222,29.7484],[81.0334,29.7424],[81.0399,29.7527],[81.0571,29.7567],[81.0643,29.7682],[81.0639,29.7935],[81.0696,29.7959],[81.0725,29.8248],[81.0418,29.8407],[81.0422,29.8601],[81.0384,29.8646],[81.0425,29.8817],[81.0321,29.8955],[81.0294,29.9064],[81.0024,29.9278],[81.004,29.9362],[81.0233,29.9587],[81.0193,29.9661],[81.0222,29.974],[81.017,29.9798],[81.0167,29.9807]]]}},{"type":"Feature","properties":{"province":7,"provinceName":"Sudurpaschim","district":"Darchula","localLevel":"Byas","type":"rural_municipality"},"geometry":{"type":"Polygon","coordinates":[[[81.036,30.2003],[81.0039,30.1865],[80.9749,30.1892],[80.9417,30.1798],[80.9275,30.1876],[80.925,30.1943],[80.9285,30.2168],[80.921,30.2277],[80.9119,30.2232],[80.8857,30.1944],[80.8872,30.1883],[80.8818,30.1813],[80.8646,30.169],[80.8732,30.1607],[80.8786,30.1278],[80.8467,30.1161],[80.8436,30.1104],[80.847,30.1023],[80.8392,30.0977],[80.8235,30.0998],[80.8075,30.0897],[80.7812,30.0567],[80.763,30.0495],[80.7574,30.0396],[80.7593,30.0239],[80.7494,30.0066],[80.7398,29.9995],[80.7211,30.0002],[80.6797,29.9589],[80.6503,29.9559],[80.6316,29.9652],[80.5971,29.9531],[80.576,29.9235],[80.5732,29.901],[80.5826,29.9012],[80.6112,29.9315],[80.6211,29.9354],[80.6424,29.9224],[80.6532,29.9007],[80.669,29.8901],[80.6793,29.8762],[80.6993,29.8687],[80.7027,29.8724],[80.7145,29.8688],[80.7288,29.882],[80.749,29.8784],[80.7391,29.897],[80.7387,29.927],[80.7514,29.9226],[80.7685,29.9299],[80.7845,29.9138],[80.8035,29.9049],[80.8037,29.9124],[80.8173,29.9248],[80.825,29.943],[80.856,29.947],[80.8617,29.9529],[80.868,29.9668],[80.8673,29.9931],[80.8977,29.9825],[80.9185,29.9689],[80.9444,29.9648],[80.9564,29.981],[80.9701,29.9864],[80.9883,29.9882],[81.0167,29.9807],[81.0233,29.9835],[81.04,30.0083],[81.0398,30.0151],[81.0553,30.0241],[81.0703,30.0435],[81.0926,30.0542],[81.1105,30.086],[81.1001,30.1],[81.083,30.1004],[81.0863,30.1169],[81.08,30.1247],[81.0848,30.1484],[81.0791,30.1549],[81.0658,30.1588],[81.0534,30.179],[81.0457,30.1805],[81.0442,30.1936],[81.0353,30.197],[81.0362,30.2],[81.036,30.2003]]]}},{"type":"Feature","properties":{"province":7,"provinceName":"Sudurpaschim","district":"Darchula","localLevel":"Dunhu","type":"rural_municipality"},"geometry":{"type":"Polygon","coordinates":[[[80.6805,29.8754],[80.669,29.8901],[80.6532,29.9007],[80.6424,29.9224],[80.6203,29.9354],[80.6112,29.9315],[80.5826,29.9012],[80.5732,29.901],[80.5679,29.8797],[80.5584,29.87],[80.5766,29.8553],[80.5949,29.8548],[80.6149,29.8477],[80.6189,29.8507],[80.646,29.8485],[80.646,29.86],[80.6805,29.8753],[80.6805,29.8754]]]}},{"type":"Feature","properties":{"province":7,"provinceName":"Sudurpaschim","district":"Darchula","localLevel":"Lekam","type":"rural_municipality"},"geometry":{"type":"Polygon","coordinates":[[[80.5196,29.6529],[80.5194,29.6579],[80.529,29.6609],[80.5265,29.671],[80.4978,29.6792],[80.5007,29.6833],[80.4906,29.6888],[80.4876,29.7007],[80.4762,29.7019],[80.4657,29.7094],[80.4569,29.7085],[80.4535,29.7015],[80.4398,29.7055],[80.4362,29.6927],[80.4417,29.6895],[80.4294,29.687],[80.4333,29.6782],[80.4125,29.6851],[80.385,29.6795],[80.3926,29.6642],[80.418,29.6518],[80.4157,29.6443],[80.4219,29.6391],[80.4228,29.6302],[80.4102,29.6214],[80.4074,29.6128],[80.4106,29.605],[80.419,29.6063],[80.4195,29.6141],[80.4293,29.6124],[80.4309,29.6182],[80.4454,29.6172],[80.4515,29.6253],[80.4605,29.6262],[80.4687,29.6204],[80.4986,29.6247],[80.5081,29.6448],[80.5188,29.6521],[80.5196,29.6529]]]}},{"type":"Feature","properties":{"province":7,"provinceName":"Sudurpaschim","district":"Darchula","localLevel":"Mahakali","type":"municipality"},"geometry":{"type":"Polygon","coordinates":[[[80.646,29.8485],[80.6189,29.8507],[80.6149,29.8477],[80.5949,29.8548],[80.5766,29.8553],[80.5609,29.8647],[80.5532,29.8563],[80.5543,29.8503],[80.5406,29.8472],[80.5376,29.8387],[80.5248,29.8281],[80.5031,29.8176],[80.499,29.8113],[80.5019,29.8085],[80.4944,29.802],[80.4951,29.7955],[80.4813,29.7957],[80.4657,29.8023],[80.4459,29.7991],[80.4365,29.806],[80.4306,29.7981],[80.4148,29.7919],[80.4086,29.7945],[80.4088,29.784],[80.398,29.7632],[80.4188,29.7642],[80.4212,29.7669],[80.4172,29.7734],[80.43,29.7723],[80.4396,29.7816],[80.4457,29.7751],[80.4599,29.7706],[80.4788,29.7743],[80.4935,29.7704],[80.4971,29.7626],[80.5061,29.7592],[80.514,29.7655],[80.5228,29.7658],[80.5291,29.7595],[80.5279,29.7521],[80.5414,29.7597],[80.554,29.7506],[80.5598,29.7515],[80.5711,29.7645],[80.5771,29.7824],[80.5993,29.7815],[80.6022,29.7898],[80.6315,29.804],[80.6375,29.8299],[80.6447,29.8325],[80.649,29.8404],[80.6461,29.8484],[80.646,29.8485]]]}},{"type":"Feature","properties":{"province":7,"provinceName":"Sudurpaschim","district":"Darchula","localLevel":"Malikaarjun","type":"rural_municipality"},"geometry":{"type":"Polygon","coordinates":[[[80.5279,29.7521],[80.5291,29.7595],[80.5228,29.7658],[80.514,29.7655],[80.5061,29.7592],[80.4971,29.7626],[80.4935,29.7704],[80.4788,29.7743],[80.4599,29.7706],[80.4457,29.7751],[80.4396,29.7816],[80.43,29.7723],[80.4172,29.7734],[80.4212,29.7669],[80.4188,29.7642],[80.4017,29.7651],[80.3984,29.7585],[80.3869,29.7585],[80.3875,29.7504],[80.3697,29.7506],[80.3658,29.7401],[80.3714,29.7344],[80.3681,29.724],[80.3771,29.7203],[80.3737,29.7153],[80.3859,29.6816],[80.3941,29.6795],[80.4133,29.6851],[80.4329,29.6781],[80.4296,29.6876],[80.4417,29.6895],[80.4362,29.6927],[80.4398,29.7055],[80.4535,29.7015],[80.456,29.7079],[80.4648,29.7117],[80.4906,29.7102],[80.4773,29.7212],[80.501,29.7309],[80.5152,29.7464],[80.5276,29.7521],[80.5279,29.7521]]]}},{"type":"Feature","properties":{"province":7,"provinceName":"Sudurpaschim","district":"Darchula","localLevel":"Marma","type":"rural_municipality"},"geometry":{"type":"Polygon","coordinates":[[[80.9899,29.7411],[80.9719,29.7625],[80.9587,29.7643],[80.9365,29.7593],[80.8966,29.7821],[80.8868,29.7777],[80.8492,29.7975],[80.8423,29.7972],[80.8496,29.7792],[80.8412,29.77],[80.8289,29.7677],[80.8119,29.7755],[80.817,29.7839],[80.7902,29.7744],[80.7717,29.7876],[80.7653,29.7808],[80.7387,29.794],[80.7281,29.7604],[80.7134,29.7566],[80.7054,29.7382],[80.6693,29.7249],[80.6672,29.7174],[80.6763,29.7069],[80.6827,29.7056],[80.6843,29.6997],[80.6953,29.7061],[80.7104,29.6993],[80.7563,29.708],[80.7663,29.7017],[80.7816,29.7022],[80.7955,29.6886],[80.8129,29.6841],[80.8268,29.6866],[80.8314,29.6915],[80.8421,29.6874],[80.8472,29.6934],[80.86,29.696],[80.8664,29.7063],[80.9416,29.7355],[80.9769,29.7219],[80.989,29.7405],[80.9899,29.7411]]]}},{"type":"Feature","properties":{"province":7,"provinceName":"Sudurpaschim","district":"Darchula","localLevel":"Naugad","type":"rural_municipality"},"geometry":{"type":"Polygon","coordinates":[[[80.7232,29.8749],[80.7145,29.8688],[80.7027,29.8724],[80.6993,29.8687],[80.6744,29.8751],[80.646,29.86],[80.649,29.8404],[80.6447,29.8325],[80.6375,29.8299],[80.6315,29.804],[80.6022,29.7898],[80.5993,29.7815],[80.5771,29.7824],[80.5725,29.7669],[80.5609,29.7512],[80.5657,29.7394],[80.5994,29.7282],[80.6049,29.7211],[80.6269,29.7333],[80.6492,29.7325],[80.6655,29.739],[80.673,29.7348],[80.6736,29.7239],[80.6853,29.7325],[80.7054,29.7382],[80.7109,29.7543],[80.7281,29.7604],[80.7296,29.7738],[80.7386,29.7866],[80.7367,29.8074],[80.729,29.8104],[80.7302,29.8236],[80.7515,29.8353],[80.7513,29.8439],[80.7241,29.8746],[80.7232,29.8749]]]}},{"type":"Feature","properties":{"province":7,"provinceName":"Sudurpaschim","district":"Darchula","localLevel":"Shailyashikhar","type":"municipality"},"geometry":{"type":"Polygon","coordinates":[[[80.5613,29.7523],[80.554,29.7506],[80.5403,29.7596],[80.5187,29.749],[80.501,29.7309],[80.4781,29.722],[80.4763,29.7194],[80.4875,29.716],[80.4906,29.7102],[80.461,29.7095],[80.4876,29.7007],[80.4906,29.6888],[80.5007,29.6833],[80.4978,29.6792],[80.5265,29.671],[80.529,29.6609],[80.5194,29.6579],[80.5196,29.6529],[80.5606,29.6708],[80.5753,29.6875],[80.603,29.6918],[80.6083,29.6866],[80.6257,29.6868],[80.6352,29.6906],[80.6532,29.6812],[80.676,29.6872],[80.6842,29.6995],[80.6827,29.7056],[80.6672,29.717],[80.6739,29.7306],[80.6657,29.739],[80.6492,29.7325],[80.6269,29.7333],[80.6049,29.7211],[80.5994,29.7282],[80.5687,29.7367],[80.5613,29.7522],[80.5613,29.7523]]]}},{"type":"Feature","properties":{"province":4,"provinceName":"Gandaki","district":"Nawalpur","localLevel":"Binayee Tribeni","type":"rural_municipality"},"geometry":{"type":"MultiPolygon","coordinates":[[[[83.9,27.4948],[83.8998,27.4986],[83.8937,27.4991],[83.8768,27.4895],[83.8876,27.4794],[83.8857,27.4641],[83.8919,27.4615],[83.8912,27.4433],[83.8976,27.4376],[83.9073,27.439],[83.9384,27.4516],[83.9467,27.4656],[83.9373,27.469],[83.9285,27.459],[83.9187,27.4586],[83.9102,27.4714],[83.9148,27.4806],[83.9104,27.4906],[83.9001,27.4946],[83.9,27.4948]]],[[[83.9187,27.7285],[83.9066,27.7355],[83.9052,27.7305],[83.8985,27.7299],[83.8788,27.7357],[83.847,27.7348],[83.8439,27.7303],[83.8509,27.7118],[83.8483,27.7093],[83.8357,27.7138],[83.8225,27.7104],[83.8035,27.7211],[83.7844,27.7249],[83.7532,27.7208],[83.7306,27.7089],[83.7163,27.7155],[83.6791,27.7184],[83.6848,27.718],[83.6916,27.7076],[83.6918,27.698],[83.7067,27.6826],[83.6974,27.6613],[83.7101,27.6589],[83.7272,27.6723],[83.7603,27.6672],[83.7648,27.661],[83.7703,27.6664],[83.7853,27.6668],[83.8139,27.6622],[83.8147,27.6531],[83.8086,27.6474],[83.8119,27.6353],[83.8031,27.6294],[83.8073,27.6207],[83.7994,27.6201],[83.802,27.6123],[83.7926,27.6049],[83.8031,27.596],[83.8115,27.5952],[83.8102,27.5885],[83.8236,27.5925],[83.8382,27.5856],[83.8436,27.5724],[83.8337,27.5655],[83.8382,27.5448],[83.8493,27.5601],[83.8573,27.5483],[83.8725,27.5411],[83.8845,27.5277],[83.8922,27.5309],[83.8977,27.54],[83.9208,27.5426],[83.9281,27.5578],[83.917,27.5705],[83.9244,27.5833],[83.9182,27.6007],[83.9214,27.6345],[83.9139,27.6469],[83.9225,27.6549],[83.8978,27.6818],[83.9112,27.7052],[83.9048,27.7089],[83.9188,27.7281],[83.9187,27.7285]]]]}},{"type":"Feature","properties":{"province":4,"provinceName":"Gandaki","district":"Nawalpur","localLevel":"Bulingtar","type":"rural_municipality"},"geometry":{"type":"Polygon","coordinates":[[[84.2946,27.8365],[84.2828,27.8376],[84.2697,27.8323],[84.268,27.8385],[84.2548,27.8382],[84.2423,27.8464],[84.2298,27.8455],[84.2276,27.8364],[84.2157,27.8463],[84.2116,27.8386],[84.2095,27.8492],[84.2043,27.8522],[84.1929,27.8464],[84.1754,27.8522],[84.1716,27.8455],[84.1647,27.8466],[84.1648,27.8414],[84.1583,27.8395],[84.1579,27.8481],[84.1241,27.8469],[84.1317,27.8545],[84.1231,27.86],[84.1219,27.8515],[84.115,27.8527],[84.1095,27.8453],[84.1116,27.841],[84.1072,27.8353],[84.1139,27.8256],[84.104,27.8131],[84.1115,27.8089],[84.1096,27.7971],[84.1185,27.7957],[84.123,27.7783],[84.1204,27.774],[84.1376,27.7679],[84.1597,27.7528],[84.1826,27.7682],[84.1964,27.7674],[84.222,27.7769],[84.2358,27.7671],[84.2538,27.7666],[84.2587,27.7797],[84.2744,27.7841],[84.2747,27.7927],[84.289,27.7981],[84.3018,27.7959],[84.3002,27.8063],[84.3079,27.8186],[84.2947,27.8364],[84.2946,27.8365]]]}},{"type":"Feature","properties":{"province":4,"provinceName":"Gandaki","district":"Nawalpur","localLevel":"Bungdikali","type":"rural_municipality"},"geometry":{"type":"Polygon","coordinates":[[[84.1156,27.8529],[84.1113,27.8616],[84.1047,27.8548],[84.0978,27.8582],[84.103,27.8662],[84.0826,27.8697],[84.0808,27.8635],[84.0736,27.8648],[84.0704,27.8569],[84.0554,27.8488],[84.0509,27.8559],[84.0451,27.8549],[84.0435,27.8497],[84.0413,27.857],[84.0306,27.8562],[84.0223,27.8407],[84.0271,27.8351],[84.0288,27.8204],[84.0222,27.8178],[84.0145,27.801],[84.0024,27.7884],[84.0001,27.7727],[84.0194,27.766],[84.0249,27.7741],[84.0369,27.7756],[84.0373,27.7803],[84.0482,27.7801],[84.0606,27.7693],[84.0841,27.7637],[84.1032,27.7745],[84.1232,27.7723],[84.1185,27.7957],[84.1096,27.7971],[84.1115,27.8089],[84.104,27.8131],[84.1139,27.8256],[84.1072,27.8353],[84.115,27.8527],[84.1156,27.8529]]]}},{"type":"Feature","properties":{"province":4,"provinceName":"Gandaki","district":"Nawalpur","localLevel":"Devchuli","type":"municipality"},"geometry":{"type":"Polygon","coordinates":[[[84.2538,27.7666],[84.2358,27.7671],[84.222,27.7769],[84.1964,27.7674],[84.1826,27.7682],[84.1597,27.7528],[84.1553,27.7439],[84.158,27.7343],[84.15,27.7208],[84.1544,27.7057],[84.1619,27.7004],[84.1593,27.6846],[84.1677,27.667],[84.1925,27.6507],[84.196,27.6563],[84.2205,27.6591],[84.2256,27.6645],[84.2615,27.667],[84.2484,27.7068],[84.2566,27.7262],[84.2579,27.7419],[84.2639,27.75],[84.2538,27.7664],[84.2538,27.7666]]]}},{"type":"Feature","properties":{"province":4,"provinceName":"Gandaki","district":"Nawalpur","localLevel":"Gaidakot","type":"municipality"},"geometry":{"type":"Polygon","coordinates":[[[84.3018,27.7959],[84.289,27.7981],[84.2747,27.7927],[84.2744,27.7841],[84.2591,27.7801],[84.2541,27.7697],[84.2639,27.75],[84.2579,27.7419],[84.2566,27.7262],[84.2484,27.7068],[84.2615,27.667],[84.3009,27.678],[84.3481,27.7027],[84.3622,27.6981],[84.3673,27.6884],[84.381,27.6811],[84.4327,27.7055],[84.4235,27.7429],[84.4263,27.7459],[84.42,27.749],[84.4196,27.7589],[84.4084,27.7616],[84.3943,27.7753],[84.3786,27.7788],[84.3691,27.7731],[84.3629,27.7534],[84.3539,27.7487],[84.346,27.751],[84.3421,27.7438],[84.3354,27.749],[84.3287,27.7477],[84.3241,27.7591],[84.3178,27.7631],[84.3205,27.7741],[84.3166,27.7841],[84.3031,27.7912],[84.3018,27.7958],[84.3018,27.7959]]]}},{"type":"Feature","properties":{"province":4,"provinceName":"Gandaki","district":"Nawalpur","localLevel":"Hupsekot","type":"rural_municipality"},"geometry":{"type":"Polygon","coordinates":[[[84.1232,27.7723],[84.1032,27.7745],[84.0841,27.7637],[84.0606,27.7693],[84.0482,27.7801],[84.0373,27.7803],[84.0369,27.7756],[84.0249,27.7741],[84.0194,27.766],[84.0003,27.7727],[83.9949,27.7613],[83.9958,27.7508],[83.9526,27.7473],[83.9304,27.7341],[83.9263,27.7267],[83.933,27.7266],[83.9474,27.7152],[83.9599,27.7138],[83.968,27.7194],[83.9864,27.7134],[83.9876,27.7022],[84.0146,27.6973],[84.0185,27.6831],[84.0143,27.668],[84.0222,27.6686],[84.049,27.6482],[84.0561,27.6354],[84.0525,27.6253],[84.0827,27.6217],[84.085,27.6427],[84.1003,27.6481],[84.097,27.6621],[84.1015,27.6722],[84.0928,27.6817],[84.0971,27.6902],[84.1037,27.6833],[84.1259,27.6814],[84.1304,27.6923],[84.1232,27.7283],[84.1358,27.7302],[84.1605,27.7507],[84.1548,27.7586],[84.1236,27.7722],[84.1232,27.7723]]]}},{"type":"Feature","properties":{"province":4,"provinceName":"Gandaki","district":"Nawalpur","localLevel":"Kawasoti","type":"municipality"},"geometry":{"type":"Polygon","coordinates":[[[84.1925,27.6507],[84.1677,27.667],[84.1593,27.6846],[84.1619,27.7004],[84.1544,27.7057],[84.15,27.7208],[84.158,27.7343],[84.1553,27.7439],[84.1588,27.7481],[84.1358,27.7302],[84.1233,27.7285],[84.1295,27.7059],[84.1292,27.6869],[84.1255,27.6811],[84.1087,27.6821],[84.0981,27.6914],[84.0928,27.6817],[84.1015,27.6722],[84.097,27.6621],[84.1002,27.6481],[84.085,27.6427],[84.0827,27.6217],[84.0692,27.6255],[84.0657,27.6173],[84.0663,27.5921],[84.0763,27.5895],[84.0757,27.5797],[84.0812,27.5785],[84.0782,27.5631],[84.0945,27.5557],[84.1061,27.5558],[84.1094,27.5585],[84.1078,27.5662],[84.1162,27.5679],[84.1196,27.5788],[84.1155,27.5887],[84.1273,27.6096],[84.1423,27.6114],[84.1548,27.6219],[84.1704,27.6237],[84.1762,27.6393],[84.1889,27.6412],[84.1926,27.6504],[84.1925,27.6507]]]}},{"type":"Feature","properties":{"province":4,"provinceName":"Gandaki","district":"Nawalpur","localLevel":"Madhyabindu","type":"municipality"},"geometry":{"type":"Polygon","coordinates":[[[83.9263,27.7267],[83.9187,27.7285],[83.9051,27.7095],[83.9112,27.7052],[83.8978,27.6818],[83.9225,27.6549],[83.9139,27.6469],[83.9225,27.6251],[83.9182,27.6007],[83.9244,27.5833],[83.917,27.5705],[83.9279,27.5591],[83.9243,27.545],[83.9731,27.5534],[83.9822,27.5619],[83.9938,27.5623],[84.006,27.5588],[84.0143,27.5453],[84.0233,27.5405],[84.0621,27.5653],[84.0782,27.5631],[84.0812,27.5785],[84.0757,27.5797],[84.0763,27.5895],[84.0664,27.5919],[84.0637,27.6068],[84.0692,27.6255],[84.0525,27.6253],[84.0561,27.6354],[84.049,27.6482],[84.0222,27.6686],[84.0143,27.668],[84.0185,27.6831],[84.0151,27.6969],[83.9876,27.7022],[83.9864,27.7134],[83.968,27.7194],[83.9599,27.7138],[83.9474,27.7152],[83.933,27.7266],[83.9266,27.7265],[83.9263,27.7267]]]}},{"type":"Feature","properties":{"province":5,"provinceName":"Lumbini","district":"Rukum East","localLevel":"Bhume","type":"rural_municipality"},"geometry":{"type":"Polygon","coordinates":[[[82.6555,28.6559],[82.6455,28.6571],[82.6474,28.6484],[82.6393,28.6426],[82.64,28.6344],[82.6206,28.6314],[82.6338,28.625],[82.6389,28.6163],[82.6295,28.5963],[82.6357,28.5848],[82.6301,28.5805],[82.6037,28.5827],[82.5931,28.5597],[82.5778,28.5682],[82.5682,28.5656],[82.5461,28.5729],[82.5362,28.5697],[82.531,28.5581],[82.5374,28.5535],[82.5373,28.5422],[82.5469,28.5255],[82.5666,28.5216],[82.5785,28.5139],[82.5901,28.5143],[82.5998,28.5068],[82.6155,28.5108],[82.6428,28.4947],[82.6592,28.4927],[82.6835,28.5173],[82.6883,28.5148],[82.684,28.5196],[82.689,28.5237],[82.6964,28.52],[82.6919,28.5119],[82.7052,28.509],[82.7205,28.522],[82.7393,28.5264],[82.7447,28.5245],[82.7444,28.5126],[82.7546,28.5051],[82.7926,28.5005],[82.8345,28.4782],[82.8805,28.4761],[82.8887,28.4795],[82.9056,28.4753],[82.9138,28.4783],[82.8793,28.5153],[82.8654,28.5145],[82.8646,28.52],[82.8441,28.5254],[82.8368,28.5332],[82.8254,28.5321],[82.8159,28.5371],[82.8046,28.5511],[82.7865,28.5524],[82.7774,28.5649],[82.7635,28.57],[82.74,28.5897],[82.7217,28.5832],[82.7163,28.5876],[82.7181,28.5992],[82.7083,28.5996],[82.7081,28.6046],[82.6996,28.6067],[82.6996,28.6162],[82.694,28.6214],[82.6634,28.6283],[82.665,28.6378],[82.656,28.6464],[82.6556,28.6556],[82.6555,28.6559]]]}},{"type":"Feature","properties":{"province":5,"provinceName":"Lumbini","district":"Rukum East","localLevel":"Putha Uttarganga","type":"rural_municipality"},"geometry":{"type":"Polygon","coordinates":[[[82.7686,28.803],[82.7543,28.7995],[82.7356,28.7821],[82.7215,28.7795],[82.7116,28.7652],[82.701,28.7656],[82.6848,28.753],[82.6767,28.7523],[82.6817,28.7465],[82.6803,28.7404],[82.691,28.7297],[82.6933,28.7102],[82.7084,28.6909],[82.702,28.6875],[82.6975,28.6755],[82.6834,28.6775],[82.6724,28.6737],[82.6663,28.6698],[82.664,28.6597],[82.6555,28.6559],[82.656,28.6464],[82.665,28.6378],[82.6628,28.6291],[82.6663,28.6252],[82.694,28.6214],[82.6996,28.6162],[82.6996,28.6067],[82.7081,28.6046],[82.7083,28.5996],[82.7181,28.5992],[82.7163,28.5876],[82.7217,28.5832],[82.74,28.5897],[82.7635,28.57],[82.7774,28.5649],[82.7865,28.5524],[82.8046,28.5511],[82.8159,28.5371],[82.8254,28.5321],[82.8368,28.5332],[82.8441,28.5254],[82.8646,28.52],[82.8654,28.5145],[82.8966,28.5153],[82.9156,28.527],[82.9156,28.5554],[82.9228,28.5671],[82.935,28.5654],[82.9758,28.5422],[82.9824,28.5507],[82.9874,28.5707],[82.9642,28.5818],[82.9546,28.598],[82.9584,28.6104],[82.9741,28.6204],[82.9825,28.6383],[82.9731,28.6466],[82.9585,28.6506],[82.956,28.6559],[82.9562,28.6732],[82.9676,28.6826],[82.9563,28.6931],[82.9584,28.6982],[82.9217,28.7117],[82.9224,28.7233],[82.9157,28.7265],[82.9102,28.7371],[82.8991,28.7294],[82.8779,28.7304],[82.8783,28.7215],[82.8674,28.7105],[82.8553,28.719],[82.8395,28.7226],[82.8244,28.7079],[82.8249,28.7005],[82.8139,28.7061],[82.8063,28.7013],[82.7941,28.7042],[82.7962,28.7223],[82.7681,28.7386],[82.7691,28.7634],[82.7727,28.7699],[82.786,28.7754],[82.7826,28.7894],[82.7687,28.803],[82.7686,28.803]]]}},{"type":"Feature","properties":{"province":5,"provinceName":"Lumbini","district":"Rukum East","localLevel":"Sisne","type":"rural_municipality"},"geometry":{"type":"Polygon","coordinates":[[[82.6976,28.8646],[82.6737,28.8521],[82.6604,28.86],[82.658,28.8666],[82.645,28.8664],[82.6387,28.8551],[82.6266,28.8467],[82.628,28.8391],[82.6156,28.8265],[82.6216,28.809],[82.5916,28.7902],[82.5889,28.782],[82.5687,28.7675],[82.5638,28.7679],[82.569,28.7568],[82.5679,28.7438],[82.59,28.7398],[82.6033,28.7428],[82.6072,28.7155],[82.6171,28.7102],[82.6143,28.6957],[82.6178,28.6897],[82.6026,28.6847],[82.6011,28.6692],[82.5808,28.6646],[82.5566,28.6439],[82.5411,28.6468],[82.5211,28.6606],[82.5075,28.6619],[82.5033,28.6676],[82.5017,28.6623],[82.4918,28.6592],[82.4877,28.6405],[82.5102,28.6276],[82.5418,28.6206],[82.5495,28.6271],[82.5534,28.6251],[82.5477,28.6183],[82.5621,28.6103],[82.5824,28.6126],[82.5825,28.586],[82.5701,28.5778],[82.5553,28.5815],[82.5461,28.5729],[82.5483,28.5711],[82.5682,28.5656],[82.5816,28.5673],[82.5931,28.5597],[82.6037,28.5827],[82.6301,28.5805],[82.6357,28.5848],[82.6295,28.5963],[82.6389,28.6163],[82.6338,28.625],[82.6206,28.6314],[82.64,28.6344],[82.6393,28.6426],[82.6474,28.6484],[82.6457,28.6573],[82.6638,28.6596],[82.6675,28.6712],[82.6832,28.6775],[82.6951,28.6741],[82.7022,28.6878],[82.7081,28.6899],[82.6933,28.7102],[82.691,28.7297],[82.6803,28.7404],[82.6817,28.7465],[82.6767,28.7523],[82.6848,28.753],[82.701,28.7656],[82.7116,28.7652],[82.7215,28.7795],[82.7373,28.783],[82.7543,28.7995],[82.7671,28.8042],[82.7678,28.8085],[82.7445,28.8452],[82.714,28.8514],[82.6989,28.8628],[82.6976,28.8646]]]}},{"type":"Feature","properties":{"province":5,"provinceName":"Lumbini","district":"Rolpa","localLevel":"Rolpa","type":"municipality"},"geometry":{"type":"Polygon","coordinates":[[[82.5937,28.4351],[82.5792,28.4237],[82.5777,28.4005],[82.564,28.3831],[82.5644,28.3774],[82.5593,28.3774],[82.5538,28.359],[82.5409,28.3514],[82.5363,28.3339],[82.5235,28.3244],[82.541,28.3157],[82.5577,28.3166],[82.5679,28.2955],[82.5849,28.2953],[82.5844,28.2911],[82.589,28.2896],[82.5829,28.2798],[82.5865,28.2783],[82.5842,28.2692],[82.5505,28.2605],[82.5533,28.2516],[82.5723,28.249],[82.588,28.2424],[82.5904,28.2367],[82.6011,28.2359],[82.6054,28.2326],[82.6015,28.2252],[82.6195,28.2237],[82.6436,28.2336],[82.6325,28.237],[82.6469,28.2504],[82.6859,28.2559],[82.6878,28.2653],[82.7012,28.2762],[82.7097,28.2726],[82.7264,28.2776],[82.7261,28.2829],[82.7109,28.2812],[82.7083,28.2885],[82.6936,28.2825],[82.6913,28.2874],[82.6778,28.2864],[82.6774,28.3055],[82.6694,28.3117],[82.6728,28.321],[82.6874,28.3306],[82.6972,28.345],[82.6943,28.3518],[82.7066,28.3581],[82.7021,28.367],[82.7105,28.3769],[82.7096,28.3892],[82.7169,28.4106],[82.708,28.4194],[82.7043,28.4315],[82.677,28.4272],[82.6686,28.421],[82.6371,28.426],[82.6246,28.422],[82.6107,28.4268],[82.6038,28.4342],[82.5941,28.4349],[82.5937,28.4351]]]}},{"type":"Feature","properties":{"province":6,"provinceName":"Karnali","district":"Rukum West","localLevel":"Musikot","type":"municipality"},"geometry":{"type":"Polygon","coordinates":[[[82.4975,28.6689],[82.4864,28.6735],[82.4511,28.6709],[82.433,28.6468],[82.4222,28.6404],[82.3937,28.6469],[82.385,28.6315],[82.3748,28.6308],[82.3693,28.6141],[82.3726,28.611],[82.3848,28.6147],[82.3919,28.608],[82.3984,28.6122],[82.4148,28.6104],[82.4142,28.6015],[82.4266,28.6013],[82.4265,28.5922],[82.4366,28.5855],[82.4315,28.5762],[82.4754,28.5784],[82.497,28.5537],[82.5232,28.5538],[82.531,28.5581],[82.5369,28.5704],[82.5553,28.5815],[82.577,28.5795],[82.5829,28.5871],[82.5825,28.6123],[82.5628,28.6101],[82.5477,28.6183],[82.5534,28.6251],[82.5499,28.627],[82.542,28.6206],[82.5197,28.6246],[82.4877,28.6405],[82.492,28.6595],[82.5025,28.6637],[82.503,28.668],[82.4982,28.6688],[82.4975,28.6689]]]}}]}