{"type":"FeatureCollection","name":"nepal-districts","bbox":[80.0601,26.3474,88.2039,30.4672],"features":[{"type":"Feature","properties":{"province":1,"provinceName":"Koshi","district":"Bhojpur"},"geometry":{"type":"Polygon","coordinates":[[[87.2656,27.1771],[87.2495,27.1912],[87.24,27.217],[87.2323,27.2221],[87.2299,27.2286],[87.218,27.2336],[87.2136,27.2434],[87.2052,27.2458],[87.2068,27.2597],[87.1997,27.2647],[87.2123,27.2676],[87.2071,27.2728],[87.2093,27.2814],[87.2029,27.2915],[87.2039,27.3016],[87.1846,27.3157],[87.1937,27.3265],[87.187,27.3365],[87.1945,27.3464],[87.1947,27.3521],[87.1711,27.3756],[87.1572,27.3809],[87.1449,27.3934],[87.1337,27.3945],[87.1275,27.4019],[87.1326,27.409],[87.1264,27.4265],[87.1299,27.4344],[87.1355,27.4356],[87.1427,27.4467],[87.1407,27.4523],[87.113,27.4586],[87.1112,27.4633],[87.0967,27.4552],[87.0745,27.4597],[87.0594,27.4407],[87.0446,27.4476],[87.0118,27.4358],[86.9829,27.4416],[86.9662,27.4496],[86.9571,27.458],[86.9427,27.459],[86.9427,27.4505],[86.9356,27.4429],[86.9183,27.44],[86.9089,27.4338],[86.9129,27.4073],[86.9225,27.3896],[86.9332,27.3843],[86.9263,27.3703],[86.934,27.357],[86.9363,27.3538],[86.9492,27.3515],[86.9537,27.3429],[86.9508,27.3363],[86.9709,27.3176],[86.9878,27.308],[86.9682,27.2954],[86.968,27.2843],[86.9507,27.2658],[86.9148,27.2665],[86.8976,27.2495],[86.9024,27.2497],[86.916,27.2312],[86.9306,27.2232],[86.9321,27.2021],[86.919,27.1845],[86.9152,27.1693],[86.9252,27.1562],[86.9196,27.1287],[86.9087,27.1257],[86.8972,27.1146],[86.9056,27.1044],[86.9258,27.0914],[86.9487,27.0856],[86.9671,27.0577],[86.9644,27.05],[86.9564,27.0479],[86.9525,27.0292],[86.9471,27.0201],[86.9696,27.0071],[86.9691,26.993],[86.9595,26.9851],[86.9609,26.9807],[86.97,26.9809],[86.9748,26.9737],[86.9754,26.9566],[86.9671,26.9412],[86.9675,26.9273],[86.9584,26.9227],[86.9596,26.9174],[86.9522,26.9077],[86.954,26.9043],[86.9703,26.9004],[86.98,26.9062],[86.9824,26.8959],[87.0046,26.8861],[87.0079,26.8915],[87.0165,26.8918],[87.0342,26.9031],[87.0417,26.9011],[87.0441,26.907],[87.0531,26.9021],[87.0647,26.9107],[87.0682,26.907],[87.0849,26.9119],[87.095,26.9095],[87.0958,26.9162],[87.1125,26.9176],[87.1178,26.9226],[87.1384,26.9271],[87.1518,26.9251],[87.1586,26.9153],[87.1562,26.9254],[87.1605,26.9301],[87.1529,26.9327],[87.1508,26.9374],[87.1638,26.9457],[87.1599,26.9549],[87.1665,26.9595],[87.1627,26.9665],[87.1713,26.971],[87.1736,26.9799],[87.1811,26.9832],[87.1826,26.989],[87.1992,26.9987],[87.201,27.0077],[87.1813,27.052],[87.1856,27.0742],[87.1937,27.0775],[87.1943,27.0854],[87.2048,27.0875],[87.22,27.1068],[87.2316,27.1087],[87.2406,27.1168],[87.2476,27.1179],[87.2474,27.1264],[87.2598,27.1303],[87.2733,27.1424],[87.2725,27.1501],[87.2781,27.1577],[87.275,27.1743],[87.2656,27.1771]]]}},{"type":"Feature","properties":{"province":1,"provinceName":"Koshi","district":"Dhankuta"},"geometry":{"type":"Polygon","coordinates":[[[87.4093,27.1361],[87.3922,27.1476],[87.3886,27.1588],[87.3767,27.1669],[87.3786,27.1792],[87.3679,27.188],[87.3595,27.1906],[87.3454,27.1868],[87.331,27.188],[87.3149,27.182],[87.29,27.1901],[87.2668,27.1815],[87.2656,27.1771],[87.2744,27.1756],[87.278,27.1597],[87.2725,27.1501],[87.2733,27.1424],[87.2598,27.1303],[87.2474,27.1264],[87.2476,27.1179],[87.2406,27.1168],[87.2316,27.1087],[87.22,27.1068],[87.2048,27.0875],[87.1943,27.0854],[87.1937,27.0775],[87.1856,27.0742],[87.1813,27.052],[87.198,27.019],[87.1995,26.9996],[87.1826,26.989],[87.1807,26.9829],[87.1758,26.983],[87.172,26.9718],[87.1628,26.9667],[87.1664,26.959],[87.1599,26.9549],[87.1638,26.9457],[87.1508,26.9374],[87.1529,26.9327],[87.1605,26.9301],[87.1562,26.9254],[87.1589,26.9131],[87.1705,26.9008],[87.1711,26.8887],[87.1673,26.8776],[87.1817,26.8768],[87.1879,26.8703],[87.2185,26.863],[87.2361,26.8784],[87.2586,26.8656],[87.2994,26.8746],[87.3042,26.8687],[87.3125,26.8705],[87.3263,26.8538],[87.336,26.855],[87.3463,26.8489],[87.3699,26.8453],[87.386,26.8525],[87.3945,26.8655],[87.4033,26.863],[87.4239,26.8702],[87.4316,26.8632],[87.4517,26.864],[87.4549,26.8578],[87.4632,26.8639],[87.4745,26.8615],[87.4765,26.8672],[87.4862,26.8673],[87.4909,26.8722],[87.5021,26.87],[87.5049,26.8732],[87.51,26.8693],[87.5117,26.8572],[87.5233,26.8618],[87.5343,26.8571],[87.5368,26.8623],[87.5422,26.863],[87.5607,26.8632],[87.5681,26.8574],[87.5757,26.8566],[87.5826,26.861],[87.5771,26.871],[87.5699,26.8717],[87.5622,26.8845],[87.554,26.8844],[87.5468,26.8888],[87.5248,26.8844],[87.5343,26.9011],[87.5313,26.9086],[87.5336,26.9135],[87.5249,26.9254],[87.5265,26.9296],[87.5234,26.9343],[87.5284,26.9411],[87.5272,26.9601],[87.5055,26.9711],[87.4941,26.9852],[87.4868,26.983],[87.4864,26.9753],[87.4709,26.9761],[87.4663,26.9677],[87.4519,26.9737],[87.441,26.9711],[87.4389,26.9833],[87.4437,26.9914],[87.4437,27.006],[87.433,27.0139],[87.4292,27.046],[87.4038,27.0738],[87.3945,27.1022],[87.3972,27.1231],[87.4093,27.1361]]]}},{"type":"Feature","properties":{"province":1,"provinceName":"Koshi","district":"Ilam"},"geometry":{"type":"Polygon","coordinates":[[[87.9942,27.1051],[87.9648,27.1008],[87.9544,27.1058],[87.9468,27.0994],[87.9302,27.1023],[87.9203,27.0995],[87.9171,27.0941],[87.8981,27.0922],[87.8925,27.0842],[87.8838,27.082],[87.8831,27.0776],[87.8642,27.0626],[87.8548,27.0622],[87.8433,27.0472],[87.8272,27.0411],[87.8202,27.0335],[87.7993,27.0268],[87.7805,27.0125],[87.767,27.0127],[87.7573,27.02],[87.742,27.0193],[87.7352,27.006],[87.7212,27],[87.7044,26.9785],[87.6925,26.9741],[87.6798,26.9518],[87.683,26.9463],[87.7089,26.929],[87.6965,26.9222],[87.7008,26.9115],[87.6911,26.8941],[87.6908,26.8807],[87.6496,26.8676],[87.6392,26.8603],[87.6021,26.8618],[87.6246,26.8425],[87.6369,26.8402],[87.6445,26.83],[87.6508,26.8303],[87.655,26.8185],[87.6641,26.8145],[87.6637,26.8055],[87.6586,26.7978],[87.664,26.792],[87.6735,26.7904],[87.6818,26.7812],[87.6657,26.7604],[87.6781,26.752],[87.6849,26.7526],[87.6877,26.7572],[87.6929,26.7564],[87.6897,26.7497],[87.7042,26.7316],[87.7102,26.7095],[87.7073,26.7005],[87.7109,26.6943],[87.7115,26.6969],[87.721,26.6928],[87.768,26.6648],[87.7933,26.6659],[87.7959,26.6801],[87.8171,26.6937],[87.8361,26.6874],[87.8477,26.6746],[87.8585,26.6758],[87.8691,26.6713],[87.8645,26.6874],[87.8697,26.6918],[87.8819,26.6842],[87.886,26.6881],[87.8941,26.6869],[87.8987,26.6909],[87.9181,26.6928],[87.9268,26.6971],[87.9366,26.6886],[87.939,26.701],[87.9359,26.702],[87.936,26.7085],[87.9291,26.7119],[87.9309,26.7188],[87.9383,26.7262],[87.9528,26.7282],[87.9512,26.7394],[87.9603,26.7498],[87.9569,26.7611],[87.9498,26.7668],[87.9594,26.7674],[87.9612,26.7811],[87.9673,26.7896],[87.966,26.7768],[87.9741,26.7726],[87.9779,26.7782],[87.9817,26.7777],[87.9783,26.7693],[87.9829,26.763],[87.981,26.758],[87.9839,26.7521],[87.9939,26.7554],[87.9995,26.7533],[88.0011,26.7696],[88.0076,26.7761],[88.007,26.7797],[88.0067,26.7702],[88.0103,26.7668],[88.0222,26.7696],[88.0294,26.778],[88.0293,26.7663],[88.038,26.7638],[88.0473,26.7524],[88.0488,26.7449],[88.0606,26.7589],[88.0698,26.7913],[88.0774,26.7882],[88.0797,26.783],[88.0949,26.8012],[88.0994,26.7953],[88.095,26.7899],[88.1009,26.7763],[88.0977,26.7745],[88.0993,26.7615],[88.1054,26.75],[88.1141,26.7456],[88.1207,26.748],[88.1217,26.7535],[88.128,26.7583],[88.1339,26.7779],[88.1385,26.7654],[88.1477,26.7691],[88.1573,26.7952],[88.1531,26.8055],[88.1616,26.7989],[88.1627,26.79],[88.1685,26.7832],[88.176,26.7802],[88.1764,26.783],[88.1875,26.7828],[88.1803,26.8026],[88.1815,26.8162],[88.1744,26.8275],[88.1768,26.8333],[88.1702,26.8372],[88.1733,26.8449],[88.17,26.8495],[88.1774,26.8532],[88.1748,26.8686],[88.1692,26.8701],[88.1597,26.8848],[88.1494,26.8883],[88.139,26.8984],[88.1487,26.9204],[88.1231,26.95],[88.1263,26.9706],[88.1381,26.9846],[88.1191,26.9878],[88.1018,27.0034],[88.0943,27.0046],[88.0858,27.0283],[88.0802,27.035],[88.0621,27.0288],[88.0484,27.0364],[88.0402,27.0363],[88.0189,27.0735],[88.0237,27.0874],[88.0186,27.0881],[88.0145,27.0971],[88.006,27.1041],[87.9942,27.1051]]]}},{"type":"Feature","properties":{"province":1,"provinceName":"Koshi","district":"Jhapa"},"geometry":{"type":"Polygon","coordinates":[[[88.1875,26.7828],[88.1764,26.783],[88.176,26.7802],[88.1685,26.7832],[88.1627,26.79],[88.1616,26.7989],[88.1531,26.8055],[88.1573,26.7952],[88.1477,26.7691],[88.1385,26.7654],[88.1339,26.7779],[88.128,26.7583],[88.1217,26.7535],[88.1207,26.748],[88.1141,26.7456],[88.1054,26.75],[88.0993,26.7615],[88.0977,26.7745],[88.1009,26.7763],[88.095,26.7899],[88.0994,26.7953],[88.0949,26.8012],[88.0797,26.783],[88.0774,26.7882],[88.0698,26.7913],[88.0606,26.7589],[88.0488,26.7449],[88.0473,26.7524],[88.038,26.7638],[88.0293,26.7663],[88.0294,26.778],[88.0222,26.7696],[88.0103,26.7668],[88.0067,26.7702],[88.007,26.7797],[88.0076,26.7761],[88.0011,26.7696],[87.9995,26.7533],[87.9939,26.7554],[87.9839,26.7521],[87.981,26.758],[87.9829,26.763],[87.9783,26.7693],[87.9817,26.7777],[87.9779,26.7782],[87.9741,26.7726],[87.966,26.7768],[87.9673,26.7896],[87.9612,26.7811],[87.9594,26.7674],[87.9498,26.7668],[87.9569,26.7611],[87.9603,26.7498],[87.9512,26.7394],[87.9528,26.7282],[87.9383,26.7262],[87.9309,26.7188],[87.9291,26.7119],[87.936,26.7085],[87.9359,26.702],[87.939,26.701],[87.9364,26.6884],[87.9268,26.6971],[87.9181,26.6928],[87.8987,26.6909],[87.8941,26.6869],[87.886,26.6881],[87.8819,26.6842],[87.8697,26.6918],[87.8645,26.6874],[87.8678,26.6838],[87.8686,26.6713],[87.8585,26.6758],[87.8477,26.6746],[87.8361,26.6874],[87.8171,26.6937],[87.7959,26.6801],[87.7933,26.6659],[87.7839,26.6642],[87.7676,26.6649],[87.721,26.6928],[87.7115,26.6969],[87.7109,26.6943],[87.7073,26.7005],[87.7102,26.7095],[87.7042,26.7316],[87.6897,26.7497],[87.6812,26.7302],[87.6578,26.7159],[87.6552,26.6846],[87.6449,26.6661],[87.6444,26.6498],[87.6566,26.6329],[87.658,26.6155],[87.6498,26.6079],[87.6492,26.5996],[87.6409,26.5973],[87.6447,26.5835],[87.6382,26.5803],[87.6434,26.5753],[87.6439,26.5577],[87.6484,26.5489],[87.6431,26.5291],[87.6451,26.5071],[87.651,26.4968],[87.6531,26.4797],[87.6623,26.4711],[87.6609,26.4587],[87.6754,26.4495],[87.6745,26.4416],[87.678,26.4358],[87.6946,26.4353],[87.701,26.4279],[87.7137,26.427],[87.7249,26.4189],[87.7254,26.4122],[87.7362,26.4075],[87.7416,26.4173],[87.7493,26.4175],[87.7563,26.4078],[87.7698,26.4111],[87.7699,26.4183],[87.7786,26.4212],[87.7756,26.4201],[87.7786,26.4249],[87.773,26.4272],[87.7779,26.4269],[87.775,26.4295],[87.7785,26.4297],[87.7803,26.4352],[87.7755,26.4356],[87.7803,26.4422],[87.7763,26.4499],[87.7815,26.4504],[87.7802,26.4533],[87.7848,26.4536],[87.7908,26.4607],[87.7885,26.4648],[87.7925,26.4654],[87.7889,26.4677],[87.7956,26.4685],[87.8197,26.4588],[87.8322,26.4499],[87.8307,26.4398],[87.8512,26.4362],[87.8535,26.445],[87.8639,26.4486],[87.8607,26.4634],[87.8881,26.4762],[87.8907,26.4864],[87.9026,26.4771],[87.9122,26.4575],[87.9012,26.4485],[87.9274,26.4452],[87.9278,26.4395],[87.9185,26.4315],[87.9286,26.4274],[87.9296,26.4177],[87.9355,26.4175],[87.9683,26.3968],[87.9942,26.3922],[87.9945,26.3717],[87.9978,26.3659],[88.0049,26.3663],[88.0094,26.3608],[88.0326,26.3646],[88.0297,26.3707],[88.034,26.378],[88.0297,26.3815],[88.0336,26.3824],[88.0368,26.3917],[88.0391,26.39],[88.0403,26.3936],[88.0476,26.3956],[88.0499,26.4008],[88.058,26.4004],[88.0626,26.4094],[88.074,26.4077],[88.0724,26.4133],[88.0984,26.4392],[88.0996,26.4514],[88.0945,26.4627],[88.1058,26.4655],[88.1005,26.4724],[88.1067,26.4716],[88.1098,26.4746],[88.1028,26.4796],[88.1083,26.4893],[88.1029,26.494],[88.1011,26.5058],[88.0929,26.5065],[88.0991,26.5108],[88.0977,26.5161],[88.1057,26.5186],[88.1063,26.536],[88.1018,26.5344],[88.1007,26.5371],[88.1141,26.5449],[88.108,26.5504],[88.1079,26.5575],[88.108,26.5606],[88.112,26.5567],[88.1161,26.5581],[88.1132,26.5616],[88.1177,26.5654],[88.1142,26.5647],[88.1148,26.5711],[88.1217,26.5678],[88.1202,26.5743],[88.1234,26.5754],[88.1256,26.5719],[88.1272,26.5773],[88.1328,26.5734],[88.1299,26.5814],[88.1345,26.5929],[88.1325,26.601],[88.1417,26.6065],[88.1446,26.6255],[88.1569,26.6299],[88.1631,26.6363],[88.1606,26.6398],[88.1657,26.6457],[88.1697,26.6992],[88.1846,26.7192],[88.189,26.7382],[88.1906,26.7714],[88.1875,26.7828]]]}},{"type":"Feature","properties":{"province":1,"provinceName":"Koshi","district":"Khotang"},"geometry":{"type":"Polygon","coordinates":[[[86.9085,27.4332],[86.8936,27.4348],[86.8737,27.4279],[86.8598,27.4352],[86.8396,27.4304],[86.8242,27.4399],[86.8134,27.4307],[86.8062,27.4151],[86.7904,27.4071],[86.773,27.4112],[86.7542,27.3942],[86.7436,27.3972],[86.6836,27.3904],[86.6859,27.3807],[86.6812,27.3657],[86.6831,27.3449],[86.6807,27.3429],[86.6853,27.3293],[86.6824,27.3243],[86.6886,27.3099],[86.6786,27.2982],[86.6697,27.2972],[86.6753,27.2884],[86.6691,27.2767],[86.6727,27.2735],[86.6714,27.2692],[86.6629,27.2685],[86.6592,27.262],[86.6525,27.2636],[86.6369,27.2561],[86.6334,27.2479],[86.6236,27.2458],[86.6211,27.2347],[86.5999,27.2343],[86.589,27.2237],[86.5745,27.2269],[86.5637,27.2233],[86.5594,27.2265],[86.5547,27.2214],[86.558,27.2186],[86.5499,27.218],[86.5447,27.2084],[86.5336,27.2016],[86.5277,27.1924],[86.5137,27.1865],[86.4936,27.1864],[86.4758,27.1763],[86.4707,27.1681],[86.4496,27.1639],[86.4363,27.1517],[86.4402,27.1445],[86.4287,27.1338],[86.4323,27.1304],[86.4483,27.1321],[86.4513,27.1248],[86.4621,27.1173],[86.4618,27.1053],[86.4682,27.102],[86.4774,27.1021],[86.4862,27.1093],[86.4943,27.1044],[86.5048,27.1142],[86.5181,27.1144],[86.5356,27.1348],[86.5837,27.1521],[86.6079,27.1394],[86.6427,27.1327],[86.6712,27.1197],[86.6808,27.1068],[86.6927,27.102],[86.7004,27.0943],[86.701,27.0861],[86.7133,27.0728],[86.7127,27.0673],[86.7224,27.0618],[86.7292,27.0391],[86.7494,27.0245],[86.7506,27.0119],[86.7559,27.0058],[86.7572,26.9747],[86.7633,26.97],[86.7669,26.9574],[86.7633,26.9238],[86.7709,26.9002],[86.776,26.8966],[86.7741,26.885],[86.7828,26.8872],[86.7872,26.8804],[86.8015,26.8776],[86.8093,26.8723],[86.8371,26.8748],[86.8409,26.8842],[86.8557,26.888],[86.8647,26.8948],[86.8702,26.8932],[86.8874,26.8982],[86.9169,26.8954],[86.9338,26.9074],[86.9426,26.9032],[86.954,26.9043],[86.9522,26.9077],[86.9596,26.9174],[86.9584,26.9227],[86.9675,26.9273],[86.9671,26.9412],[86.9754,26.9566],[86.9748,26.9737],[86.97,26.9809],[86.9609,26.9807],[86.9595,26.9851],[86.9691,26.993],[86.9696,27.0071],[86.9471,27.0201],[86.9525,27.0292],[86.9564,27.0479],[86.9659,27.0527],[86.9655,27.061],[86.9487,27.0856],[86.9258,27.0914],[86.9056,27.1044],[86.8972,27.1146],[86.9087,27.1257],[86.9196,27.1287],[86.9252,27.1562],[86.9152,27.1693],[86.919,27.1845],[86.9321,27.2021],[86.9306,27.2232],[86.916,27.2312],[86.9024,27.2497],[86.8976,27.2495],[86.9148,27.2665],[86.9507,27.2658],[86.968,27.2843],[86.9682,27.2954],[86.9878,27.308],[86.9709,27.3176],[86.9508,27.3363],[86.9537,27.3429],[86.9492,27.3515],[86.9363,27.3538],[86.934,27.357],[86.9263,27.3703],[86.9332,27.3843],[86.9225,27.3896],[86.9129,27.4073],[86.9085,27.4332]]]}},{"type":"Feature","properties":{"province":1,"provinceName":"Koshi","district":"Morang"},"geometry":{"type":"Polygon","coordinates":[[[87.5826,26.861],[87.5757,26.8566],[87.5681,26.8574],[87.5607,26.8632],[87.5422,26.863],[87.5368,26.8623],[87.5343,26.8571],[87.5233,26.8618],[87.5117,26.8572],[87.51,26.8693],[87.5049,26.8732],[87.5021,26.87],[87.4909,26.8722],[87.4862,26.8673],[87.4765,26.8672],[87.4745,26.8615],[87.4632,26.8639],[87.4549,26.8578],[87.4517,26.864],[87.4316,26.8632],[87.4239,26.8702],[87.4033,26.863],[87.3945,26.8655],[87.386,26.8525],[87.3717,26.8454],[87.35,26.8493],[87.3564,26.8391],[87.3492,26.8249],[87.3518,26.8206],[87.326,26.7866],[87.3264,26.7743],[87.3409,26.7526],[87.3418,26.7362],[87.3372,26.7354],[87.3324,26.7283],[87.3276,26.7147],[87.322,26.7157],[87.3241,26.7113],[87.3166,26.7055],[87.3065,26.6763],[87.2964,26.6676],[87.2915,26.6696],[87.2875,26.6571],[87.2874,26.6515],[87.2914,26.6502],[87.2978,26.6385],[87.2967,26.6347],[87.3037,26.6292],[87.3033,26.6151],[87.2962,26.6087],[87.2911,26.601],[87.2917,26.5951],[87.2879,26.5927],[87.2936,26.5755],[87.2892,26.5718],[87.2864,26.5586],[87.2802,26.5587],[87.2748,26.5501],[87.2686,26.5484],[87.2624,26.5393],[87.2631,26.5337],[87.2565,26.5362],[87.2579,26.529],[87.2485,26.5208],[87.25,26.5153],[87.253,26.5216],[87.2567,26.5188],[87.2524,26.5111],[87.255,26.5028],[87.2477,26.4908],[87.2461,26.4754],[87.2411,26.4696],[87.2475,26.4648],[87.2495,26.4533],[87.2467,26.442],[87.2506,26.4315],[87.245,26.4179],[87.2524,26.4091],[87.2587,26.4108],[87.2686,26.4053],[87.2684,26.3735],[87.2919,26.3734],[87.3038,26.3659],[87.3148,26.3711],[87.3244,26.3599],[87.3435,26.3474],[87.3608,26.3607],[87.3558,26.3717],[87.3589,26.3879],[87.3712,26.4077],[87.3786,26.4067],[87.391,26.4187],[87.4303,26.4221],[87.4455,26.4327],[87.4691,26.4401],[87.5189,26.4306],[87.55,26.4182],[87.5553,26.4054],[87.5903,26.3923],[87.5896,26.3818],[87.6097,26.3808],[87.6146,26.3898],[87.6292,26.3934],[87.6544,26.3932],[87.6528,26.4055],[87.6808,26.4155],[87.6817,26.4361],[87.6777,26.436],[87.6746,26.4413],[87.6754,26.4495],[87.6609,26.4587],[87.6623,26.4711],[87.6531,26.4797],[87.651,26.4968],[87.6451,26.5071],[87.6431,26.5291],[87.6484,26.5489],[87.6439,26.5577],[87.6434,26.5753],[87.6382,26.5803],[87.6447,26.5835],[87.6409,26.5973],[87.6492,26.5996],[87.6498,26.6079],[87.658,26.6155],[87.6566,26.6329],[87.6468,26.6445],[87.644,26.6535],[87.645,26.6667],[87.6554,26.6854],[87.6574,26.715],[87.6812,26.7302],[87.693,26.756],[87.6877,26.7572],[87.6849,26.7526],[87.6781,26.752],[87.6657,26.7604],[87.6777,26.7735],[87.6812,26.7842],[87.6586,26.7978],[87.6637,26.8055],[87.6641,26.8145],[87.655,26.8185],[87.6508,26.8303],[87.6445,26.83],[87.6369,26.8402],[87.6246,26.8425],[87.6021,26.8618],[87.5826,26.861]]]}},{"type":"Feature","properties":{"province":1,"provinceName":"Koshi","district":"Okhaldhunga"},"geometry":{"type":"Polygon","coordinates":[[[86.681,27.3532],[86.6731,27.3523],[86.6597,27.3395],[86.6374,27.3378],[86.5921,27.3434],[86.5732,27.3405],[86.5663,27.3531],[86.5664,27.3658],[86.5385,27.3872],[86.5344,27.3965],[86.5122,27.4105],[86.505,27.4251],[86.4937,27.4273],[86.488,27.4224],[86.4758,27.421],[86.467,27.4282],[86.4627,27.4341],[86.4698,27.4453],[86.4569,27.4542],[86.4562,27.4612],[86.4423,27.4854],[86.4255,27.4872],[86.4039,27.5167],[86.3777,27.5157],[86.358,27.526],[86.3407,27.5198],[86.327,27.4994],[86.3218,27.4985],[86.3078,27.4826],[86.2974,27.4787],[86.2942,27.4699],[86.2661,27.4559],[86.2566,27.4407],[86.2587,27.4362],[86.2536,27.4322],[86.25,27.4193],[86.2443,27.4187],[86.2368,27.4079],[86.2384,27.4038],[86.2301,27.3976],[86.2282,27.3839],[86.2244,27.3818],[86.2272,27.371],[86.2214,27.3619],[86.2242,27.3597],[86.2195,27.353],[86.218,27.3333],[86.2196,27.3281],[86.2247,27.327],[86.222,27.3219],[86.2313,27.3196],[86.236,27.3074],[86.2396,27.3058],[86.2378,27.2959],[86.243,27.2885],[86.216,27.2684],[86.2059,27.25],[86.2325,27.2371],[86.2552,27.25],[86.2598,27.2578],[86.2687,27.2608],[86.269,27.2533],[86.2903,27.2454],[86.2973,27.2381],[86.3085,27.2369],[86.3183,27.2311],[86.3434,27.2287],[86.3455,27.2194],[86.3423,27.21],[86.3459,27.2025],[86.3605,27.2011],[86.3711,27.1922],[86.3814,27.193],[86.3881,27.1807],[86.4021,27.1765],[86.4046,27.1701],[86.4192,27.1657],[86.422,27.1506],[86.4308,27.1465],[86.4496,27.1639],[86.4707,27.1681],[86.4758,27.1763],[86.4931,27.1862],[86.5137,27.1865],[86.5277,27.1924],[86.5336,27.2016],[86.5447,27.2084],[86.5499,27.218],[86.558,27.2186],[86.5547,27.2214],[86.5594,27.2265],[86.5637,27.2233],[86.5745,27.2269],[86.589,27.2237],[86.5999,27.2343],[86.6211,27.2347],[86.6236,27.2458],[86.6334,27.2479],[86.6369,27.2561],[86.6525,27.2636],[86.6592,27.262],[86.6629,27.2685],[86.6704,27.2682],[86.6731,27.2718],[86.6691,27.2767],[86.6753,27.2884],[86.6697,27.2972],[86.6786,27.2982],[86.6886,27.3099],[86.6824,27.3243],[86.6853,27.3293],[86.6811,27.3366],[86.681,27.3532]]]}},{"type":"Feature","properties":{"province":1,"provinceName":"Koshi","district":"Panchthar"},"geometry":{"type":"Polygon","coordinates":[[[87.9942,27.1051],[87.99,27.119],[87.9938,27.1305],[88.001,27.1331],[88.0033,27.1399],[88.01,27.143],[88.0136,27.1655],[88.022,27.1707],[88.0151,27.1773],[88.0186,27.1963],[88.0143,27.2035],[88.0182,27.2101],[88.0148,27.2157],[88.0215,27.2247],[88.0218,27.2356],[88.0274,27.237],[88.0302,27.2489],[88.0335,27.2497],[88.0342,27.2856],[88.0472,27.2931],[88.0441,27.3041],[88.0551,27.3242],[88.0692,27.3356],[88.0602,27.3554],[88.052,27.3591],[88.0444,27.3699],[88.0495,27.4051],[88.058,27.4179],[88.0697,27.425],[88.0827,27.4264],[88.08,27.4326],[88.0703,27.4379],[88.0527,27.4267],[88.04,27.4132],[88.0293,27.3941],[88.0201,27.3539],[88.0076,27.3366],[88.0064,27.3288],[87.9935,27.3238],[87.9766,27.3012],[87.9711,27.3004],[87.953,27.2824],[87.9414,27.2803],[87.9355,27.2832],[87.9277,27.2803],[87.9198,27.2858],[87.897,27.2861],[87.8932,27.2816],[87.8906,27.2837],[87.8868,27.2805],[87.883,27.2839],[87.871,27.2788],[87.8641,27.2793],[87.8552,27.2856],[87.8423,27.2859],[87.8107,27.2757],[87.7997,27.2766],[87.7835,27.2724],[87.7578,27.2807],[87.7344,27.2783],[87.7267,27.2858],[87.7119,27.2862],[87.7005,27.291],[87.6914,27.2883],[87.6845,27.2795],[87.6836,27.2672],[87.7482,27.2244],[87.7538,27.2178],[87.754,27.2078],[87.7472,27.1987],[87.7206,27.1873],[87.7136,27.1713],[87.714,27.1575],[87.7089,27.1504],[87.6947,27.1429],[87.6783,27.1421],[87.6657,27.1325],[87.6475,27.1324],[87.6471,27.1261],[87.6401,27.1237],[87.6368,27.1184],[87.6149,27.1122],[87.6107,27.1073],[87.5916,27.0993],[87.5737,27.0755],[87.5731,27.0696],[87.5396,27.0453],[87.5354,27.0347],[87.542,27.0334],[87.5447,27.0235],[87.5385,27.0132],[87.5226,27.0023],[87.514,26.9903],[87.5032,26.9837],[87.4951,26.985],[87.5055,26.9711],[87.5289,26.9572],[87.528,26.9388],[87.5234,26.9343],[87.5265,26.9296],[87.5249,26.9254],[87.5336,26.9135],[87.5313,26.9086],[87.5343,26.9011],[87.5248,26.8844],[87.5468,26.8888],[87.554,26.8844],[87.5622,26.8845],[87.5699,26.8717],[87.5771,26.871],[87.5802,26.8633],[87.5862,26.8595],[87.6143,26.8634],[87.6392,26.8603],[87.6496,26.8676],[87.6908,26.8807],[87.6911,26.8941],[87.7008,26.9115],[87.6965,26.9222],[87.7089,26.929],[87.683,26.9463],[87.6798,26.9518],[87.6925,26.9741],[87.7044,26.9785],[87.7212,27],[87.7352,27.006],[87.742,27.0193],[87.7573,27.02],[87.767,27.0127],[87.7805,27.0125],[87.7993,27.0268],[87.8202,27.0335],[87.8272,27.0411],[87.8433,27.0472],[87.8548,27.0622],[87.8642,27.0626],[87.8831,27.0776],[87.8838,27.082],[87.8925,27.0842],[87.8981,27.0922],[87.9171,27.0941],[87.9203,27.0995],[87.9302,27.1023],[87.9468,27.0994],[87.9544,27.1058],[87.9648,27.1008],[87.9942,27.1051]]]}},{"type":"Feature","properties":{"province":1,"provinceName":"Koshi","district":"Sankhuwasabha"},"geometry":{"type":"Polygon","coordinates":[[[87.668,27.8066],[87.6656,27.8224],[87.6723,27.8305],[87.6721,27.8346],[87.6676,27.8362],[87.6384,27.8341],[87.6351,27.8324],[87.6346,27.8245],[87.6194,27.8187],[87.6147,27.8103],[87.6041,27.8209],[87.5928,27.8196],[87.5936,27.8333],[87.5889,27.8526],[87.5813,27.8618],[87.5739,27.8611],[87.565,27.8668],[87.5547,27.8649],[87.5498,27.8524],[87.538,27.8427],[87.5114,27.8469],[87.4956,27.8437],[87.4926,27.8462],[87.4523,27.8221],[87.4252,27.8314],[87.4061,27.8338],[87.4114,27.8386],[87.4343,27.8422],[87.4357,27.846],[87.4285,27.8519],[87.4282,27.8586],[87.4211,27.8623],[87.4044,27.8514],[87.3764,27.8451],[87.3632,27.8286],[87.3578,27.8272],[87.3505,27.8302],[87.3204,27.8255],[87.307,27.8352],[87.3061,27.8432],[87.263,27.8507],[87.2412,27.8392],[87.2282,27.8195],[87.2203,27.8233],[87.1957,27.8197],[87.1708,27.8215],[87.1592,27.8242],[87.143,27.8369],[87.1288,27.834],[87.1184,27.8401],[87.1107,27.8537],[87.1097,27.8747],[87.0913,27.8824],[87.091,27.8893],[87.0803,27.9026],[87.0808,27.9154],[87.0683,27.9237],[87.0559,27.9264],[87.0416,27.9502],[87.0259,27.95],[87.0182,27.9575],[87.0113,27.9532],[86.9947,27.9546],[86.9855,27.9487],[86.9816,27.9351],[86.9836,27.9196],[86.9751,27.9147],[86.9695,27.9024],[86.9758,27.895],[86.9765,27.8771],[86.9811,27.8735],[86.9931,27.8467],[86.9922,27.8392],[86.9792,27.8256],[87.0004,27.8242],[87.0125,27.8151],[86.9961,27.7949],[86.9856,27.7911],[86.9887,27.7804],[86.9817,27.7727],[86.9855,27.7558],[86.9814,27.75],[86.9962,27.7419],[86.9978,27.7315],[87.0103,27.7266],[87.01,27.7183],[87.0007,27.6992],[86.9932,27.6948],[86.9899,27.6868],[86.99,27.6587],[86.9862,27.646],[86.9707,27.6326],[86.9562,27.6044],[86.9594,27.5889],[86.9559,27.5721],[86.9645,27.5681],[86.9677,27.5626],[86.9692,27.5413],[86.9504,27.5276],[86.9453,27.5089],[86.9654,27.4832],[86.9504,27.4748],[86.9466,27.4617],[86.9426,27.4589],[86.9571,27.458],[86.9662,27.4496],[86.9829,27.4416],[87.0118,27.4358],[87.0446,27.4476],[87.0594,27.4407],[87.0745,27.4597],[87.0967,27.4552],[87.1112,27.4633],[87.113,27.4586],[87.1407,27.4523],[87.1427,27.4467],[87.1355,27.4356],[87.1299,27.4344],[87.1264,27.4265],[87.1326,27.409],[87.1275,27.4019],[87.1337,27.3945],[87.1449,27.3934],[87.1572,27.3809],[87.1711,27.3756],[87.1947,27.3521],[87.1945,27.3464],[87.187,27.3365],[87.1937,27.3265],[87.1846,27.3157],[87.2039,27.3016],[87.2029,27.2915],[87.2093,27.2814],[87.2071,27.2728],[87.2123,27.2676],[87.1997,27.2647],[87.2068,27.2597],[87.208,27.2518],[87.2047,27.2471],[87.2136,27.2434],[87.218,27.2336],[87.2288,27.2296],[87.2323,27.2221],[87.24,27.217],[87.2495,27.1912],[87.2607,27.1837],[87.2637,27.1768],[87.2677,27.1822],[87.2878,27.1899],[87.3149,27.182],[87.331,27.188],[87.3454,27.1868],[87.3595,27.1906],[87.3679,27.188],[87.3786,27.1792],[87.3767,27.1669],[87.3886,27.1588],[87.3922,27.1476],[87.4093,27.1361],[87.4119,27.1457],[87.4085,27.1556],[87.4228,27.176],[87.4542,27.1793],[87.4724,27.1973],[87.4699,27.2176],[87.4803,27.2367],[87.4821,27.2497],[87.5191,27.2964],[87.5169,27.3058],[87.5,27.3136],[87.4951,27.3322],[87.4822,27.343],[87.4769,27.3571],[87.4691,27.3665],[87.461,27.3713],[87.4592,27.3864],[87.447,27.4059],[87.4587,27.4256],[87.4636,27.4464],[87.4612,27.4735],[87.4738,27.4864],[87.469,27.4956],[87.4723,27.4996],[87.4703,27.5057],[87.4789,27.5121],[87.4775,27.5269],[87.4832,27.543],[87.4898,27.5462],[87.4846,27.5547],[87.4844,27.5669],[87.4902,27.5693],[87.4923,27.5766],[87.5013,27.5809],[87.5153,27.5987],[87.5275,27.5926],[87.5316,27.5941],[87.5309,27.607],[87.5386,27.6238],[87.5373,27.6317],[87.5476,27.6379],[87.5423,27.6507],[87.5348,27.6519],[87.5483,27.6596],[87.5519,27.6805],[87.5637,27.6982],[87.5772,27.6929],[87.5774,27.6825],[87.5823,27.6759],[87.5932,27.6811],[87.6026,27.6791],[87.6037,27.674],[87.6078,27.6739],[87.6189,27.6883],[87.6154,27.6999],[87.6245,27.7116],[87.6419,27.7098],[87.6404,27.7182],[87.6467,27.7269],[87.6438,27.7307],[87.6579,27.739],[87.6663,27.75],[87.6597,27.7614],[87.6742,27.7732],[87.6734,27.7804],[87.6799,27.7896],[87.668,27.8066]]]}},{"type":"Feature","properties":{"province":1,"provinceName":"Koshi","district":"Solukhumbu"},"geometry":{"type":"Polygon","coordinates":[[[86.9858,27.9492],[86.9359,27.9623],[86.9354,27.9783],[86.9278,27.9876],[86.8924,27.9967],[86.8754,28.0104],[86.875,28.0219],[86.8699,28.025],[86.8545,28.0275],[86.8498,28.0196],[86.8386,28.0151],[86.8143,28.0188],[86.8051,28.0234],[86.7925,28.0187],[86.7817,28.0271],[86.7826,28.0314],[86.7762,28.0376],[86.7615,28.0348],[86.7557,28.0375],[86.7493,28.0503],[86.7534,28.0534],[86.7574,28.0676],[86.7674,28.0745],[86.753,28.0814],[86.7498,28.0858],[86.7508,28.0947],[86.7407,28.1035],[86.6915,28.1084],[86.6655,28.0973],[86.6604,28.0809],[86.6524,28.0746],[86.6372,28.0705],[86.6108,28.0758],[86.605,28.0873],[86.6103,28.0924],[86.6049,28.1017],[86.5925,28.1039],[86.5908,28.1078],[86.5788,28.1126],[86.5707,28.1116],[86.5648,28.1069],[86.5693,28.0916],[86.561,28.0776],[86.5678,28.0687],[86.5513,28.0505],[86.5389,28.0506],[86.5361,28.047],[86.5339,28.0269],[86.5239,28.0196],[86.522,28.0044],[86.5177,28.002],[86.5183,27.9904],[86.5152,27.9845],[86.5226,27.9741],[86.5146,27.967],[86.5241,27.9402],[86.5361,27.9419],[86.5497,27.9307],[86.5569,27.9087],[86.5541,27.8978],[86.557,27.8853],[86.5534,27.8759],[86.5565,27.8569],[86.5426,27.8157],[86.5448,27.8109],[86.5695,27.8037],[86.5712,27.7908],[86.5664,27.7693],[86.5752,27.7543],[86.5653,27.7491],[86.5534,27.7106],[86.5427,27.7013],[86.5404,27.67],[86.5295,27.6599],[86.5286,27.6501],[86.5159,27.6478],[86.5096,27.6403],[86.5023,27.6201],[86.4949,27.6135],[86.4865,27.617],[86.4721,27.6168],[86.437,27.6099],[86.4229,27.5988],[86.4164,27.5869],[86.4009,27.5832],[86.3906,27.5725],[86.3787,27.5678],[86.3716,27.5579],[86.3722,27.5497],[86.3609,27.5395],[86.3584,27.5254],[86.3777,27.5157],[86.4039,27.5167],[86.4255,27.4872],[86.4423,27.4854],[86.4562,27.4612],[86.4569,27.4542],[86.4698,27.4453],[86.4627,27.4341],[86.467,27.4282],[86.4758,27.421],[86.488,27.4224],[86.4937,27.4273],[86.505,27.4251],[86.5122,27.4105],[86.5344,27.3965],[86.5385,27.3872],[86.5664,27.3658],[86.5663,27.3531],[86.5732,27.3405],[86.5921,27.3434],[86.6374,27.3378],[86.6603,27.3397],[86.6731,27.3523],[86.681,27.3532],[86.6859,27.3807],[86.6836,27.3904],[86.7436,27.3972],[86.7542,27.3942],[86.773,27.4112],[86.7904,27.4071],[86.8062,27.4151],[86.8134,27.4307],[86.8233,27.4397],[86.8376,27.4306],[86.8616,27.4351],[86.8737,27.4279],[86.8925,27.4346],[86.9085,27.4332],[86.9183,27.44],[86.9333,27.4412],[86.9426,27.4503],[86.9429,27.4603],[86.9466,27.4617],[86.9504,27.4748],[86.9654,27.4832],[86.9453,27.5089],[86.9504,27.5276],[86.9692,27.5413],[86.9677,27.5626],[86.9645,27.5681],[86.9559,27.5721],[86.9594,27.5889],[86.9562,27.6044],[86.9707,27.6326],[86.9862,27.646],[86.99,27.6587],[86.9899,27.6868],[86.9932,27.6948],[87.0007,27.6992],[87.01,27.7183],[87.0103,27.7266],[86.9978,27.7315],[86.9962,27.7419],[86.9814,27.75],[86.9855,27.7558],[86.9819,27.7751],[86.9887,27.7804],[86.9856,27.7911],[86.9961,27.7949],[87.0126,27.8145],[87.0004,27.8242],[86.9792,27.8256],[86.9922,27.8392],[86.9931,27.8467],[86.9811,27.8735],[86.9765,27.8771],[86.9758,27.895],[86.9695,27.9024],[86.9751,27.9147],[86.9836,27.9196],[86.9816,27.9351],[86.9858,27.9492]]]}},{"type":"Feature","properties":{"province":1,"provinceName":"Koshi","district":"Sunsari"},"geometry":{"type":"Polygon","coordinates":[[[87.35,26.8493],[87.336,26.855],[87.3263,26.8538],[87.3125,26.8705],[87.3042,26.8687],[87.2994,26.8746],[87.2586,26.8656],[87.2361,26.8784],[87.2185,26.863],[87.1879,26.8703],[87.1817,26.8768],[87.1687,26.8779],[87.1606,26.875],[87.1551,26.8689],[87.1521,26.8467],[87.1446,26.8351],[87.1467,26.8225],[87.1444,26.815],[87.1383,26.8092],[87.1294,26.7858],[87.1076,26.7545],[87.1011,26.7509],[87.0716,26.7502],[87.0665,26.7441],[87.0454,26.756],[87.0363,26.7497],[87.0278,26.737],[87.0271,26.7295],[87.0164,26.7219],[87.012,26.7076],[87.0164,26.6965],[87.017,26.6892],[87.0132,26.6837],[87.0159,26.6707],[87.0087,26.666],[87.0041,26.6551],[86.994,26.6498],[86.9879,26.6286],[86.9813,26.6249],[86.9919,26.6056],[86.985,26.586],[86.9948,26.5717],[86.9763,26.5577],[86.9661,26.5442],[86.9533,26.5369],[86.9357,26.5332],[86.9196,26.5129],[86.9187,26.5011],[86.9132,26.4987],[86.9065,26.488],[86.9323,26.4893],[86.9351,26.5165],[86.947,26.5168],[86.9491,26.5206],[86.9618,26.52],[86.9637,26.5235],[86.9775,26.5197],[86.9818,26.5248],[86.9933,26.5228],[87.0177,26.5318],[87.0448,26.568],[87.0471,26.587],[87.0742,26.5855],[87.0751,26.5416],[87.0823,26.5229],[87.094,26.45],[87.1415,26.4146],[87.1649,26.4037],[87.1915,26.4052],[87.189,26.4139],[87.2138,26.4128],[87.2135,26.409],[87.2216,26.4029],[87.2313,26.4134],[87.2476,26.4139],[87.245,26.4181],[87.2506,26.4315],[87.2467,26.442],[87.2495,26.4533],[87.2475,26.4648],[87.2411,26.4696],[87.2461,26.4754],[87.2477,26.4908],[87.255,26.5028],[87.2524,26.5111],[87.2567,26.5188],[87.253,26.5216],[87.25,26.5153],[87.2485,26.5208],[87.2579,26.529],[87.2565,26.5362],[87.2631,26.5337],[87.2624,26.5393],[87.2686,26.5484],[87.2748,26.5501],[87.2802,26.5587],[87.2864,26.5586],[87.2892,26.5718],[87.2936,26.5755],[87.2879,26.5927],[87.2917,26.5951],[87.2911,26.601],[87.2962,26.6087],[87.3033,26.6151],[87.3037,26.6292],[87.2967,26.6347],[87.2978,26.6385],[87.2914,26.6502],[87.2874,26.6515],[87.2875,26.6571],[87.2915,26.6696],[87.2964,26.6676],[87.3065,26.6763],[87.3166,26.7055],[87.3241,26.7113],[87.322,26.7157],[87.3276,26.7147],[87.3324,26.7283],[87.3372,26.7354],[87.3418,26.7362],[87.3409,26.7526],[87.3264,26.7743],[87.326,26.7866],[87.3518,26.8206],[87.3492,26.8249],[87.3564,26.8391],[87.35,26.8493]]]}},{"type":"Feature","properties":{"province":1,"provinceName":"Koshi","district":"Taplejung"},"geometry":{"type":"Polygon","coordinates":[[[88.0706,27.438],[88.0751,27.4452],[88.0671,27.4535],[88.0697,27.4576],[88.0466,27.4782],[88.0463,27.4957],[88.0642,27.5118],[88.06,27.5176],[88.0648,27.5257],[88.0698,27.5261],[88.0624,27.5312],[88.0618,27.5356],[88.0711,27.5461],[88.0718,27.5556],[88.0837,27.5646],[88.0778,27.5718],[88.0868,27.5885],[88.1163,27.6104],[88.1221,27.627],[88.1199,27.6295],[88.1227,27.6453],[88.1472,27.6654],[88.1514,27.6838],[88.1574,27.6904],[88.1501,27.7027],[88.158,27.7172],[88.1589,27.7363],[88.161,27.7406],[88.1728,27.7415],[88.1812,27.7468],[88.1793,27.758],[88.186,27.7659],[88.1839,27.7756],[88.2,27.7909],[88.1894,27.8013],[88.1879,27.8104],[88.1758,27.82],[88.19,27.825],[88.1972,27.8355],[88.2039,27.8372],[88.1993,27.8531],[88.1812,27.8564],[88.1668,27.8682],[88.1375,27.8815],[88.1291,27.8815],[88.115,27.8682],[88.0983,27.867],[88.0936,27.8712],[88.0921,27.8872],[88.0868,27.8953],[88.0746,27.8935],[88.0669,27.8861],[88.0607,27.8883],[88.0565,27.8967],[88.0327,27.9057],[88.0242,27.8964],[88.005,27.8979],[87.9874,27.8857],[87.9688,27.8932],[87.9587,27.9086],[87.9443,27.9096],[87.9348,27.9177],[87.9104,27.9167],[87.9018,27.9109],[87.8905,27.9099],[87.8793,27.9146],[87.8685,27.9105],[87.8629,27.9237],[87.8566,27.9285],[87.8619,27.9364],[87.8596,27.9477],[87.8496,27.9461],[87.8342,27.9526],[87.8273,27.9364],[87.8298,27.9306],[87.8273,27.9199],[87.8158,27.921],[87.8067,27.9087],[87.7872,27.8991],[87.7778,27.8768],[87.7812,27.8657],[87.7687,27.8593],[87.7565,27.8361],[87.7467,27.8353],[87.7364,27.8189],[87.739,27.8133],[87.7357,27.809],[87.7266,27.8051],[87.7109,27.8114],[87.6889,27.8121],[87.668,27.8066],[87.6799,27.7896],[87.6734,27.7804],[87.6742,27.7732],[87.6597,27.7614],[87.6663,27.75],[87.6579,27.739],[87.6438,27.7307],[87.6467,27.7269],[87.6404,27.7182],[87.6419,27.7098],[87.6252,27.7118],[87.6177,27.7043],[87.6153,27.6991],[87.619,27.6887],[87.6104,27.675],[87.6045,27.6737],[87.6026,27.6791],[87.5932,27.6811],[87.5823,27.6759],[87.5774,27.6825],[87.5772,27.6929],[87.5655,27.699],[87.5554,27.6876],[87.5483,27.6596],[87.5348,27.6519],[87.5423,27.6507],[87.5476,27.6379],[87.5373,27.6317],[87.5386,27.6238],[87.5309,27.607],[87.5319,27.5946],[87.5275,27.5926],[87.5153,27.5987],[87.5013,27.5809],[87.4923,27.5766],[87.4902,27.5693],[87.4844,27.5669],[87.4846,27.5547],[87.4898,27.5462],[87.4832,27.543],[87.4775,27.5269],[87.4789,27.5121],[87.4703,27.5057],[87.4723,27.4996],[87.469,27.4956],[87.4738,27.4864],[87.4612,27.4735],[87.4636,27.4464],[87.4587,27.4256],[87.447,27.4059],[87.4592,27.3864],[87.461,27.3713],[87.4691,27.3665],[87.4769,27.3571],[87.4822,27.343],[87.4951,27.3322],[87.5,27.3136],[87.5169,27.3058],[87.5191,27.2964],[87.5381,27.2909],[87.5457,27.2926],[87.555,27.2857],[87.6093,27.2833],[87.6539,27.2678],[87.6824,27.2707],[87.6908,27.2876],[87.6988,27.2911],[87.7119,27.2862],[87.7267,27.2858],[87.7344,27.2783],[87.7578,27.2807],[87.7835,27.2724],[87.7997,27.2766],[87.8107,27.2757],[87.8423,27.2859],[87.8552,27.2856],[87.8669,27.279],[87.8774,27.2796],[87.883,27.2839],[87.8868,27.2805],[87.8906,27.2837],[87.8932,27.2816],[87.897,27.2861],[87.9057,27.2863],[87.9198,27.2858],[87.927,27.2804],[87.9355,27.2832],[87.9414,27.2803],[87.953,27.2824],[87.962,27.2883],[87.9711,27.3004],[87.9766,27.3012],[87.9935,27.3238],[88.0062,27.3285],[88.0076,27.3366],[88.0201,27.3539],[88.0276,27.389],[88.0369,27.4089],[88.0527,27.4267],[88.0706,27.438]]]}},{"type":"Feature","properties":{"province":1,"provinceName":"Koshi","district":"Terhathum"},"geometry":{"type":"Polygon","coordinates":[[[87.6824,27.2707],[87.6539,27.2678],[87.6093,27.2833],[87.555,27.2857],[87.5457,27.2926],[87.5381,27.2909],[87.5218,27.2968],[87.4944,27.2686],[87.4821,27.2497],[87.4803,27.2367],[87.4702,27.2186],[87.4724,27.1973],[87.4542,27.1793],[87.4228,27.176],[87.4085,27.1556],[87.4119,27.1457],[87.4092,27.1358],[87.3972,27.1231],[87.3945,27.1022],[87.4036,27.0743],[87.4292,27.046],[87.433,27.0139],[87.4437,27.006],[87.4437,26.9914],[87.4389,26.9833],[87.4413,26.9708],[87.4519,26.9737],[87.4663,26.9677],[87.4713,26.9763],[87.4861,26.9752],[87.485,26.9803],[87.4889,26.9843],[87.5028,26.9836],[87.514,26.9903],[87.5444,27.0217],[87.542,27.0334],[87.5354,27.0347],[87.5396,27.0453],[87.5731,27.0696],[87.5737,27.0755],[87.5916,27.0993],[87.6107,27.1073],[87.6149,27.1122],[87.6368,27.1184],[87.6401,27.1237],[87.6471,27.1261],[87.6475,27.1324],[87.6657,27.1325],[87.6783,27.1421],[87.6947,27.1429],[87.7089,27.1504],[87.714,27.1575],[87.7136,27.1713],[87.7206,27.1873],[87.7472,27.1987],[87.754,27.2078],[87.7538,27.2178],[87.7262,27.2414],[87.6886,27.2616],[87.6824,27.2707]]]}},{"type":"Feature","properties":{"province":1,"provinceName":"Koshi","district":"Udayapur"},"geometry":{"type":"Polygon","coordinates":[[[86.4359,27.1488],[86.4297,27.1465],[86.4227,27.1497],[86.4192,27.1657],[86.4046,27.1701],[86.4025,27.1762],[86.3922,27.1796],[86.3761,27.1587],[86.3728,27.1507],[86.3767,27.1476],[86.3724,27.1462],[86.3703,27.1403],[86.3615,27.1391],[86.3579,27.143],[86.3474,27.1435],[86.3454,27.147],[86.339,27.1377],[86.3403,27.1335],[86.3375,27.1338],[86.339,27.1262],[86.3286,27.1106],[86.3088,27.1086],[86.3136,27.1026],[86.3255,27.0988],[86.3345,27.0995],[86.3436,27.1062],[86.365,27.0992],[86.3594,27.0939],[86.3607,27.0837],[86.3576,27.075],[86.3532,27.0695],[86.3494,27.0702],[86.3484,27.0659],[86.3532,27.0665],[86.3535,27.0613],[86.3657,27.0537],[86.3696,27.037],[86.385,27.0308],[86.3817,27.0311],[86.3764,27.023],[86.3765,27.007],[86.369,27],[86.3681,26.9813],[86.3561,26.9648],[86.3164,26.9629],[86.2989,26.952],[86.2858,26.9488],[86.2805,26.9341],[86.2627,26.9236],[86.2604,26.9125],[86.2558,26.911],[86.2486,26.9148],[86.2442,26.9052],[86.2266,26.9035],[86.2238,26.8883],[86.2183,26.8959],[86.206,26.8997],[86.2023,26.9052],[86.1892,26.9061],[86.1609,26.9257],[86.1598,26.9296],[86.1583,26.9186],[86.1631,26.914],[86.1709,26.9133],[86.1803,26.9001],[86.1879,26.8997],[86.1894,26.8943],[86.2298,26.8803],[86.2492,26.8635],[86.2736,26.8822],[86.2899,26.8864],[86.3128,26.8824],[86.3164,26.8787],[86.3432,26.8798],[86.3684,26.8722],[86.3873,26.9091],[86.4209,26.906],[86.4595,26.887],[86.4819,26.8882],[86.4798,26.8826],[86.4823,26.8707],[86.4904,26.8691],[86.4985,26.8563],[86.507,26.8559],[86.5078,26.8479],[86.5141,26.8462],[86.5149,26.8401],[86.5201,26.8429],[86.522,26.8312],[86.5396,26.8312],[86.5421,26.8351],[86.5491,26.8364],[86.5569,26.8306],[86.554,26.8241],[86.5559,26.8145],[86.5472,26.8059],[86.5483,26.8031],[86.543,26.7979],[86.538,26.7999],[86.5381,26.7955],[86.5325,26.7909],[86.5406,26.7874],[86.541,26.7827],[86.5506,26.7816],[86.56,26.7899],[86.5663,26.7907],[86.569,26.7806],[86.5803,26.7841],[86.5751,26.7679],[86.5712,26.7677],[86.5555,26.7458],[86.5763,26.7392],[86.5745,26.7219],[86.5857,26.7118],[86.5836,26.7078],[86.5892,26.6959],[86.604,26.6996],[86.6132,26.6887],[86.6187,26.6948],[86.6297,26.6896],[86.6362,26.6982],[86.6441,26.6979],[86.6519,26.6894],[86.659,26.6912],[86.6673,26.7041],[86.6714,26.7012],[86.6731,26.6931],[86.6872,26.6877],[86.7052,26.699],[86.7087,26.7068],[86.7207,26.7065],[86.7394,26.712],[86.7489,26.6968],[86.7556,26.6949],[86.7556,26.6859],[86.7621,26.6949],[86.7782,26.7023],[86.7838,26.7013],[86.8024,26.7123],[86.8167,26.7074],[86.8263,26.714],[86.84,26.7095],[86.8429,26.6914],[86.8486,26.6934],[86.8507,26.6909],[86.8532,26.6961],[86.8681,26.7003],[86.869,26.7096],[86.8737,26.7128],[86.8875,26.7118],[86.8916,26.7194],[86.9065,26.7317],[86.9059,26.7356],[86.9136,26.7396],[86.9111,26.7589],[86.9238,26.7662],[86.9303,26.7581],[86.9272,26.7496],[86.935,26.7404],[86.9513,26.7318],[86.9694,26.7354],[86.9763,26.7205],[86.9849,26.7151],[86.9866,26.7037],[86.993,26.6978],[86.9937,26.7025],[86.9983,26.7027],[87.0033,26.71],[87.0099,26.7085],[87.0134,26.7113],[87.0164,26.7219],[87.0271,26.7295],[87.0278,26.737],[87.0417,26.7544],[87.0456,26.756],[87.0665,26.7441],[87.0716,26.7502],[87.1063,26.7533],[87.1294,26.7858],[87.1383,26.8092],[87.1444,26.815],[87.1467,26.8225],[87.1446,26.8351],[87.1521,26.8467],[87.1549,26.8684],[87.1606,26.875],[87.1665,26.8758],[87.1711,26.8887],[87.1698,26.9027],[87.1512,26.9254],[87.1384,26.9271],[87.1181,26.9227],[87.1125,26.9176],[87.0958,26.9162],[87.095,26.9095],[87.0849,26.9119],[87.0682,26.907],[87.0623,26.9102],[87.0531,26.9021],[87.0441,26.907],[87.0417,26.9011],[87.0342,26.9031],[87.0165,26.8918],[87.0079,26.8915],[87.0053,26.8862],[86.9824,26.8959],[86.98,26.9062],[86.9697,26.9004],[86.9584,26.9043],[86.9426,26.9032],[86.9338,26.9074],[86.9169,26.8954],[86.8874,26.8982],[86.8702,26.8932],[86.8647,26.8948],[86.8557,26.888],[86.8409,26.8842],[86.8371,26.8748],[86.8077,26.8726],[86.8015,26.8776],[86.7872,26.8804],[86.7828,26.8872],[86.7741,26.885],[86.776,26.8966],[86.7709,26.9002],[86.7633,26.9238],[86.7669,26.9574],[86.7633,26.97],[86.7572,26.9747],[86.7559,27.0058],[86.7506,27.0119],[86.7494,27.0245],[86.7292,27.0391],[86.7224,27.0618],[86.7127,27.0673],[86.7133,27.0728],[86.701,27.0861],[86.7004,27.0943],[86.6927,27.102],[86.6808,27.1068],[86.6712,27.1197],[86.6427,27.1327],[86.6079,27.1394],[86.5837,27.1521],[86.5356,27.1348],[86.5181,27.1144],[86.5048,27.1142],[86.4943,27.1044],[86.4862,27.1093],[86.4774,27.1021],[86.4682,27.102],[86.4618,27.1053],[86.4621,27.1173],[86.4513,27.1248],[86.4483,27.1321],[86.4323,27.1304],[86.4287,27.1332],[86.4402,27.1445],[86.4359,27.1488]]]}},{"type":"Feature","properties":{"province":2,"provinceName":"Madhesh","district":"Bara"},"geometry":{"type":"Polygon","coordinates":[[[85.1831,27.2543],[85.1745,27.2541],[85.1695,27.2601],[85.1582,27.2618],[85.1475,27.2727],[85.147,27.2827],[85.139,27.2899],[85.1286,27.2926],[85.1194,27.3172],[85.1063,27.3198],[85.0971,27.3322],[85.0936,27.3563],[85.0888,27.3609],[85.0727,27.3641],[85.0695,27.3601],[85.0677,27.3624],[85.0637,27.3602],[85.0584,27.3654],[85.0387,27.3571],[85.0342,27.3603],[85.0268,27.3584],[85.0232,27.3565],[85.0237,27.3518],[85.0154,27.3551],[85.0062,27.3526],[85.0014,27.3651],[84.9978,27.3655],[84.9824,27.3613],[84.9796,27.3558],[84.9717,27.356],[84.9692,27.351],[84.9663,27.3333],[84.9712,27.3194],[84.9697,27.3124],[84.9647,27.3124],[84.9609,27.3074],[84.9598,27.3],[84.9649,27.2841],[84.9744,27.2713],[84.9751,27.2636],[84.9674,27.2441],[84.9621,27.1962],[84.9554,27.1907],[84.9469,27.1637],[84.9486,27.1597],[84.9528,27.1612],[84.9515,27.156],[84.9547,27.1515],[84.949,27.1409],[84.9574,27.1347],[84.9572,27.1266],[84.9536,27.1187],[84.9438,27.1111],[84.9408,27.1038],[84.9425,27.0929],[84.9305,27.0894],[84.9264,27.0835],[84.9297,27.0833],[84.9309,27.0766],[84.9383,27.0743],[84.938,27.0707],[84.9332,27.0684],[84.9197,27.0723],[84.9022,27.0456],[84.9043,27.0395],[84.9017,27.0329],[84.9195,27.0341],[84.9122,27.0218],[84.9135,27.0179],[84.8828,26.9891],[84.8763,26.9865],[84.8694,26.9886],[84.8684,26.9835],[84.8908,26.9772],[84.8947,26.9692],[84.8942,26.9719],[84.8982,26.9727],[84.9127,26.9676],[84.9324,26.9683],[84.9555,26.9595],[84.9645,26.9602],[84.9805,26.94],[84.977,26.9393],[84.9804,26.9356],[84.9725,26.9289],[84.9741,26.9217],[84.9699,26.9159],[85.0017,26.9119],[85.0044,26.9031],[84.998,26.9064],[84.9949,26.9026],[85.0061,26.8948],[85.0622,26.8869],[85.0574,26.8812],[85.056,26.8845],[85.0506,26.8849],[85.0547,26.8814],[85.0453,26.8794],[85.0439,26.8743],[85.0397,26.8778],[85.0383,26.8748],[85.0315,26.875],[85.0324,26.8674],[85.0288,26.8662],[85.031,26.859],[85.0242,26.8546],[85.0596,26.8489],[85.0598,26.8557],[85.063,26.8536],[85.0645,26.8576],[85.0669,26.8566],[85.0638,26.8536],[85.0662,26.8494],[85.0687,26.8537],[85.0804,26.8555],[85.0805,26.8585],[85.0894,26.8526],[85.0866,26.8552],[85.0916,26.8593],[85.0889,26.8671],[85.0983,26.8668],[85.1017,26.8708],[85.1134,26.8722],[85.1364,26.8675],[85.1422,26.8709],[85.1786,26.8689],[85.1679,26.8782],[85.1753,26.8786],[85.1706,26.8892],[85.1654,26.8887],[85.1665,26.8922],[85.1777,26.8933],[85.173,26.8993],[85.1783,26.9008],[85.1793,26.9068],[85.1722,26.9198],[85.1804,26.9229],[85.1816,26.929],[85.1808,26.9321],[85.1751,26.9312],[85.1662,26.938],[85.1666,26.9419],[85.176,26.9427],[85.1778,26.9472],[85.1707,26.9542],[85.1745,26.9766],[85.1658,26.9802],[85.1798,27.0029],[85.1891,27.0071],[85.185,27.0183],[85.1969,27.0213],[85.2004,27.0276],[85.194,27.033],[85.1815,27.0331],[85.1795,27.0373],[85.2028,27.0389],[85.2027,27.0418],[85.1968,27.0428],[85.2002,27.0471],[85.1987,27.0502],[85.1905,27.0468],[85.1854,27.0495],[85.1947,27.0648],[85.1994,27.0629],[85.2027,27.0654],[85.1965,27.0772],[85.2047,27.0833],[85.1994,27.1072],[85.2068,27.1158],[85.2335,27.1339],[85.234,27.1451],[85.2486,27.1587],[85.2536,27.1898],[85.2676,27.2131],[85.2645,27.2208],[85.2732,27.2256],[85.26,27.2289],[85.2538,27.2447],[85.2452,27.2484],[85.2338,27.2431],[85.2114,27.2449],[85.2038,27.25],[85.1947,27.2448],[85.1795,27.2493],[85.1831,27.2543]]]}},{"type":"Feature","properties":{"province":2,"provinceName":"Madhesh","district":"Dhanusha"},"geometry":{"type":"Polygon","coordinates":[[[85.9261,27.1265],[85.9092,27.1335],[85.9032,27.1266],[85.9222,27.1056],[85.9392,27.0965],[85.9409,27.0876],[85.9372,27.0766],[85.9476,27.0605],[85.9346,27.0429],[85.9191,27.0426],[85.9163,27.0374],[85.9253,27.0356],[85.9293,27.0285],[85.9138,27.0078],[85.916,26.9909],[85.9086,26.9606],[85.9201,26.9588],[85.9196,26.95],[85.9152,26.9225],[85.9071,26.9152],[85.9012,26.8925],[85.9027,26.885],[85.8974,26.8773],[85.8993,26.8732],[85.9091,26.87],[85.919,26.871],[85.9221,26.8459],[85.9146,26.8061],[85.9111,26.805],[85.911,26.785],[85.903,26.7805],[85.9001,26.7682],[85.8948,26.7622],[85.8847,26.7596],[85.8817,26.7458],[85.8912,26.7375],[85.8907,26.7304],[85.8959,26.7208],[85.8892,26.6976],[85.8974,26.6869],[85.9088,26.6805],[85.906,26.6712],[85.8993,26.6683],[85.9083,26.664],[85.9081,26.6556],[85.8853,26.6408],[85.8819,26.635],[85.8774,26.6367],[85.8716,26.6281],[85.8654,26.6273],[85.8644,26.618],[85.8572,26.6186],[85.8545,26.6149],[85.8531,26.6105],[85.857,26.61],[85.8549,26.6039],[85.8601,26.5895],[85.8506,26.5766],[85.8514,26.5686],[85.8584,26.5717],[85.8608,26.5686],[85.8818,26.5835],[85.8901,26.5829],[85.894,26.5941],[85.903,26.5947],[85.9027,26.6001],[85.9154,26.6042],[85.9162,26.6086],[85.9295,26.6093],[85.9308,26.6162],[85.935,26.6132],[85.9403,26.6159],[85.9426,26.6129],[85.9503,26.6132],[85.9485,26.6209],[85.9579,26.6303],[85.9556,26.6436],[85.9628,26.6512],[85.9699,26.6516],[85.9782,26.6579],[86.0121,26.6536],[86.0142,26.6593],[86.0293,26.6664],[86.0703,26.6576],[86.0763,26.6494],[86.1217,26.6297],[86.1407,26.6287],[86.1433,26.6163],[86.1384,26.6062],[86.1448,26.6047],[86.1575,26.625],[86.1534,26.6375],[86.1688,26.6393],[86.1724,26.6519],[86.1848,26.6545],[86.1907,26.6628],[86.1988,26.6664],[86.2025,26.6849],[86.1953,26.6982],[86.1953,26.712],[86.1856,26.7225],[86.1769,26.7481],[86.1623,26.7513],[86.15,26.7705],[86.1469,26.7873],[86.1547,26.8012],[86.1573,26.8206],[86.1517,26.8307],[86.1575,26.8447],[86.1553,26.8517],[86.1473,26.8551],[86.1422,26.8637],[86.1439,26.8704],[86.1334,26.8911],[86.1367,26.8978],[86.1349,26.9146],[86.1459,26.9268],[86.1595,26.935],[86.1609,26.9257],[86.1912,26.905],[86.2023,26.9052],[86.206,26.8997],[86.2183,26.8959],[86.2233,26.8882],[86.2264,26.8907],[86.2245,26.8999],[86.2269,26.9037],[86.2442,26.9052],[86.2486,26.9148],[86.2558,26.911],[86.2609,26.913],[86.2603,26.928],[86.2432,26.94],[86.2369,26.9499],[86.229,26.9492],[86.2126,26.9652],[86.201,26.9702],[86.1939,26.9782],[86.1896,26.9771],[86.1899,26.9821],[86.1082,27.0151],[86.0915,27.0188],[86.0576,27.0179],[86.0499,27.0211],[86.0145,27.0184],[85.9938,27.0246],[85.9732,27.0506],[85.9643,27.0795],[85.9523,27.0837],[85.9533,27.0875],[85.9464,27.0918],[85.9382,27.1099],[85.9404,27.1211],[85.9261,27.1265]]]}},{"type":"Feature","properties":{"province":2,"provinceName":"Madhesh","district":"Mahottari"},"geometry":{"type":"Polygon","coordinates":[[[85.9079,27.1335],[85.8852,27.1461],[85.8643,27.1271],[85.856,27.1376],[85.8379,27.1469],[85.8459,27.1596],[85.8281,27.1681],[85.8134,27.1565],[85.8129,27.1508],[85.8016,27.1391],[85.7958,27.1375],[85.7947,27.1293],[85.7999,27.1231],[85.7932,27.1178],[85.8,27.1141],[85.7945,27.1059],[85.7987,27.1077],[85.8033,27.1048],[85.8012,27.0992],[85.7968,27.0998],[85.7998,27.0943],[85.7888,27.0922],[85.7832,27.0721],[85.7673,27.0535],[85.7598,27.0496],[85.75,27.0342],[85.7419,27.009],[85.7414,26.9923],[85.736,26.9858],[85.7376,26.9793],[85.7329,26.9634],[85.7217,26.9467],[85.7199,26.9345],[85.7136,26.9317],[85.7157,26.9251],[85.7093,26.9238],[85.7138,26.9206],[85.7079,26.9197],[85.7137,26.9115],[85.7095,26.9106],[85.7075,26.9054],[85.712,26.9039],[85.7,26.8963],[85.6971,26.8844],[85.6902,26.8814],[85.6913,26.8721],[85.6862,26.8728],[85.6785,26.8641],[85.6825,26.843],[85.723,26.8203],[85.7367,26.7956],[85.7374,26.7777],[85.731,26.7497],[85.7364,26.7371],[85.7321,26.7343],[85.7337,26.7303],[85.7305,26.7294],[85.7318,26.7249],[85.7282,26.7206],[85.7302,26.7175],[85.7256,26.6869],[85.7277,26.6701],[85.7387,26.6638],[85.7345,26.6536],[85.7506,26.6386],[85.7716,26.6296],[85.8037,26.624],[85.8056,26.6146],[85.8198,26.6024],[85.8329,26.6013],[85.8335,26.611],[85.8528,26.6084],[85.8549,26.6039],[85.857,26.61],[85.8533,26.61],[85.8545,26.6149],[85.8572,26.6186],[85.8645,26.6181],[85.8654,26.6273],[85.8716,26.6281],[85.8774,26.6367],[85.8819,26.635],[85.8901,26.6443],[85.9078,26.6534],[85.9083,26.664],[85.8993,26.6683],[85.906,26.6712],[85.9088,26.6805],[85.8974,26.6869],[85.8892,26.6976],[85.8959,26.7208],[85.8907,26.7304],[85.8912,26.7375],[85.8817,26.7458],[85.8821,26.7519],[85.8847,26.7596],[85.8948,26.7622],[85.9001,26.7682],[85.903,26.7805],[85.911,26.785],[85.9111,26.805],[85.9146,26.8061],[85.9221,26.8459],[85.919,26.871],[85.9091,26.87],[85.8993,26.8732],[85.8974,26.8773],[85.9027,26.885],[85.9012,26.8925],[85.9071,26.9152],[85.9152,26.9225],[85.9196,26.95],[85.9201,26.9588],[85.9086,26.9606],[85.916,26.9909],[85.9138,27.0078],[85.9293,27.0285],[85.9253,27.0356],[85.9163,27.0374],[85.9191,27.0426],[85.9346,27.0429],[85.9476,27.0605],[85.9372,27.0766],[85.9409,27.0876],[85.9395,27.096],[85.9222,27.1056],[85.9081,27.1192],[85.9032,27.1266],[85.9079,27.1335]]]}},{"type":"Feature","properties":{"province":2,"provinceName":"Madhesh","district":"Parsa"},"geometry":{"type":"Polygon","coordinates":[[[84.6669,27.4292],[84.6639,27.4328],[84.6489,27.429],[84.6449,27.4429],[84.6371,27.4442],[84.6304,27.4506],[84.609,27.4541],[84.6034,27.4509],[84.5874,27.4562],[84.578,27.4537],[84.5752,27.4586],[84.5638,27.4628],[84.5599,27.4586],[84.5584,27.4421],[84.55,27.4265],[84.5505,27.4178],[84.5439,27.4192],[84.5346,27.4142],[84.5484,27.4079],[84.5489,27.4041],[84.5367,27.401],[84.5418,27.3856],[84.5326,27.3808],[84.522,27.3838],[84.5062,27.3809],[84.5039,27.3763],[84.4977,27.3765],[84.4899,27.3711],[84.486,27.3659],[84.488,27.3583],[84.5679,27.3472],[84.6099,27.3352],[84.6245,27.3361],[84.6452,27.306],[84.6874,27.2262],[84.6917,27.2233],[84.6931,27.2148],[84.6868,27.2127],[84.6894,27.2087],[84.6827,27.2004],[84.6857,27.1959],[84.6814,27.1854],[84.6875,27.1803],[84.6837,27.1798],[84.6859,27.1777],[84.6774,27.1707],[84.6831,27.1686],[84.6791,27.1623],[84.6889,27.1583],[84.6825,27.1518],[84.6857,27.1432],[84.6795,27.1331],[84.6791,27.1149],[84.672,27.1099],[84.673,27.107],[84.677,27.1085],[84.6769,27.0965],[84.6721,27.0979],[84.6697,27.0933],[84.6669,27.0944],[84.6725,27.0907],[84.6682,27.0874],[84.6654,27.089],[84.667,27.0861],[84.66,27.0823],[84.6573,27.0841],[84.6604,27.0793],[84.6552,27.0805],[84.6552,27.0774],[84.6485,27.0753],[84.6451,27.0596],[84.6485,27.0511],[84.6453,27.0507],[84.6449,27.0462],[84.7036,27.0268],[84.7234,27.0141],[84.7319,27.0147],[84.7588,27.0026],[84.7752,27.0176],[84.7848,27.0139],[84.7864,27.0078],[84.788,27.0107],[84.791,27.0087],[84.7885,26.9983],[84.7931,26.9994],[84.7957,26.9955],[84.7993,27.0039],[84.8023,27.0004],[84.8105,27.0075],[84.8089,27.0103],[84.8131,27.0136],[84.8091,27.0144],[84.8112,27.018],[84.8146,27.0156],[84.8139,27.0203],[84.8156,27.0179],[84.8278,27.0207],[84.8569,27.008],[84.8523,26.998],[84.86,26.9974],[84.8583,26.9863],[84.8612,26.9889],[84.8684,26.9835],[84.8694,26.9886],[84.8763,26.9865],[84.8825,26.9889],[84.9135,27.0179],[84.9122,27.0218],[84.9195,27.0341],[84.9017,27.0329],[84.9043,27.0395],[84.9022,27.0456],[84.9197,27.0723],[84.9332,27.0684],[84.938,27.0707],[84.9383,27.0743],[84.9309,27.0766],[84.9297,27.0833],[84.9264,27.0835],[84.9305,27.0894],[84.9425,27.0929],[84.9408,27.1038],[84.9438,27.1111],[84.9536,27.1187],[84.9572,27.1266],[84.9574,27.1347],[84.949,27.1409],[84.9547,27.1515],[84.9515,27.156],[84.9528,27.1612],[84.9486,27.1597],[84.9469,27.1637],[84.9554,27.1907],[84.9621,27.1962],[84.9674,27.2441],[84.9751,27.2636],[84.9744,27.2713],[84.9649,27.2841],[84.9598,27.3],[84.9647,27.3124],[84.9699,27.3129],[84.9712,27.3197],[84.9662,27.3366],[84.9717,27.356],[84.9664,27.3634],[84.9589,27.3589],[84.9558,27.3664],[84.947,27.36],[84.9431,27.3655],[84.9284,27.3639],[84.9239,27.3704],[84.9103,27.3771],[84.9037,27.3743],[84.8987,27.3854],[84.8921,27.3891],[84.884,27.3878],[84.8808,27.3961],[84.8737,27.399],[84.8539,27.3984],[84.8498,27.4084],[84.8359,27.4175],[84.8187,27.419],[84.8123,27.4157],[84.8115,27.4241],[84.7931,27.4375],[84.7848,27.4347],[84.7766,27.4386],[84.7575,27.4355],[84.7455,27.4418],[84.7282,27.4444],[84.7212,27.431],[84.7071,27.4328],[84.6669,27.4292]]]}},{"type":"Feature","properties":{"province":2,"provinceName":"Madhesh","district":"Rautahat"},"geometry":{"type":"Polygon","coordinates":[[[85.303,27.2302],[85.2953,27.2326],[85.2742,27.229],[85.2648,27.2214],[85.2676,27.2131],[85.2536,27.1898],[85.2481,27.1578],[85.234,27.1451],[85.2335,27.1339],[85.2068,27.1158],[85.1994,27.1072],[85.2047,27.0833],[85.1965,27.0772],[85.2027,27.0654],[85.1994,27.0629],[85.1947,27.0648],[85.1854,27.0495],[85.1905,27.0468],[85.1987,27.0502],[85.2002,27.0471],[85.1968,27.0428],[85.2032,27.0402],[85.1795,27.0373],[85.1815,27.0331],[85.194,27.033],[85.2004,27.0276],[85.1969,27.0213],[85.185,27.0183],[85.1891,27.0071],[85.1798,27.0029],[85.1658,26.9802],[85.1745,26.9766],[85.1707,26.9542],[85.1778,26.9472],[85.176,26.9427],[85.1666,26.9419],[85.1662,26.938],[85.1751,26.9312],[85.1808,26.9321],[85.1816,26.929],[85.1804,26.9229],[85.1722,26.9198],[85.1793,26.9068],[85.1783,26.9008],[85.173,26.8993],[85.1777,26.8933],[85.1665,26.8922],[85.1654,26.8887],[85.1704,26.8894],[85.1753,26.879],[85.1678,26.8789],[85.171,26.8739],[85.1786,26.8689],[85.1921,26.8698],[85.1948,26.8665],[85.1934,26.8309],[85.1792,26.8149],[85.179,26.8094],[85.1847,26.8006],[85.1829,26.7951],[85.1956,26.7903],[85.197,26.7841],[85.1939,26.7815],[85.1993,26.7697],[85.2081,26.7612],[85.214,26.7576],[85.2425,26.7616],[85.2625,26.7549],[85.3089,26.7519],[85.3284,26.7443],[85.3342,26.7507],[85.3355,26.76],[85.3535,26.7614],[85.348,26.7664],[85.348,26.7751],[85.332,26.7767],[85.3396,26.7798],[85.3434,26.7865],[85.3241,26.804],[85.3378,26.8334],[85.3515,26.8365],[85.3551,26.8414],[85.3547,26.8491],[85.3457,26.8545],[85.3447,26.8589],[85.382,26.8805],[85.3927,26.8803],[85.3978,26.8921],[85.3884,26.919],[85.401,26.9402],[85.3998,26.9501],[85.4031,26.9543],[85.3982,26.9698],[85.404,26.9784],[85.3991,26.9938],[85.3909,27.0008],[85.3882,27.0083],[85.3905,27.0139],[85.3979,27.0195],[85.4047,27.034],[85.4133,27.0362],[85.4177,27.0492],[85.4257,27.0523],[85.4267,27.062],[85.4361,27.0669],[85.4338,27.0791],[85.4367,27.0891],[85.4451,27.0902],[85.4516,27.1007],[85.471,27.1145],[85.4748,27.1271],[85.4905,27.1386],[85.4944,27.1605],[85.5062,27.1643],[85.5018,27.1674],[85.5057,27.1723],[85.5032,27.1755],[85.4825,27.1626],[85.4595,27.1658],[85.4548,27.1686],[85.4556,27.1774],[85.4504,27.1865],[85.4388,27.187],[85.4289,27.1928],[85.4205,27.1898],[85.4115,27.1967],[85.4011,27.1965],[85.3957,27.2101],[85.3874,27.2071],[85.3788,27.2118],[85.3619,27.2105],[85.351,27.2219],[85.3399,27.2195],[85.3146,27.2303],[85.303,27.2302]]]}},{"type":"Feature","properties":{"province":2,"provinceName":"Madhesh","district":"Saptari"},"geometry":{"type":"Polygon","coordinates":[[[87.0124,26.7105],[87.0033,26.71],[86.9983,26.7027],[86.9937,26.7025],[86.993,26.6978],[86.9866,26.7037],[86.9849,26.7151],[86.9763,26.7205],[86.9694,26.7354],[86.9513,26.7318],[86.935,26.7404],[86.9272,26.7496],[86.9303,26.7581],[86.9238,26.7662],[86.9111,26.7589],[86.9136,26.7396],[86.9059,26.7356],[86.9065,26.7317],[86.8916,26.7194],[86.8875,26.7118],[86.8737,26.7128],[86.869,26.7096],[86.8681,26.7003],[86.8532,26.6961],[86.8507,26.6909],[86.8486,26.6934],[86.8429,26.6914],[86.84,26.7095],[86.8263,26.714],[86.8167,26.7074],[86.8024,26.7123],[86.7838,26.7013],[86.7782,26.7023],[86.7621,26.6949],[86.7556,26.6859],[86.7556,26.6949],[86.7489,26.6968],[86.7394,26.712],[86.7207,26.7065],[86.7087,26.7068],[86.7052,26.699],[86.6872,26.6877],[86.6731,26.6931],[86.6714,26.7012],[86.6673,26.7041],[86.659,26.6912],[86.6513,26.6895],[86.6446,26.6977],[86.6362,26.6982],[86.6297,26.6896],[86.6187,26.6948],[86.6129,26.6887],[86.604,26.6996],[86.5888,26.6961],[86.5836,26.7078],[86.5857,26.7118],[86.5745,26.7219],[86.5763,26.7392],[86.5555,26.7458],[86.5712,26.7677],[86.5751,26.7679],[86.5803,26.7841],[86.569,26.7806],[86.5663,26.7907],[86.56,26.7899],[86.5501,26.7815],[86.5403,26.7829],[86.5406,26.7874],[86.5337,26.7885],[86.5275,26.7847],[86.5258,26.7647],[86.5225,26.7602],[86.5302,26.7509],[86.5309,26.7444],[86.5137,26.737],[86.5049,26.7231],[86.5125,26.698],[86.5092,26.6913],[86.5114,26.682],[86.5061,26.6676],[86.501,26.6634],[86.5008,26.6572],[86.5067,26.6516],[86.5084,26.6326],[86.5145,26.623],[86.5119,26.6062],[86.5153,26.6017],[86.4971,26.579],[86.4988,26.5603],[86.4883,26.5495],[86.5011,26.5416],[86.5181,26.5389],[86.5262,26.5432],[86.5442,26.5382],[86.5528,26.5302],[86.5533,26.5243],[86.5577,26.5217],[86.557,26.5158],[86.5723,26.4964],[86.6234,26.4839],[86.6319,26.4775],[86.6298,26.4667],[86.6326,26.4683],[86.636,26.4641],[86.6401,26.4659],[86.6959,26.4508],[86.7022,26.437],[86.7225,26.4345],[86.7289,26.4246],[86.7329,26.4256],[86.7321,26.4221],[86.7496,26.4284],[86.7464,26.4346],[86.7555,26.4417],[86.756,26.4461],[86.7665,26.4509],[86.765,26.4555],[86.7687,26.459],[86.8313,26.4398],[86.8363,26.4388],[86.8404,26.4422],[86.845,26.4398],[86.8495,26.442],[86.8483,26.4479],[86.8585,26.4482],[86.8634,26.4572],[86.8754,26.4537],[86.887,26.461],[86.8964,26.4617],[86.8941,26.4858],[86.9065,26.488],[86.9132,26.4987],[86.9187,26.5011],[86.9192,26.5121],[86.9289,26.5262],[86.9361,26.5334],[86.9533,26.5369],[86.9661,26.5442],[86.9763,26.5577],[86.9948,26.5717],[86.985,26.586],[86.9919,26.6056],[86.9813,26.6249],[86.9879,26.6286],[86.994,26.6498],[87.0041,26.6551],[87.0087,26.666],[87.0159,26.6707],[87.0132,26.6837],[87.017,26.6899],[87.0124,26.7105]]]}},{"type":"Feature","properties":{"province":2,"provinceName":"Madhesh","district":"Sarlahi"},"geometry":{"type":"Polygon","coordinates":[[[85.8182,27.161],[85.7963,27.168],[85.7717,27.1819],[85.7259,27.1949],[85.7191,27.1875],[85.6972,27.1838],[85.684,27.169],[85.6734,27.1662],[85.6491,27.1443],[85.632,27.1371],[85.6251,27.1404],[85.6073,27.1393],[85.6023,27.1433],[85.597,27.1403],[85.583,27.1436],[85.5732,27.1368],[85.5712,27.1432],[85.5558,27.1465],[85.552,27.1454],[85.5539,27.1402],[85.5491,27.1403],[85.5389,27.1485],[85.5331,27.1407],[85.523,27.1406],[85.5029,27.1433],[85.4918,27.1543],[85.4905,27.1386],[85.4761,27.1287],[85.474,27.1188],[85.4658,27.1092],[85.4516,27.1007],[85.4451,27.0902],[85.4367,27.0891],[85.4338,27.0791],[85.4361,27.0669],[85.4262,27.0614],[85.4257,27.0523],[85.4177,27.0492],[85.4125,27.0355],[85.4047,27.034],[85.4021,27.0255],[85.3882,27.0083],[85.4036,26.9835],[85.4038,26.9776],[85.3982,26.9698],[85.4031,26.9543],[85.3998,26.9501],[85.401,26.9402],[85.3884,26.919],[85.3978,26.8921],[85.3927,26.8803],[85.382,26.8805],[85.3447,26.8589],[85.3457,26.8545],[85.3547,26.8491],[85.3551,26.8414],[85.3515,26.8365],[85.3378,26.8334],[85.3241,26.804],[85.3434,26.7865],[85.3396,26.7798],[85.332,26.7767],[85.348,26.7751],[85.348,26.7664],[85.3535,26.7614],[85.3355,26.76],[85.3342,26.7507],[85.3284,26.7443],[85.3368,26.7412],[85.3638,26.7628],[85.3721,26.7579],[85.3775,26.7604],[85.3865,26.7739],[85.3992,26.7776],[85.41,26.791],[85.4277,26.7856],[85.4351,26.7898],[85.4543,26.781],[85.4793,26.7917],[85.4821,26.8021],[85.4981,26.7967],[85.5,26.8118],[85.5097,26.8165],[85.5221,26.8141],[85.5452,26.8381],[85.5557,26.834],[85.5599,26.8437],[85.568,26.8407],[85.5776,26.8608],[85.5804,26.8561],[85.586,26.8579],[85.5874,26.8469],[85.6092,26.857],[85.6257,26.8733],[85.6367,26.8719],[85.6446,26.853],[85.6825,26.843],[85.6785,26.8641],[85.6862,26.8728],[85.6913,26.8721],[85.6902,26.8814],[85.6971,26.8844],[85.7,26.8963],[85.712,26.9039],[85.7075,26.9054],[85.7095,26.9106],[85.7137,26.9115],[85.7079,26.9197],[85.7138,26.9206],[85.7093,26.9238],[85.7157,26.9251],[85.7136,26.9317],[85.7199,26.9345],[85.7217,26.9467],[85.7329,26.9634],[85.7376,26.9793],[85.736,26.9858],[85.7414,26.9923],[85.7419,27.009],[85.75,27.0342],[85.7598,27.0496],[85.7673,27.0535],[85.7832,27.0721],[85.7888,27.0922],[85.7998,27.0943],[85.7968,27.0998],[85.8012,27.0992],[85.8033,27.1048],[85.7987,27.1077],[85.7945,27.1059],[85.8,27.1141],[85.7932,27.1178],[85.7999,27.1231],[85.7947,27.1293],[85.7955,27.137],[85.8125,27.1503],[85.8182,27.161]]]}},{"type":"Feature","properties":{"province":2,"provinceName":"Madhesh","district":"Siraha"},"geometry":{"type":"Polygon","coordinates":[[[86.5337,26.7885],[86.538,26.7999],[86.543,26.7979],[86.5559,26.8145],[86.554,26.8241],[86.5569,26.8306],[86.5491,26.8364],[86.5421,26.8351],[86.5396,26.8312],[86.522,26.8312],[86.5201,26.8429],[86.5149,26.8401],[86.5141,26.8462],[86.5078,26.8479],[86.507,26.8559],[86.4985,26.8563],[86.4904,26.8691],[86.4823,26.8707],[86.4798,26.8826],[86.4819,26.8882],[86.4595,26.887],[86.4209,26.906],[86.3873,26.9091],[86.3684,26.8722],[86.3432,26.8798],[86.3164,26.8787],[86.3128,26.8824],[86.2899,26.8864],[86.2736,26.8822],[86.2492,26.8635],[86.2298,26.8803],[86.1894,26.8943],[86.1867,26.9004],[86.1808,26.8997],[86.1709,26.9133],[86.1592,26.9171],[86.1611,26.934],[86.1546,26.9338],[86.1358,26.9164],[86.1342,26.9092],[86.1367,26.8978],[86.1334,26.8911],[86.1439,26.8704],[86.1422,26.8637],[86.1473,26.8551],[86.1553,26.8517],[86.1575,26.8447],[86.1517,26.8307],[86.1573,26.8206],[86.1547,26.8012],[86.1469,26.7866],[86.1501,26.7702],[86.1596,26.7544],[86.1649,26.7498],[86.1773,26.7474],[86.1856,26.7225],[86.1953,26.712],[86.1953,26.6982],[86.2025,26.6844],[86.1988,26.6664],[86.1907,26.6628],[86.1848,26.6545],[86.1724,26.6519],[86.1688,26.6393],[86.1534,26.6375],[86.1576,26.6256],[86.1489,26.6084],[86.1739,26.6168],[86.1762,26.6136],[86.1946,26.6144],[86.1963,26.6115],[86.1925,26.6115],[86.1979,26.6074],[86.198,26.5941],[86.2075,26.5964],[86.2196,26.5881],[86.2337,26.5928],[86.2368,26.5905],[86.2371,26.5979],[86.2456,26.6025],[86.2462,26.608],[86.2507,26.6083],[86.2545,26.6168],[86.2556,26.6145],[86.2784,26.617],[86.2952,26.6129],[86.3102,26.6197],[86.3349,26.6188],[86.3472,26.6164],[86.3413,26.6082],[86.3433,26.6057],[86.3993,26.5932],[86.3973,26.5848],[86.4579,26.5678],[86.4883,26.5495],[86.4988,26.5603],[86.4971,26.579],[86.5153,26.6017],[86.5119,26.6062],[86.5145,26.623],[86.5084,26.6326],[86.5067,26.6516],[86.5008,26.6572],[86.501,26.6634],[86.5061,26.6676],[86.5114,26.682],[86.5092,26.6913],[86.5125,26.698],[86.5049,26.7231],[86.5137,26.737],[86.5309,26.7444],[86.5302,26.7509],[86.5225,26.7602],[86.5258,26.7647],[86.5275,26.7847],[86.5337,26.7885]]]}},{"type":"Feature","properties":{"province":3,"provinceName":"Bagmati","district":"Bhaktapur"},"geometry":{"type":"Polygon","coordinates":[[[85.5274,27.7254],[85.5143,27.7276],[85.4775,27.7155],[85.471,27.7204],[85.4586,27.7196],[85.4416,27.7278],[85.4243,27.7238],[85.4226,27.7198],[85.4171,27.7198],[85.4173,27.7163],[85.4127,27.7172],[85.4142,27.7117],[85.3979,27.7008],[85.3909,27.7018],[85.3918,27.6969],[85.3875,27.6964],[85.3871,27.6924],[85.3782,27.6945],[85.3781,27.6908],[85.3741,27.6923],[85.3635,27.6822],[85.3593,27.6824],[85.3543,27.6677],[85.3633,27.6689],[85.3658,27.6649],[85.3633,27.6609],[85.3715,27.6606],[85.372,27.6543],[85.3868,27.6488],[85.3957,27.6352],[85.4066,27.6322],[85.4204,27.6198],[85.4308,27.6245],[85.4385,27.623],[85.4563,27.6369],[85.465,27.6251],[85.4797,27.645],[85.4836,27.6421],[85.4957,27.6521],[85.4939,27.6578],[85.5055,27.6893],[85.5094,27.6928],[85.5236,27.6941],[85.5218,27.7183],[85.5274,27.7254]]]}},{"type":"Feature","properties":{"province":3,"provinceName":"Bagmati","district":"Chitawan"},"geometry":{"type":"Polygon","coordinates":[[[84.6679,27.8251],[84.6631,27.8293],[84.6662,27.8404],[84.6626,27.8493],[84.6491,27.8535],[84.6505,27.8598],[84.6377,27.8601],[84.636,27.8687],[84.6301,27.8714],[84.629,27.8779],[84.622,27.8803],[84.6103,27.8713],[84.5929,27.8796],[84.5827,27.8742],[84.5756,27.8612],[84.5609,27.8577],[84.5573,27.8356],[84.5478,27.8315],[84.5241,27.8321],[84.5189,27.8158],[84.4723,27.824],[84.4675,27.8239],[84.4671,27.8187],[84.4472,27.8227],[84.4343,27.8121],[84.4331,27.7873],[84.4415,27.7782],[84.4529,27.7778],[84.4636,27.7728],[84.4695,27.767],[84.4741,27.7539],[84.4701,27.7517],[84.4601,27.759],[84.453,27.7592],[84.4392,27.7426],[84.4242,27.7411],[84.4333,27.7112],[84.4321,27.7048],[84.381,27.6811],[84.3674,27.6882],[84.3617,27.6984],[84.3458,27.7021],[84.3275,27.6938],[84.3251,27.6863],[84.3161,27.6801],[84.2945,27.6681],[84.2734,27.6629],[84.26,27.6509],[84.2513,27.6537],[84.2088,27.6386],[84.1785,27.6189],[84.1377,27.5847],[84.1215,27.5562],[84.1168,27.5531],[84.1094,27.5515],[84.0778,27.5594],[84.0665,27.5511],[84.0527,27.5563],[84.0461,27.552],[84.0409,27.5403],[84.0333,27.537],[84.0179,27.539],[84.0076,27.5446],[83.9874,27.5437],[83.9725,27.5504],[83.9598,27.5482],[83.95,27.5399],[83.9265,27.5444],[83.9218,27.5404],[83.9208,27.5328],[83.9238,27.5183],[83.9277,27.5145],[83.944,27.5155],[83.9564,27.5274],[83.967,27.523],[83.9716,27.5152],[83.9656,27.5036],[83.9408,27.4913],[83.9467,27.4656],[83.941,27.4544],[83.9333,27.4494],[83.9443,27.4475],[83.948,27.441],[83.9682,27.4464],[83.9799,27.4423],[83.9795,27.4391],[83.9983,27.446],[84.0004,27.4404],[84.0076,27.442],[84.0179,27.4346],[84.0293,27.4334],[84.0278,27.4379],[84.0336,27.4414],[84.0542,27.4426],[84.0639,27.4557],[84.0606,27.461],[84.0688,27.4695],[84.0728,27.4816],[84.0853,27.4828],[84.0976,27.4894],[84.1018,27.5101],[84.1,27.517],[84.1107,27.5216],[84.1191,27.5189],[84.1196,27.5135],[84.1263,27.5109],[84.148,27.5186],[84.1532,27.5165],[84.1521,27.5007],[84.1465,27.4967],[84.151,27.4857],[84.1657,27.4836],[84.1737,27.4755],[84.1932,27.469],[84.1966,27.4731],[84.2079,27.4695],[84.211,27.4652],[84.206,27.4594],[84.2099,27.4561],[84.2105,27.4425],[84.2217,27.4402],[84.223,27.4474],[84.2338,27.4561],[84.2413,27.4523],[84.2462,27.4545],[84.2564,27.4519],[84.2616,27.4456],[84.2608,27.4385],[84.2745,27.4289],[84.2802,27.4157],[84.2785,27.3954],[84.2846,27.3963],[84.294,27.3847],[84.3028,27.3902],[84.3347,27.3772],[84.3583,27.3732],[84.375,27.3764],[84.3944,27.3679],[84.4264,27.3718],[84.4433,27.37],[84.4486,27.3635],[84.4667,27.3596],[84.473,27.3548],[84.4781,27.3623],[84.488,27.3583],[84.486,27.3659],[84.4899,27.3711],[84.4977,27.3765],[84.5039,27.3763],[84.5062,27.3809],[84.522,27.3838],[84.5326,27.3808],[84.5418,27.3856],[84.5367,27.401],[84.5489,27.4041],[84.5484,27.4079],[84.5346,27.4142],[84.5439,27.4192],[84.5505,27.4178],[84.55,27.4265],[84.5584,27.4421],[84.5599,27.4586],[84.5638,27.4628],[84.5752,27.4586],[84.578,27.4537],[84.5874,27.4562],[84.6034,27.4509],[84.609,27.4541],[84.6304,27.4506],[84.6371,27.4442],[84.6449,27.4429],[84.6489,27.429],[84.6639,27.4328],[84.6669,27.4292],[84.6701,27.4447],[84.6829,27.4481],[84.6875,27.4568],[84.6942,27.4592],[84.6882,27.4623],[84.6952,27.4684],[84.693,27.4727],[84.699,27.4751],[84.6952,27.492],[84.6828,27.5131],[84.6811,27.5252],[84.6855,27.5443],[84.6821,27.5511],[84.6924,27.5637],[84.7056,27.5582],[84.7123,27.5621],[84.7329,27.5815],[84.7353,27.5962],[84.7405,27.6034],[84.7372,27.6157],[84.7337,27.617],[84.7338,27.624],[84.725,27.6263],[84.7198,27.639],[84.7247,27.6465],[84.7323,27.6462],[84.7296,27.6496],[84.7338,27.6557],[84.7482,27.6553],[84.7465,27.6471],[84.7545,27.6496],[84.756,27.6543],[84.7697,27.6565],[84.772,27.6676],[84.7821,27.6714],[84.7856,27.6799],[84.7944,27.6867],[84.7883,27.6918],[84.793,27.6948],[84.7989,27.7085],[84.7896,27.716],[84.7723,27.7224],[84.7597,27.7354],[84.7397,27.7326],[84.7311,27.7271],[84.7258,27.7295],[84.7174,27.7259],[84.7023,27.7272],[84.6948,27.721],[84.6827,27.7303],[84.6768,27.7304],[84.6723,27.7378],[84.6837,27.758],[84.6708,27.7657],[84.677,27.7784],[84.6675,27.781],[84.6518,27.7792],[84.6498,27.784],[84.64,27.7828],[84.6393,27.7943],[84.6468,27.7936],[84.6477,27.8],[84.6372,27.8068],[84.6205,27.809],[84.6258,27.8167],[84.6679,27.8251]]]}},{"type":"Feature","properties":{"province":3,"provinceName":"Bagmati","district":"Dhading"},"geometry":{"type":"Polygon","coordinates":[[[85.1621,28.3317],[85.1426,28.3303],[85.1309,28.3379],[85.123,28.3356],[85.1102,28.3464],[85.0887,28.3461],[85.0706,28.3397],[85.0552,28.3268],[85.0489,28.3257],[85.0434,28.3117],[85.0349,28.3026],[85.0402,28.2917],[85.0302,28.2622],[85.0033,28.2526],[85.0049,28.2478],[85.0009,28.241],[84.9938,28.2445],[84.9643,28.2125],[84.9761,28.1901],[84.9672,28.1796],[84.9679,28.1743],[84.9595,28.1553],[84.9601,28.147],[84.9564,28.1433],[84.9605,28.1359],[84.9591,28.1265],[84.945,28.1224],[84.931,28.1261],[84.9223,28.1149],[84.9238,28.1064],[84.9203,28.1032],[84.9026,28.1065],[84.8947,28.0998],[84.8716,28.1203],[84.8569,28.1224],[84.8446,28.1149],[84.8393,28.1039],[84.8395,28.0947],[84.834,28.0894],[84.823,28.0627],[84.8206,28.0475],[84.8117,28.0378],[84.8158,28.0282],[84.8117,28.0166],[84.8155,28.0091],[84.8135,28.0027],[84.7996,28.0021],[84.7991,27.9979],[84.7923,27.9978],[84.7863,27.9831],[84.7734,27.9765],[84.7769,27.9712],[84.7483,27.9601],[84.7416,27.9364],[84.7362,27.9333],[84.7388,27.9287],[84.7342,27.9256],[84.7373,27.9152],[84.7354,27.9068],[84.7398,27.8968],[84.738,27.8923],[84.7514,27.8859],[84.7481,27.88],[84.7556,27.8733],[84.7582,27.8615],[84.7673,27.8591],[84.7697,27.8436],[84.7781,27.8351],[84.7759,27.824],[84.7846,27.8136],[84.7761,27.8082],[84.7707,27.8115],[84.7712,27.8154],[84.7648,27.818],[84.7588,27.8139],[84.756,27.8062],[84.7407,27.8037],[84.734,27.7954],[84.7209,27.8035],[84.713,27.8003],[84.7099,27.8063],[84.6872,27.8101],[84.6702,27.8183],[84.6679,27.8251],[84.6258,27.8167],[84.6205,27.809],[84.6372,27.8068],[84.6477,27.8],[84.6468,27.7936],[84.6393,27.7943],[84.64,27.7828],[84.6498,27.784],[84.6518,27.7792],[84.6675,27.781],[84.677,27.7784],[84.6708,27.7657],[84.6837,27.758],[84.6723,27.7378],[84.6768,27.7304],[84.6827,27.7303],[84.6948,27.721],[84.7023,27.7272],[84.7174,27.7259],[84.7258,27.7295],[84.7311,27.7271],[84.7397,27.7326],[84.7597,27.7354],[84.7723,27.7224],[84.7987,27.709],[84.793,27.6948],[84.7883,27.6917],[84.7989,27.6841],[84.8023,27.6712],[84.831,27.6922],[84.8686,27.6793],[84.882,27.6685],[84.8899,27.6745],[84.9025,27.694],[84.9095,27.6983],[84.9218,27.6939],[84.9246,27.6884],[84.9464,27.6868],[84.9537,27.6832],[84.978,27.6945],[84.9813,27.7025],[84.9912,27.7041],[84.9923,27.7076],[85.0135,27.7075],[85.033,27.6975],[85.0408,27.7055],[85.0441,27.7023],[85.0449,27.69],[85.0547,27.6992],[85.0633,27.6943],[85.0681,27.7031],[85.0783,27.7089],[85.0854,27.7068],[85.091,27.712],[85.1018,27.709],[85.1177,27.6961],[85.1226,27.6832],[85.1334,27.6808],[85.1364,27.6747],[85.152,27.6693],[85.1583,27.6726],[85.1642,27.6705],[85.1755,27.6792],[85.1916,27.6819],[85.1986,27.7089],[85.2023,27.7078],[85.2032,27.7127],[85.1994,27.7161],[85.2037,27.7198],[85.2085,27.7185],[85.2094,27.7225],[85.2199,27.7221],[85.2238,27.7277],[85.2159,27.7369],[85.223,27.7355],[85.2374,27.741],[85.2392,27.7449],[85.2489,27.7443],[85.2532,27.7487],[85.2574,27.7446],[85.2696,27.7457],[85.2724,27.7594],[85.2653,27.7662],[85.2653,27.7706],[85.2549,27.7754],[85.2491,27.7723],[85.2454,27.7752],[85.2357,27.7744],[85.2345,27.7712],[85.232,27.7763],[85.2293,27.7724],[85.2178,27.7754],[85.2103,27.7706],[85.2084,27.7736],[85.2067,27.7688],[85.2045,27.7733],[85.2038,27.7691],[85.2001,27.7686],[85.1959,27.7688],[85.1946,27.7729],[85.1925,27.7692],[85.1809,27.7719],[85.1783,27.7671],[85.1569,27.7667],[85.1509,27.7635],[85.1418,27.7656],[85.1371,27.7616],[85.133,27.7639],[85.127,27.7604],[85.1177,27.7687],[85.1172,27.7742],[85.1077,27.7742],[85.0901,27.7876],[85.055,27.7969],[85.0488,27.8014],[85.0507,27.81],[85.0495,27.8128],[85.0438,27.8122],[85.0438,27.817],[85.0401,27.8144],[85.0298,27.8161],[85.0146,27.8093],[85.0191,27.8268],[85.0251,27.8328],[85.0163,27.8322],[85.0081,27.8418],[85.0087,27.8503],[84.9912,27.8582],[84.9971,27.8749],[84.9911,27.8855],[85.0124,27.9254],[85.0111,27.9362],[85.0186,27.9439],[85.0175,27.951],[85.0101,27.9505],[85.0218,27.9681],[85.0308,27.9714],[85.0339,27.9884],[85.0318,27.9954],[85.0054,28],[85.0022,28.0078],[84.9927,28.0156],[84.9915,28.0285],[84.9978,28.0248],[85.0149,28.026],[85.035,28.0317],[85.0569,28.0502],[85.0645,28.0667],[85.0829,28.0668],[85.107,28.0764],[85.1171,28.0766],[85.1247,28.091],[85.1263,28.1053],[85.1519,28.1171],[85.1605,28.1294],[85.1567,28.1385],[85.1584,28.1425],[85.1775,28.1631],[85.1975,28.1679],[85.2023,28.1766],[85.2013,28.1854],[85.2066,28.2038],[85.2035,28.2109],[85.1897,28.2231],[85.1964,28.2442],[85.2048,28.25],[85.2007,28.259],[85.1891,28.2673],[85.1794,28.2951],[85.1816,28.3017],[85.1621,28.3317]]]}},{"type":"Feature","properties":{"province":3,"provinceName":"Bagmati","district":"Dolakha"},"geometry":{"type":"Polygon","coordinates":[[[86.518,27.9564],[86.5001,27.957],[86.4959,27.9522],[86.4718,27.9459],[86.4688,27.9411],[86.4723,27.9298],[86.4619,27.9221],[86.458,27.9148],[86.4484,27.912],[86.4449,27.9055],[86.4316,27.9093],[86.4132,27.9063],[86.4078,27.9164],[86.3933,27.9256],[86.3837,27.9376],[86.3607,27.9412],[86.3503,27.9373],[86.34,27.9492],[86.3419,27.9533],[86.3377,27.9648],[86.3212,27.9476],[86.3064,27.9553],[86.299,27.9728],[86.2916,27.978],[86.2688,27.9802],[86.2358,27.9738],[86.2288,27.9813],[86.2224,28.0098],[86.2272,28.0328],[86.22,28.04],[86.2193,28.0509],[86.2065,28.0843],[86.2112,28.0948],[86.2249,28.0955],[86.2222,28.1114],[86.2085,28.1321],[86.1996,28.138],[86.1997,28.1561],[86.1945,28.1602],[86.1918,28.1727],[86.1782,28.1698],[86.1761,28.1673],[86.1805,28.1433],[86.1626,28.1378],[86.145,28.1264],[86.1429,28.1175],[86.1347,28.1164],[86.1326,28.0999],[86.1202,28.0912],[86.0945,28.0976],[86.0851,28.0907],[86.0972,28.0612],[86.092,28.0574],[86.0899,28.0491],[86.0928,28.033],[86.0817,28.0201],[86.1059,27.984],[86.1118,27.9612],[86.1095,27.9556],[86.1177,27.9453],[86.126,27.9414],[86.1286,27.9335],[86.1254,27.9268],[86.1064,27.9246],[86.0774,27.9106],[86.0685,27.9105],[86.0718,27.9054],[86.0501,27.8859],[86.0448,27.8676],[86.0328,27.8625],[86.0273,27.8459],[86.0129,27.8393],[86.0056,27.8313],[86.0111,27.8201],[86.0221,27.8093],[86.0249,27.8005],[86.0242,27.7908],[86.0285,27.7853],[86.0221,27.7722],[86.0364,27.7564],[86.0327,27.7421],[86.0302,27.7391],[86.007,27.745],[85.98,27.7351],[85.9722,27.7407],[85.9634,27.7419],[85.9633,27.7356],[85.9556,27.7292],[85.9542,27.7222],[85.9387,27.7087],[85.9412,27.6932],[85.9365,27.6873],[85.9415,27.6689],[85.9206,27.6633],[85.9174,27.6466],[85.9121,27.6427],[85.913,27.6368],[85.8935,27.6242],[85.887,27.6124],[85.9174,27.6048],[85.9329,27.595],[85.9546,27.5888],[85.9846,27.5548],[86,27.5457],[86.003,27.5411],[85.9906,27.5205],[85.9894,27.5099],[85.996,27.5077],[85.997,27.5033],[86.0016,27.5066],[86.003,27.5021],[86.0342,27.5027],[86.0466,27.4977],[86.0589,27.5016],[86.0602,27.4987],[86.0622,27.5015],[86.0639,27.4966],[86.0674,27.5019],[86.0762,27.5018],[86.0799,27.4966],[86.0959,27.5],[86.1168,27.4804],[86.1148,27.4745],[86.1185,27.4741],[86.125,27.4779],[86.1318,27.4897],[86.1443,27.4956],[86.1447,27.5092],[86.1532,27.5156],[86.1547,27.5312],[86.1606,27.5411],[86.1868,27.5589],[86.1943,27.5717],[86.2052,27.5801],[86.2381,27.5861],[86.2631,27.598],[86.2713,27.5948],[86.2841,27.604],[86.2912,27.6031],[86.3054,27.6155],[86.3141,27.6458],[86.3325,27.6611],[86.3416,27.6831],[86.3543,27.6937],[86.3782,27.6921],[86.3845,27.7014],[86.4117,27.7188],[86.423,27.7154],[86.4278,27.7227],[86.4295,27.7368],[86.4129,27.7463],[86.4127,27.7605],[86.4164,27.7669],[86.4155,27.7746],[86.4245,27.7855],[86.4131,27.7904],[86.4199,27.794],[86.4221,27.8133],[86.4317,27.8147],[86.4411,27.8281],[86.4524,27.8323],[86.4584,27.8232],[86.4728,27.8259],[86.4761,27.8211],[86.4813,27.8207],[86.4826,27.8113],[86.4891,27.8086],[86.5,27.8135],[86.5131,27.8061],[86.539,27.807],[86.5448,27.8102],[86.5429,27.8174],[86.5565,27.8569],[86.5534,27.8759],[86.557,27.8853],[86.5541,27.8981],[86.5571,27.9077],[86.5502,27.9302],[86.5361,27.9419],[86.5246,27.9397],[86.518,27.9564]]]}},{"type":"Feature","properties":{"province":3,"provinceName":"Bagmati","district":"Kabhrepalanchok"},"geometry":{"type":"Polygon","coordinates":[[[85.8833,27.6143],[85.8776,27.6161],[85.8693,27.6288],[85.8595,27.6324],[85.8446,27.6258],[85.8197,27.6438],[85.8182,27.6478],[85.8242,27.6554],[85.8149,27.6688],[85.7943,27.6647],[85.7823,27.6684],[85.7719,27.6673],[85.769,27.6713],[85.7537,27.6729],[85.7484,27.6777],[85.737,27.6764],[85.727,27.6621],[85.7226,27.661],[85.7252,27.6639],[85.723,27.666],[85.7157,27.6618],[85.7119,27.6546],[85.7076,27.6561],[85.7103,27.6534],[85.7083,27.6414],[85.7086,27.652],[85.696,27.6637],[85.6969,27.6695],[85.689,27.6783],[85.6895,27.6847],[85.6836,27.6851],[85.6821,27.6999],[85.6681,27.7122],[85.6603,27.714],[85.6572,27.7198],[85.6465,27.718],[85.6181,27.7315],[85.6129,27.7432],[85.6062,27.7485],[85.5979,27.7439],[85.5834,27.7496],[85.5697,27.7445],[85.5562,27.749],[85.5523,27.7567],[85.5408,27.7547],[85.5275,27.7363],[85.5277,27.726],[85.5218,27.7183],[85.5236,27.6941],[85.5083,27.6925],[85.5053,27.689],[85.4939,27.6578],[85.4957,27.6521],[85.4836,27.6421],[85.4797,27.645],[85.4663,27.6256],[85.4627,27.6251],[85.4563,27.6369],[85.4385,27.623],[85.4308,27.6245],[85.4227,27.6199],[85.4377,27.6084],[85.4356,27.6003],[85.4292,27.6028],[85.4311,27.5966],[85.4239,27.5925],[85.4175,27.5984],[85.4193,27.6063],[85.4048,27.6018],[85.4081,27.587],[85.404,27.5732],[85.3892,27.5628],[85.4012,27.5541],[85.4059,27.5449],[85.4181,27.548],[85.4271,27.5403],[85.4351,27.5384],[85.4392,27.5413],[85.4428,27.5316],[85.441,27.5274],[85.4451,27.5157],[85.4411,27.4892],[85.4457,27.4799],[85.4326,27.465],[85.4202,27.4588],[85.4091,27.4477],[85.4117,27.4437],[85.4205,27.4432],[85.4135,27.4383],[85.4177,27.4348],[85.4127,27.4328],[85.4162,27.425],[85.4117,27.4167],[85.4193,27.4124],[85.4219,27.4024],[85.435,27.4098],[85.4349,27.4031],[85.4454,27.4018],[85.451,27.3873],[85.4609,27.3948],[85.465,27.3856],[85.4723,27.388],[85.4756,27.3773],[85.4812,27.3759],[85.4749,27.3698],[85.4895,27.3762],[85.5039,27.3723],[85.5082,27.3641],[85.5125,27.3646],[85.5061,27.3568],[85.5166,27.35],[85.5255,27.3497],[85.5357,27.3564],[85.5526,27.3431],[85.5575,27.3456],[85.5623,27.3391],[85.5669,27.3445],[85.5673,27.3408],[85.573,27.3402],[85.5804,27.3444],[85.6252,27.3446],[85.6339,27.3474],[85.6377,27.3533],[85.6441,27.3495],[85.6416,27.346],[85.6457,27.3456],[85.6439,27.3424],[85.6529,27.3333],[85.6629,27.3344],[85.6743,27.3408],[85.675,27.3442],[85.6827,27.3447],[85.6912,27.3367],[85.7011,27.3405],[85.7079,27.3511],[85.706,27.3582],[85.6977,27.3636],[85.6986,27.3724],[85.7028,27.385],[85.7139,27.397],[85.7167,27.4062],[85.7303,27.4116],[85.7758,27.3979],[85.7813,27.4181],[85.7868,27.4221],[85.7873,27.4349],[85.7931,27.4431],[85.8054,27.4384],[85.8238,27.4507],[85.8116,27.4549],[85.8117,27.462],[85.817,27.4637],[85.8163,27.4737],[85.8095,27.4793],[85.8106,27.4844],[85.7998,27.5],[85.8074,27.511],[85.8112,27.5096],[85.8213,27.5177],[85.8183,27.524],[85.8218,27.5253],[85.8309,27.5464],[85.8256,27.5656],[85.829,27.5756],[85.8491,27.579],[85.8487,27.5846],[85.855,27.5912],[85.8655,27.5946],[85.8765,27.6123],[85.8833,27.6143]]]}},{"type":"Feature","properties":{"province":3,"provinceName":"Bagmati","district":"Kathmandu"},"geometry":{"type":"Polygon","coordinates":[[[85.5523,27.7567],[85.5664,27.7547],[85.568,27.7641],[85.5619,27.767],[85.5492,27.7838],[85.5342,27.7919],[85.5054,27.7843],[85.5,27.7862],[85.4908,27.7795],[85.4754,27.7777],[85.4701,27.7835],[85.47,27.797],[85.4649,27.8041],[85.4552,27.8091],[85.4509,27.8174],[85.4385,27.8108],[85.4333,27.813],[85.423,27.8093],[85.394,27.817],[85.3882,27.8121],[85.3751,27.8089],[85.364,27.8138],[85.3476,27.8085],[85.3349,27.8149],[85.3084,27.8103],[85.2997,27.812],[85.2705,27.7818],[85.2587,27.78],[85.2538,27.7748],[85.2653,27.7706],[85.2653,27.7662],[85.2718,27.7606],[85.2696,27.7457],[85.2574,27.7446],[85.2532,27.7487],[85.2489,27.7443],[85.2392,27.7449],[85.2374,27.741],[85.223,27.7355],[85.2159,27.7369],[85.2238,27.7277],[85.2199,27.7221],[85.2094,27.7225],[85.2085,27.7185],[85.2037,27.7198],[85.1994,27.7161],[85.2032,27.7127],[85.2023,27.7078],[85.1986,27.7089],[85.1911,27.6796],[85.2237,27.6542],[85.2301,27.6544],[85.2354,27.6496],[85.2241,27.6286],[85.2394,27.616],[85.2397,27.6015],[85.2452,27.5945],[85.2414,27.5894],[85.242,27.5809],[85.2449,27.5779],[85.262,27.5771],[85.2682,27.5702],[85.2795,27.5827],[85.2874,27.5857],[85.2816,27.5884],[85.2822,27.5952],[85.2872,27.593],[85.29,27.5978],[85.2941,27.5972],[85.2967,27.6039],[85.2924,27.6116],[85.2959,27.6122],[85.2954,27.6336],[85.2846,27.6439],[85.2898,27.6446],[85.2896,27.6503],[85.2992,27.6605],[85.2998,27.6678],[85.2939,27.6726],[85.3011,27.6776],[85.3059,27.6922],[85.3288,27.6859],[85.3333,27.6794],[85.3543,27.6677],[85.3593,27.6824],[85.3635,27.6822],[85.3741,27.6923],[85.3781,27.6908],[85.3782,27.6945],[85.3871,27.6924],[85.3875,27.6964],[85.3918,27.6969],[85.3909,27.7018],[85.3977,27.7007],[85.414,27.7115],[85.4125,27.717],[85.4173,27.7163],[85.4171,27.7198],[85.4226,27.7198],[85.4237,27.7236],[85.4416,27.7278],[85.4586,27.7196],[85.471,27.7204],[85.4775,27.7155],[85.5143,27.7276],[85.5274,27.7254],[85.5275,27.7363],[85.5405,27.7545],[85.5523,27.7567]]]}},{"type":"Feature","properties":{"province":3,"provinceName":"Bagmati","district":"Lalitpur"},"geometry":{"type":"Polygon","coordinates":[[[85.3543,27.6677],[85.3333,27.6794],[85.3286,27.686],[85.3097,27.6933],[85.3048,27.6911],[85.3011,27.6776],[85.2939,27.6726],[85.2998,27.6678],[85.2992,27.6605],[85.2896,27.6503],[85.2898,27.6446],[85.2846,27.6439],[85.2954,27.6336],[85.2959,27.6122],[85.2924,27.6116],[85.2967,27.6039],[85.2941,27.5972],[85.29,27.5978],[85.2872,27.593],[85.2822,27.5952],[85.2815,27.5886],[85.2871,27.5853],[85.2795,27.5827],[85.2689,27.5704],[85.2563,27.5691],[85.2492,27.5501],[85.2417,27.5475],[85.2338,27.5369],[85.2534,27.5279],[85.2525,27.5209],[85.2435,27.5179],[85.2437,27.5123],[85.2362,27.5047],[85.2394,27.5],[85.25,27.4963],[85.2466,27.4866],[85.2495,27.4767],[85.2592,27.4687],[85.2604,27.4587],[85.2665,27.4543],[85.2972,27.452],[85.3041,27.4461],[85.3156,27.4446],[85.3181,27.4358],[85.3314,27.438],[85.3372,27.4319],[85.3429,27.4327],[85.3495,27.4283],[85.3524,27.431],[85.371,27.4241],[85.3735,27.4193],[85.3863,27.4129],[85.3865,27.408],[85.3968,27.411],[85.4008,27.404],[85.4164,27.4046],[85.4209,27.4094],[85.4117,27.4167],[85.4162,27.425],[85.4127,27.4328],[85.4175,27.4344],[85.4135,27.4383],[85.4204,27.4443],[85.4117,27.4437],[85.4091,27.4477],[85.4202,27.4588],[85.4326,27.465],[85.4457,27.4799],[85.4411,27.4892],[85.4451,27.5157],[85.441,27.5274],[85.4428,27.5316],[85.4392,27.5413],[85.4351,27.5384],[85.4271,27.5403],[85.4181,27.548],[85.4059,27.5449],[85.4012,27.5541],[85.3892,27.5628],[85.404,27.5732],[85.4081,27.587],[85.4048,27.6018],[85.4193,27.6063],[85.4175,27.5984],[85.4265,27.5928],[85.4311,27.5966],[85.4282,27.6017],[85.4355,27.6002],[85.4379,27.608],[85.4066,27.6322],[85.3989,27.6325],[85.3918,27.6448],[85.372,27.6543],[85.3715,27.6606],[85.3633,27.6609],[85.3658,27.6644],[85.3633,27.6689],[85.3543,27.6677]]]}},{"type":"Feature","properties":{"province":3,"provinceName":"Bagmati","district":"Makawanpur"},"geometry":{"type":"Polygon","coordinates":[[[85.1909,27.6812],[85.1755,27.6792],[85.1642,27.6705],[85.1448,27.6707],[85.1364,27.6747],[85.1334,27.6808],[85.1226,27.6832],[85.1177,27.6961],[85.1023,27.7087],[85.091,27.712],[85.0854,27.7068],[85.0783,27.7089],[85.0681,27.7031],[85.0633,27.6943],[85.0547,27.6992],[85.0449,27.69],[85.0441,27.7023],[85.0408,27.7055],[85.033,27.6975],[85.0135,27.7075],[84.9923,27.7076],[84.9912,27.7041],[84.9813,27.7025],[84.978,27.6945],[84.9537,27.6832],[84.9464,27.6868],[84.9246,27.6884],[84.9218,27.6939],[84.9095,27.6983],[84.9025,27.694],[84.8899,27.6745],[84.882,27.6685],[84.8686,27.6793],[84.8319,27.6922],[84.8017,27.6713],[84.7993,27.6833],[84.7944,27.6867],[84.7856,27.6799],[84.7821,27.6714],[84.772,27.6676],[84.7694,27.6563],[84.756,27.6543],[84.7545,27.6496],[84.7465,27.6471],[84.7482,27.6553],[84.7338,27.6557],[84.7296,27.6496],[84.7323,27.6462],[84.7247,27.6465],[84.7198,27.639],[84.725,27.6263],[84.7338,27.624],[84.7337,27.617],[84.737,27.6161],[84.7405,27.6034],[84.7353,27.5962],[84.7329,27.5815],[84.7123,27.5621],[84.7056,27.5582],[84.6924,27.5637],[84.6821,27.5511],[84.6855,27.5443],[84.6811,27.5252],[84.6828,27.5131],[84.6952,27.492],[84.699,27.4751],[84.693,27.4727],[84.6952,27.4684],[84.6882,27.4623],[84.6942,27.4592],[84.6875,27.4568],[84.6829,27.4481],[84.6701,27.4447],[84.6669,27.4292],[84.7071,27.4328],[84.7212,27.431],[84.7282,27.4444],[84.7455,27.4418],[84.7575,27.4355],[84.7766,27.4386],[84.7848,27.4347],[84.7931,27.4375],[84.8115,27.4241],[84.8123,27.4157],[84.8187,27.419],[84.8359,27.4175],[84.8498,27.4084],[84.8539,27.3984],[84.8792,27.3973],[84.884,27.3878],[84.8921,27.3891],[84.8991,27.3851],[84.903,27.3747],[84.9109,27.3769],[84.9239,27.3704],[84.9284,27.3639],[84.9431,27.3655],[84.9474,27.36],[84.9558,27.3664],[84.9589,27.3589],[84.9664,27.3634],[84.9678,27.3583],[84.9745,27.3549],[84.9796,27.3558],[84.9837,27.3619],[85.0011,27.3653],[85.0062,27.3526],[85.0154,27.3551],[85.0237,27.3518],[85.0232,27.3565],[85.0268,27.3584],[85.0342,27.3603],[85.0387,27.3571],[85.0584,27.3654],[85.0637,27.3602],[85.0677,27.3624],[85.0695,27.3601],[85.0727,27.3641],[85.0873,27.3615],[85.0936,27.3563],[85.0971,27.3322],[85.1063,27.3198],[85.1194,27.3172],[85.1286,27.2926],[85.139,27.2899],[85.147,27.2827],[85.1475,27.2727],[85.1582,27.2618],[85.1695,27.2601],[85.1745,27.2541],[85.1832,27.2543],[85.1795,27.2493],[85.182,27.2479],[85.1951,27.2448],[85.2047,27.25],[85.2114,27.2449],[85.234,27.2431],[85.2447,27.2485],[85.2538,27.2447],[85.2635,27.2265],[85.2953,27.2326],[85.3063,27.2296],[85.3093,27.2316],[85.3399,27.2195],[85.351,27.2219],[85.3619,27.2105],[85.3788,27.2118],[85.3874,27.2071],[85.3957,27.2101],[85.4011,27.1965],[85.4115,27.1967],[85.4205,27.1898],[85.4289,27.1928],[85.4388,27.187],[85.4504,27.1865],[85.4556,27.1774],[85.4548,27.1686],[85.4584,27.1663],[85.469,27.1659],[85.4748,27.1615],[85.4913,27.1656],[85.4974,27.1734],[85.4922,27.1712],[85.4827,27.1803],[85.4948,27.187],[85.4895,27.1923],[85.4907,27.1979],[85.5061,27.1938],[85.5127,27.1978],[85.5037,27.2079],[85.5064,27.2214],[85.4903,27.2201],[85.491,27.2499],[85.4829,27.2679],[85.474,27.2697],[85.4627,27.2793],[85.4504,27.2843],[85.4395,27.2839],[85.4328,27.2918],[85.4339,27.3005],[85.4265,27.304],[85.4204,27.3209],[85.4275,27.3324],[85.4486,27.3364],[85.4507,27.3508],[85.4694,27.3579],[85.4752,27.3671],[85.4745,27.3724],[85.4807,27.3772],[85.4759,27.3769],[85.472,27.3882],[85.465,27.3856],[85.4613,27.3947],[85.4504,27.3876],[85.449,27.3968],[85.4447,27.4022],[85.4349,27.4031],[85.4347,27.41],[85.4224,27.4024],[85.4205,27.4083],[85.4082,27.4028],[85.4069,27.4054],[85.3998,27.4045],[85.3968,27.411],[85.3871,27.4078],[85.3863,27.4129],[85.3735,27.4193],[85.371,27.4241],[85.3524,27.431],[85.3495,27.4283],[85.3429,27.4327],[85.3372,27.4319],[85.3314,27.438],[85.3181,27.4358],[85.3156,27.4446],[85.3041,27.4461],[85.2972,27.452],[85.2704,27.4528],[85.2607,27.4583],[85.2594,27.4684],[85.2497,27.4763],[85.2466,27.4866],[85.25,27.4963],[85.2394,27.5],[85.2362,27.5047],[85.2437,27.5123],[85.2435,27.5179],[85.2525,27.5209],[85.2534,27.5279],[85.2338,27.5369],[85.2417,27.5475],[85.2492,27.5501],[85.2563,27.5691],[85.2653,27.5706],[85.262,27.5771],[85.2449,27.5779],[85.242,27.5809],[85.2414,27.5894],[85.2452,27.5945],[85.2397,27.6015],[85.2394,27.616],[85.2337,27.6231],[85.2249,27.6259],[85.2285,27.6399],[85.2354,27.6496],[85.2301,27.6544],[85.2237,27.6542],[85.1909,27.6812]]]}},{"type":"Feature","properties":{"province":3,"provinceName":"Bagmati","district":"Nuwakot"},"geometry":{"type":"Polygon","coordinates":[[[85.4441,28.0824],[85.4351,28.0805],[85.4302,28.0756],[85.4269,28.061],[85.4151,28.062],[85.4073,28.0551],[85.4057,28.0389],[85.3969,28.0375],[85.3921,28.0303],[85.36,28.0123],[85.3443,28.0097],[85.3319,27.9883],[85.3203,27.9891],[85.2922,27.9829],[85.2786,27.9649],[85.2595,27.9711],[85.2577,27.9744],[85.2547,27.9711],[85.2219,27.9754],[85.2145,27.9726],[85.1916,27.9761],[85.1856,27.9732],[85.1825,27.9874],[85.1884,27.9967],[85.186,28.0094],[85.1894,28.0189],[85.146,28.0273],[85.1353,28.0379],[85.1401,28.0488],[85.1569,28.0689],[85.1727,28.0811],[85.1578,28.0882],[85.1374,28.0839],[85.1247,28.091],[85.1171,28.0766],[85.107,28.0764],[85.0829,28.0668],[85.0645,28.0667],[85.0569,28.0502],[85.035,28.0317],[85.0149,28.026],[84.9978,28.0248],[84.9915,28.0285],[84.9927,28.0156],[85.0022,28.0078],[85.0054,28],[85.0318,27.9954],[85.0339,27.9895],[85.0308,27.9714],[85.0218,27.9681],[85.0109,27.9525],[85.0107,27.9484],[85.0175,27.951],[85.0186,27.9439],[85.0111,27.9362],[85.0124,27.9254],[84.9911,27.8855],[84.9971,27.8749],[84.9912,27.8582],[85.0087,27.8503],[85.0081,27.8418],[85.0163,27.8322],[85.0251,27.8328],[85.0191,27.8268],[85.0146,27.8093],[85.0298,27.8161],[85.0401,27.8144],[85.0438,27.817],[85.0438,27.8122],[85.0495,27.8128],[85.0507,27.81],[85.0488,27.8014],[85.055,27.7969],[85.0901,27.7876],[85.1077,27.7742],[85.1172,27.7742],[85.1177,27.7687],[85.127,27.7604],[85.133,27.7639],[85.1371,27.7616],[85.1418,27.7656],[85.1509,27.7635],[85.1569,27.7667],[85.1783,27.7671],[85.1809,27.7719],[85.1925,27.7692],[85.1946,27.7729],[85.1959,27.7688],[85.2001,27.7686],[85.2038,27.7691],[85.2045,27.7733],[85.2067,27.7688],[85.2084,27.7736],[85.21,27.7706],[85.2178,27.7754],[85.2293,27.7724],[85.232,27.7763],[85.2342,27.7712],[85.2357,27.7744],[85.2447,27.7752],[85.2491,27.7723],[85.2587,27.78],[85.2695,27.781],[85.2865,27.8008],[85.2932,27.8042],[85.294,27.8087],[85.3023,27.8125],[85.3084,27.8103],[85.3349,27.8149],[85.3476,27.8085],[85.364,27.8138],[85.3751,27.8089],[85.3882,27.8121],[85.394,27.817],[85.423,27.8093],[85.4496,27.815],[85.457,27.8458],[85.4535,27.8502],[85.4623,27.858],[85.4632,27.863],[85.4725,27.869],[85.4706,27.8813],[85.4777,27.8848],[85.4819,27.9042],[85.4898,27.9196],[85.4847,27.9356],[85.4848,27.9523],[85.4808,27.9594],[85.4861,27.9702],[85.4943,27.972],[85.4895,27.9923],[85.4965,28.0022],[85.4994,28.03],[85.4967,28.0374],[85.4863,28.0442],[85.4807,28.0561],[85.4646,28.0692],[85.4466,28.0764],[85.4441,28.0824]]]}},{"type":"Feature","properties":{"province":3,"provinceName":"Bagmati","district":"Ramechhap"},"geometry":{"type":"Polygon","coordinates":[[[86.5448,27.8109],[86.5405,27.8072],[86.5272,27.8055],[86.5131,27.8061],[86.5009,27.8135],[86.4891,27.8086],[86.4826,27.8113],[86.4813,27.8207],[86.4761,27.8211],[86.4728,27.8259],[86.4584,27.8232],[86.4524,27.8323],[86.4411,27.8281],[86.4317,27.8147],[86.4221,27.8133],[86.4199,27.794],[86.4131,27.7904],[86.4245,27.7855],[86.4155,27.7746],[86.4164,27.7669],[86.4127,27.7605],[86.4129,27.7463],[86.4295,27.7368],[86.4278,27.7227],[86.423,27.7154],[86.4117,27.7188],[86.3845,27.7014],[86.3782,27.6921],[86.3543,27.6937],[86.3416,27.6831],[86.3325,27.6611],[86.3141,27.6458],[86.3054,27.6155],[86.2912,27.6031],[86.2841,27.604],[86.2713,27.5948],[86.2631,27.598],[86.2381,27.5861],[86.2052,27.5801],[86.1943,27.5717],[86.1868,27.5589],[86.1606,27.5411],[86.1547,27.5312],[86.1532,27.5156],[86.1447,27.5092],[86.1443,27.4956],[86.1318,27.4897],[86.125,27.4779],[86.1181,27.4739],[86.1148,27.4745],[86.1168,27.4804],[86.0959,27.5],[86.0799,27.4966],[86.0762,27.5018],[86.0674,27.5019],[86.0639,27.4966],[86.0622,27.5015],[86.0602,27.4987],[86.0589,27.5016],[86.0466,27.4977],[86.0342,27.5027],[86.003,27.5021],[86.0016,27.5066],[85.997,27.5033],[85.996,27.5077],[85.9894,27.5099],[85.9906,27.5205],[86.003,27.5411],[86,27.5457],[85.9846,27.5548],[85.9546,27.5888],[85.9381,27.5929],[85.9211,27.6034],[85.9121,27.6039],[85.9037,27.6092],[85.8854,27.6104],[85.8829,27.6144],[85.8765,27.6123],[85.8655,27.5946],[85.855,27.5912],[85.8488,27.5848],[85.8491,27.579],[85.8287,27.575],[85.8256,27.5656],[85.8309,27.5464],[85.8218,27.5253],[85.8183,27.524],[85.8213,27.5177],[85.8112,27.5096],[85.8074,27.511],[85.7998,27.5],[85.8106,27.4844],[85.8095,27.4793],[85.8163,27.4737],[85.817,27.4637],[85.8117,27.462],[85.8116,27.4549],[85.8304,27.4484],[85.8291,27.4415],[85.8323,27.4373],[85.8545,27.4248],[85.8808,27.4164],[85.8882,27.4196],[85.8931,27.4135],[85.8985,27.416],[85.9202,27.4088],[85.9274,27.4044],[85.9299,27.3973],[85.9359,27.3952],[85.9363,27.3888],[85.9468,27.3805],[85.9541,27.381],[85.958,27.389],[85.9683,27.3842],[85.9725,27.3749],[85.9796,27.3706],[85.9858,27.3354],[86,27.3372],[86.0208,27.3201],[86.0255,27.3136],[86.0238,27.3087],[86.0332,27.309],[86.0405,27.2985],[86.05,27.2966],[86.0572,27.288],[86.0766,27.2913],[86.0797,27.2754],[86.0979,27.2674],[86.1082,27.2676],[86.115,27.2723],[86.1312,27.2637],[86.1372,27.2511],[86.1515,27.2422],[86.1595,27.2523],[86.1838,27.2517],[86.1938,27.2549],[86.2075,27.2501],[86.2067,27.254],[86.216,27.2684],[86.243,27.2885],[86.2378,27.2959],[86.2399,27.3052],[86.2313,27.3153],[86.2314,27.3195],[86.2213,27.3228],[86.2247,27.327],[86.2196,27.3281],[86.218,27.3333],[86.2195,27.353],[86.2271,27.3703],[86.2244,27.3818],[86.2282,27.3839],[86.2301,27.3976],[86.2384,27.4038],[86.2368,27.4079],[86.2443,27.4187],[86.25,27.4193],[86.2536,27.4322],[86.2587,27.4362],[86.2566,27.4407],[86.2661,27.4559],[86.2942,27.4699],[86.2974,27.4787],[86.3078,27.4826],[86.3218,27.4985],[86.327,27.4994],[86.3407,27.5198],[86.3573,27.5246],[86.3609,27.5395],[86.3716,27.5488],[86.3716,27.5579],[86.3827,27.5709],[86.3906,27.5725],[86.4009,27.5832],[86.4164,27.5869],[86.4229,27.5988],[86.4372,27.61],[86.4721,27.6168],[86.4865,27.617],[86.4949,27.6135],[86.5023,27.6201],[86.5094,27.6399],[86.5159,27.6478],[86.5286,27.6501],[86.5295,27.6599],[86.5354,27.6625],[86.5408,27.6708],[86.539,27.6783],[86.5427,27.7013],[86.5534,27.7106],[86.5653,27.7491],[86.5752,27.7543],[86.5664,27.7693],[86.5712,27.7908],[86.5695,27.8037],[86.5448,27.8109]]]}},{"type":"Feature","properties":{"province":3,"provinceName":"Bagmati","district":"Rasuwa"},"geometry":{"type":"Polygon","coordinates":[[[85.8023,28.1962],[85.7845,28.2083],[85.7787,28.2084],[85.7764,28.2179],[85.7663,28.2271],[85.7593,28.2287],[85.7512,28.238],[85.7507,28.2489],[85.7453,28.2567],[85.7453,28.2715],[85.7354,28.2911],[85.7396,28.3191],[85.7299,28.3286],[85.7346,28.3391],[85.7223,28.3593],[85.7212,28.3671],[85.7267,28.3729],[85.7186,28.3769],[85.7138,28.3861],[85.6862,28.3823],[85.6885,28.3467],[85.6785,28.3505],[85.6681,28.3478],[85.6667,28.3315],[85.6561,28.3173],[85.663,28.3028],[85.6474,28.2896],[85.6377,28.2737],[85.611,28.2567],[85.6009,28.2812],[85.5989,28.2988],[85.6029,28.3042],[85.5943,28.3085],[85.5827,28.3061],[85.5782,28.3102],[85.564,28.3096],[85.5283,28.3281],[85.5088,28.3338],[85.4897,28.331],[85.4603,28.3368],[85.4396,28.3346],[85.4177,28.3269],[85.4141,28.3078],[85.3798,28.2784],[85.3724,28.2856],[85.3505,28.2883],[85.3505,28.3015],[85.3426,28.3038],[85.3058,28.2897],[85.2752,28.2876],[85.2727,28.2972],[85.257,28.2943],[85.2494,28.303],[85.2437,28.3176],[85.2037,28.3405],[85.1841,28.3241],[85.1621,28.3317],[85.1816,28.3017],[85.1794,28.2951],[85.1891,28.2673],[85.2007,28.259],[85.2048,28.25],[85.1964,28.2442],[85.1897,28.2231],[85.2035,28.2109],[85.2066,28.2038],[85.2013,28.1854],[85.2023,28.1766],[85.1975,28.1679],[85.1775,28.1631],[85.1584,28.1425],[85.16,28.1283],[85.1489,28.1148],[85.1263,28.1053],[85.1247,28.091],[85.1374,28.0839],[85.1578,28.0882],[85.1727,28.0825],[85.1569,28.0689],[85.1352,28.0385],[85.146,28.0273],[85.1894,28.0189],[85.186,28.0094],[85.1884,27.9967],[85.1825,27.9874],[85.1858,27.973],[85.1916,27.9761],[85.2145,27.9726],[85.2219,27.9754],[85.2547,27.9711],[85.2577,27.9744],[85.2595,27.9711],[85.2786,27.9649],[85.2922,27.9829],[85.3203,27.9891],[85.3319,27.9883],[85.3443,28.0097],[85.36,28.0123],[85.3921,28.0303],[85.3969,28.0375],[85.4057,28.0389],[85.4073,28.0551],[85.4151,28.062],[85.4278,28.0617],[85.4302,28.0756],[85.4351,28.0805],[85.4441,28.0824],[85.4482,28.0903],[85.4595,28.0925],[85.4757,28.105],[85.4909,28.1051],[85.4976,28.1221],[85.4926,28.1385],[85.5052,28.1517],[85.5291,28.1572],[85.5353,28.1673],[85.5585,28.1677],[85.5863,28.1532],[85.6039,28.1579],[85.6153,28.1503],[85.6173,28.1339],[85.63,28.1291],[85.6349,28.1301],[85.6399,28.1411],[85.6508,28.1461],[85.654,28.1514],[85.6796,28.158],[85.6909,28.1558],[85.7057,28.1638],[85.7147,28.1619],[85.7149,28.1694],[85.7216,28.1739],[85.73,28.1695],[85.752,28.1751],[85.7811,28.1742],[85.8009,28.1893],[85.8023,28.1962]]]}},{"type":"Feature","properties":{"province":3,"provinceName":"Bagmati","district":"Sindhuli"},"geometry":{"type":"Polygon","coordinates":[[[86.2059,27.25],[86.1938,27.2549],[86.1838,27.2517],[86.1595,27.2523],[86.1515,27.2422],[86.1372,27.2511],[86.1312,27.2637],[86.115,27.2723],[86.1082,27.2676],[86.0979,27.2674],[86.0797,27.2754],[86.0766,27.2913],[86.0572,27.288],[86.05,27.2966],[86.0405,27.2985],[86.0332,27.309],[86.0238,27.3087],[86.0255,27.3136],[86.0208,27.3201],[86,27.3372],[85.9858,27.3354],[85.9796,27.3706],[85.9725,27.3749],[85.9683,27.3842],[85.958,27.389],[85.9541,27.381],[85.9468,27.3805],[85.9363,27.3888],[85.9359,27.3952],[85.9299,27.3973],[85.9274,27.4044],[85.9202,27.4088],[85.8985,27.416],[85.8931,27.4135],[85.8882,27.4196],[85.8808,27.4164],[85.8545,27.4248],[85.8323,27.4373],[85.8291,27.4415],[85.8315,27.4474],[85.8238,27.4507],[85.8054,27.4384],[85.7931,27.4431],[85.7873,27.4349],[85.7868,27.4221],[85.7813,27.4181],[85.7758,27.3979],[85.7303,27.4116],[85.7167,27.4062],[85.7139,27.397],[85.7028,27.385],[85.6986,27.3724],[85.6977,27.3636],[85.7067,27.357],[85.7062,27.345],[85.6916,27.3368],[85.6814,27.3449],[85.6747,27.3441],[85.6743,27.3408],[85.6629,27.3344],[85.6529,27.3333],[85.6439,27.3424],[85.6457,27.3456],[85.6416,27.346],[85.6441,27.3495],[85.6377,27.3533],[85.6339,27.3474],[85.6252,27.3446],[85.5804,27.3444],[85.573,27.3402],[85.5673,27.3408],[85.5669,27.3445],[85.5613,27.3391],[85.5575,27.3456],[85.5526,27.3431],[85.5357,27.3564],[85.5255,27.3497],[85.5158,27.3504],[85.506,27.357],[85.5121,27.3654],[85.5082,27.3641],[85.5069,27.3691],[85.5034,27.3726],[85.4996,27.3713],[85.4974,27.3758],[85.4895,27.3762],[85.4751,27.3701],[85.4668,27.356],[85.4507,27.3508],[85.4486,27.3364],[85.4275,27.3324],[85.4204,27.3209],[85.4265,27.304],[85.4339,27.3005],[85.4328,27.2918],[85.4395,27.2839],[85.4504,27.2843],[85.4627,27.2793],[85.474,27.2697],[85.4829,27.2679],[85.491,27.2499],[85.4903,27.2201],[85.5064,27.2214],[85.5037,27.2079],[85.5125,27.1974],[85.5061,27.1938],[85.4909,27.1982],[85.4895,27.1923],[85.4948,27.187],[85.4827,27.1805],[85.4922,27.1712],[85.503,27.1755],[85.5054,27.1733],[85.5018,27.1674],[85.5058,27.1625],[85.4954,27.1619],[85.4918,27.1543],[85.5029,27.1433],[85.5304,27.1401],[85.5389,27.1485],[85.5491,27.1403],[85.5539,27.1402],[85.552,27.1454],[85.5558,27.1465],[85.5712,27.1432],[85.5732,27.1368],[85.583,27.1436],[85.597,27.1403],[85.6023,27.1433],[85.6073,27.1393],[85.6251,27.1404],[85.632,27.1371],[85.6491,27.1443],[85.6734,27.1662],[85.684,27.169],[85.6972,27.1838],[85.7191,27.1875],[85.7259,27.1949],[85.7717,27.1819],[85.8116,27.1613],[85.8321,27.1672],[85.8459,27.1596],[85.8371,27.1496],[85.8381,27.1466],[85.856,27.1376],[85.8643,27.1271],[85.8853,27.1461],[85.9164,27.1294],[85.9403,27.1212],[85.9382,27.1099],[85.9464,27.0918],[85.9533,27.0875],[85.9523,27.0837],[85.9643,27.0795],[85.9732,27.0506],[85.9938,27.0246],[86.0145,27.0184],[86.0499,27.0211],[86.0576,27.0179],[86.0915,27.0188],[86.1082,27.0151],[86.1899,26.9821],[86.1896,26.9771],[86.1939,26.9782],[86.201,26.9702],[86.2126,26.9652],[86.229,26.9492],[86.2369,26.9499],[86.2432,26.94],[86.2578,26.9321],[86.262,26.9188],[86.2654,26.9268],[86.2805,26.9341],[86.2858,26.9488],[86.2989,26.952],[86.3164,26.9629],[86.3549,26.9641],[86.3675,26.9796],[86.369,27],[86.3765,27.007],[86.3764,27.023],[86.3817,27.0311],[86.385,27.0312],[86.3696,27.037],[86.3657,27.0537],[86.3535,27.0613],[86.3532,27.0665],[86.3484,27.0659],[86.3494,27.0702],[86.3532,27.0695],[86.3576,27.075],[86.3607,27.0837],[86.3594,27.0939],[86.365,27.0992],[86.3436,27.1062],[86.3345,27.0995],[86.3255,27.0988],[86.3136,27.1026],[86.3088,27.1086],[86.3286,27.1106],[86.339,27.1262],[86.3375,27.1338],[86.3403,27.1335],[86.339,27.1377],[86.3454,27.147],[86.3474,27.1435],[86.3579,27.143],[86.3615,27.1391],[86.3703,27.1403],[86.3724,27.1462],[86.3767,27.1476],[86.3728,27.1507],[86.3761,27.1587],[86.3922,27.1796],[86.3866,27.1821],[86.3814,27.193],[86.3711,27.1922],[86.3605,27.2011],[86.3459,27.2025],[86.3423,27.21],[86.3455,27.2194],[86.3434,27.2287],[86.3183,27.2311],[86.3085,27.2369],[86.2973,27.2381],[86.2903,27.2454],[86.269,27.2533],[86.2687,27.2608],[86.2598,27.2578],[86.2552,27.25],[86.2325,27.2371],[86.2059,27.25]]]}},{"type":"Feature","properties":{"province":3,"provinceName":"Bagmati","district":"Sindhupalchok"},"geometry":{"type":"Polygon","coordinates":[[[86.0674,27.8995],[86.0497,27.9063],[86.042,27.9039],[86.0255,27.9074],[86.0161,27.9149],[86.003,27.9111],[85.9511,27.9408],[85.9602,27.9565],[85.9625,27.968],[85.9806,27.9877],[85.9795,27.9965],[85.9763,28.001],[85.9668,28.0019],[85.9562,28.0143],[85.9382,28.0239],[85.9172,28.0491],[85.9032,28.0537],[85.8987,28.0741],[85.903,28.078],[85.9056,28.089],[85.9004,28.1088],[85.8912,28.1164],[85.8799,28.1176],[85.8725,28.1235],[85.8743,28.1442],[85.8641,28.1511],[85.8617,28.1611],[85.8536,28.167],[85.8508,28.1839],[85.8313,28.1848],[85.8204,28.1937],[85.818,28.2031],[85.8023,28.1962],[85.8009,28.1893],[85.7811,28.1742],[85.752,28.1751],[85.73,28.1695],[85.7216,28.1739],[85.7149,28.1694],[85.7147,28.1619],[85.7057,28.1638],[85.6909,28.1558],[85.6796,28.158],[85.654,28.1514],[85.6508,28.1461],[85.6399,28.1411],[85.6349,28.1301],[85.63,28.1291],[85.6173,28.1339],[85.6153,28.1503],[85.6039,28.1579],[85.5863,28.1532],[85.5585,28.1677],[85.5353,28.1673],[85.5291,28.1572],[85.5052,28.1517],[85.4926,28.1385],[85.4976,28.1221],[85.4912,28.1118],[85.4915,28.1056],[85.4757,28.105],[85.4595,28.0925],[85.4476,28.0899],[85.4441,28.0824],[85.4466,28.0764],[85.4646,28.0692],[85.4807,28.0561],[85.4863,28.0442],[85.4967,28.0374],[85.4994,28.03],[85.4965,28.0022],[85.4895,27.9923],[85.4943,27.972],[85.4861,27.9702],[85.4808,27.9594],[85.4848,27.9523],[85.4847,27.9356],[85.4898,27.9196],[85.4819,27.9042],[85.4777,27.8848],[85.4706,27.8813],[85.4725,27.869],[85.4632,27.863],[85.4623,27.858],[85.4535,27.8502],[85.457,27.8458],[85.4505,27.8254],[85.454,27.8105],[85.4649,27.8041],[85.4702,27.7966],[85.4701,27.7835],[85.477,27.7776],[85.4831,27.7807],[85.4908,27.7795],[85.5,27.7862],[85.5054,27.7843],[85.5358,27.7917],[85.5535,27.7808],[85.5619,27.767],[85.568,27.7641],[85.5664,27.7547],[85.5523,27.7567],[85.5562,27.749],[85.5721,27.7445],[85.5762,27.7488],[85.5834,27.7496],[85.5974,27.7439],[85.6062,27.7485],[85.6129,27.7432],[85.6181,27.7315],[85.6465,27.718],[85.6572,27.7198],[85.6603,27.714],[85.6681,27.7122],[85.6821,27.6999],[85.6836,27.6851],[85.6895,27.6847],[85.689,27.6783],[85.6969,27.6695],[85.696,27.6637],[85.7086,27.652],[85.7083,27.6414],[85.7103,27.6534],[85.7076,27.6561],[85.7119,27.6546],[85.7157,27.6618],[85.723,27.666],[85.7252,27.6639],[85.7226,27.661],[85.727,27.6621],[85.737,27.6764],[85.7484,27.6777],[85.7537,27.6729],[85.769,27.6713],[85.7719,27.6673],[85.7823,27.6684],[85.7943,27.6647],[85.8149,27.6688],[85.8242,27.6554],[85.8182,27.6478],[85.8197,27.6438],[85.8446,27.6258],[85.8595,27.6324],[85.8693,27.6288],[85.8776,27.6161],[85.8825,27.6163],[85.8874,27.6105],[85.8935,27.6242],[85.913,27.6368],[85.9121,27.6427],[85.9174,27.6466],[85.9206,27.6633],[85.9415,27.6689],[85.9365,27.6873],[85.9412,27.6932],[85.9387,27.7087],[85.9542,27.7222],[85.9556,27.7292],[85.9633,27.7356],[85.9634,27.7419],[85.9722,27.7407],[85.98,27.7351],[86.007,27.745],[86.0302,27.7391],[86.0327,27.7421],[86.0364,27.7564],[86.0221,27.7722],[86.0285,27.7853],[86.0242,27.7908],[86.0249,27.8005],[86.0221,27.8093],[86.0049,27.8299],[86.0129,27.8393],[86.0273,27.8459],[86.0328,27.8625],[86.0453,27.8684],[86.0501,27.8859],[86.0674,27.8995]]]}},{"type":"Feature","properties":{"province":4,"provinceName":"Gandaki","district":"Baglung"},"geometry":{"type":"Polygon","coordinates":[[[83.1094,28.6321],[83.0983,28.635],[83.0863,28.6307],[83.0828,28.6255],[83.0595,28.62],[83.0448,28.6298],[83.0375,28.6256],[83.0267,28.6263],[83.0211,28.6216],[83,28.6234],[82.9849,28.6307],[82.9789,28.6288],[82.969,28.6153],[82.9584,28.6104],[82.9546,28.598],[82.9642,28.5818],[82.9874,28.5707],[82.9824,28.5507],[82.9758,28.5422],[82.9345,28.5657],[82.9257,28.5675],[82.9182,28.5643],[82.9138,28.5427],[82.9133,28.5297],[82.916,28.5275],[82.8966,28.5153],[82.8793,28.5153],[82.8903,28.5065],[82.8963,28.4941],[82.9137,28.4805],[82.9059,28.4753],[82.8881,28.4794],[82.8806,28.4735],[82.8883,28.4523],[82.9026,28.4472],[82.9163,28.4341],[82.9142,28.4273],[82.9205,28.4173],[82.9212,28.409],[82.9181,28.4026],[82.9384,28.402],[82.9398,28.3986],[82.9456,28.3983],[82.9442,28.3937],[82.9524,28.3839],[82.9499,28.3786],[82.9571,28.3715],[82.9567,28.36],[82.982,28.3593],[82.996,28.3508],[83.0062,28.3325],[83.0149,28.3327],[83.0205,28.3254],[83.0352,28.3216],[83.0467,28.3245],[83.0689,28.3132],[83.0718,28.3013],[83.0875,28.2887],[83.0946,28.2775],[83.099,28.277],[83.0955,28.2568],[83.1115,28.2516],[83.1264,28.2576],[83.1328,28.25],[83.1575,28.2707],[83.1698,28.2578],[83.1868,28.2706],[83.2076,28.252],[83.2171,28.2486],[83.2179,28.2435],[83.2281,28.235],[83.2358,28.2217],[83.2538,28.214],[83.2612,28.1999],[83.2696,28.1982],[83.2759,28.1874],[83.2801,28.1909],[83.2999,28.1927],[83.3083,28.1977],[83.3185,28.1902],[83.332,28.1889],[83.3575,28.1973],[83.3719,28.1826],[83.3726,28.1762],[83.3862,28.1637],[83.3925,28.1668],[83.3968,28.1557],[83.4133,28.1439],[83.4156,28.1376],[83.4202,28.137],[83.4253,28.1251],[83.4408,28.1308],[83.4483,28.1249],[83.4598,28.1323],[83.4639,28.1298],[83.4757,28.1322],[83.4803,28.13],[83.4761,28.1189],[83.4881,28.1131],[83.5017,28.1173],[83.5078,28.1258],[83.5124,28.1268],[83.534,28.1164],[83.5406,28.1201],[83.5499,28.1198],[83.5563,28.117],[83.5572,28.1064],[83.567,28.1008],[83.5653,28.092],[83.5776,28.0871],[83.5827,28.0773],[83.5833,28.0812],[83.5913,28.0805],[83.6029,28.0955],[83.6068,28.1104],[83.6313,28.122],[83.6352,28.132],[83.6412,28.1361],[83.6359,28.1509],[83.6402,28.1541],[83.6394,28.1612],[83.6458,28.1662],[83.6415,28.1746],[83.6471,28.1775],[83.6503,28.1864],[83.6537,28.1865],[83.6613,28.1985],[83.6736,28.2043],[83.6712,28.2091],[83.6764,28.2177],[83.67,28.2304],[83.6626,28.2302],[83.6594,28.2372],[83.6506,28.2374],[83.612,28.2589],[83.6126,28.2671],[83.6072,28.2706],[83.6098,28.2848],[83.6025,28.2892],[83.6044,28.2971],[83.5938,28.3013],[83.5866,28.3098],[83.5612,28.3165],[83.5481,28.3132],[83.5373,28.3031],[83.5291,28.3149],[83.5118,28.3166],[83.5,28.3242],[83.4867,28.3199],[83.4455,28.3286],[83.4409,28.3402],[83.4265,28.3409],[83.4211,28.3524],[83.4133,28.3574],[83.3928,28.3554],[83.3861,28.3582],[83.3801,28.3552],[83.3656,28.3706],[83.3376,28.3708],[83.3356,28.3659],[83.3273,28.3647],[83.3139,28.3544],[83.3036,28.3561],[83.2875,28.3686],[83.2808,28.3673],[83.2887,28.3797],[83.2843,28.3925],[83.2918,28.3968],[83.2928,28.4068],[83.2989,28.4149],[83.2913,28.4183],[83.2901,28.4251],[83.2815,28.433],[83.2767,28.4298],[83.2746,28.4419],[83.2901,28.4454],[83.3003,28.4555],[83.3025,28.4613],[83.2985,28.47],[83.2855,28.4751],[83.2759,28.4935],[83.2677,28.492],[83.2565,28.4956],[83.2598,28.5008],[83.2503,28.5005],[83.2428,28.5065],[83.2222,28.5136],[83.2017,28.5015],[83.1709,28.4933],[83.1332,28.496],[83.1329,28.5119],[83.1281,28.5186],[83.1276,28.5277],[83.1035,28.5412],[83.1025,28.5668],[83.1107,28.5811],[83.1056,28.6094],[83.1094,28.6321]]]}},{"type":"Feature","properties":{"province":4,"provinceName":"Gandaki","district":"Gorkha"},"geometry":{"type":"Polygon","coordinates":[[[85.1102,28.3464],[85.1174,28.367],[85.1241,28.3725],[85.1242,28.3858],[85.1289,28.3922],[85.1181,28.4087],[85.1167,28.4426],[85.105,28.4477],[85.1017,28.4567],[85.1149,28.4712],[85.1155,28.4795],[85.1207,28.4854],[85.1267,28.4877],[85.1468,28.4855],[85.1551,28.4904],[85.1593,28.4978],[85.1592,28.5094],[85.1684,28.5214],[85.1687,28.5323],[85.1888,28.5334],[85.1912,28.5471],[85.187,28.5612],[85.1938,28.5689],[85.1836,28.5791],[85.1835,28.5876],[85.1759,28.5973],[85.1912,28.6048],[85.1996,28.6207],[85.1997,28.6272],[85.1871,28.6321],[85.1901,28.6416],[85.1812,28.6449],[85.1594,28.6428],[85.1474,28.6564],[85.1479,28.6609],[85.1373,28.6664],[85.1347,28.6758],[85.1171,28.6866],[85.0862,28.6708],[85.0606,28.6823],[85.0559,28.6803],[85.0543,28.6699],[85.0434,28.6683],[85.0426,28.6579],[85.0331,28.656],[85.0194,28.6393],[85.0111,28.637],[85.0026,28.6229],[84.9909,28.6126],[84.9882,28.6052],[84.9951,28.5997],[84.9859,28.5914],[84.9511,28.58],[84.9471,28.5947],[84.9216,28.5951],[84.9094,28.588],[84.9032,28.5932],[84.9015,28.5898],[84.8925,28.5886],[84.8883,28.5825],[84.8686,28.5812],[84.8593,28.5705],[84.7829,28.6094],[84.7575,28.6134],[84.7491,28.6182],[84.7394,28.6166],[84.7274,28.6205],[84.716,28.6329],[84.697,28.6363],[84.704,28.6473],[84.6994,28.6534],[84.7071,28.671],[84.6705,28.6833],[84.6687,28.6941],[84.6528,28.7023],[84.6529,28.7143],[84.6457,28.7251],[84.6285,28.7364],[84.608,28.7333],[84.5945,28.7365],[84.5739,28.7351],[84.5594,28.7469],[84.5592,28.7521],[84.5426,28.7441],[84.5271,28.7421],[84.5169,28.7485],[84.5044,28.7442],[84.4939,28.7345],[84.484,28.7183],[84.5035,28.6985],[84.5222,28.6943],[84.5148,28.6735],[84.5244,28.6631],[84.5209,28.6517],[84.5336,28.6462],[84.5381,28.6335],[84.5449,28.6272],[84.5436,28.5983],[84.5513,28.5836],[84.5529,28.5698],[84.5496,28.563],[84.554,28.5591],[84.5496,28.5545],[84.5616,28.55],[84.5622,28.5327],[84.5692,28.5234],[84.5727,28.5099],[84.5671,28.5006],[84.5673,28.4859],[84.5852,28.4769],[84.6007,28.4519],[84.615,28.4474],[84.6231,28.4493],[84.6392,28.4394],[84.6492,28.4184],[84.6621,28.4094],[84.678,28.387],[84.6785,28.3763],[84.697,28.3608],[84.6827,28.3427],[84.6716,28.3421],[84.6699,28.3278],[84.6656,28.3217],[84.6611,28.3236],[84.662,28.3144],[84.6571,28.3124],[84.6486,28.2929],[84.6537,28.2643],[84.6486,28.25],[84.6351,28.2298],[84.6425,28.2049],[84.6354,28.1892],[84.6142,28.1724],[84.6117,28.1596],[84.6033,28.1518],[84.5876,28.146],[84.5891,28.1428],[84.5783,28.138],[84.5763,28.1303],[84.5584,28.1245],[84.5543,28.12],[84.5562,28.1161],[84.5518,28.1136],[84.5524,28.108],[84.543,28.0995],[84.5324,28.0992],[84.5158,28.0878],[84.5,28.085],[84.4803,28.0889],[84.4821,28.0807],[84.4896,28.0775],[84.4861,28.0764],[84.4903,28.0714],[84.4893,28.062],[84.4843,28.0554],[84.4804,28.0582],[84.474,28.0512],[84.4683,28.0508],[84.4704,28.0455],[84.4637,28.0384],[84.4663,28.0279],[84.4617,28.0235],[84.4596,28.0041],[84.4453,27.9925],[84.4405,27.9932],[84.4419,27.9881],[84.4299,27.9859],[84.4236,27.9785],[84.421,27.9694],[84.4247,27.9624],[84.4229,27.9578],[84.4277,27.952],[84.4384,27.9483],[84.4475,27.9461],[84.4514,27.9501],[84.4559,27.9491],[84.4605,27.942],[84.4665,27.9434],[84.4755,27.9399],[84.4756,27.9355],[84.4834,27.9325],[84.4859,27.9278],[84.5084,27.923],[84.5104,27.9198],[84.5036,27.9154],[84.5117,27.9133],[84.5153,27.9175],[84.5193,27.9123],[84.5248,27.9151],[84.535,27.9128],[84.5409,27.9171],[84.5398,27.9089],[84.5476,27.9047],[84.5431,27.9006],[84.5427,27.8853],[84.5472,27.8804],[84.5429,27.8756],[84.5467,27.8696],[84.5545,27.8699],[84.5496,27.8628],[84.5609,27.8577],[84.5756,27.8612],[84.5795,27.8646],[84.5795,27.8715],[84.5917,27.8794],[84.6103,27.8713],[84.6239,27.8803],[84.636,27.8687],[84.6372,27.8605],[84.6505,27.8598],[84.6491,27.8535],[84.6626,27.8493],[84.6662,27.8404],[84.6633,27.8287],[84.6702,27.8183],[84.6872,27.8101],[84.7099,27.8063],[84.713,27.8003],[84.7209,27.8035],[84.733,27.7954],[84.7392,27.7988],[84.7407,27.8037],[84.756,27.8062],[84.7588,27.8139],[84.7648,27.818],[84.7776,27.8086],[84.7844,27.8151],[84.7759,27.824],[84.7781,27.8351],[84.7697,27.8436],[84.7673,27.8591],[84.7582,27.8615],[84.7556,27.8733],[84.7481,27.88],[84.7514,27.8859],[84.7379,27.8926],[84.7398,27.8968],[84.7354,27.9068],[84.7373,27.9152],[84.7342,27.9256],[84.7388,27.9287],[84.7362,27.9333],[84.7416,27.9364],[84.7481,27.9599],[84.7769,27.9712],[84.7734,27.9765],[84.7863,27.9831],[84.7923,27.9978],[84.7991,27.9979],[84.7996,28.0021],[84.8135,28.0027],[84.8155,28.0091],[84.8117,28.0166],[84.8158,28.0282],[84.8117,28.0378],[84.8206,28.0475],[84.823,28.0627],[84.834,28.0894],[84.8395,28.0947],[84.8393,28.1039],[84.8459,28.1161],[84.8569,28.1224],[84.8716,28.1203],[84.8947,28.0998],[84.9026,28.1065],[84.9203,28.1032],[84.9238,28.1064],[84.9223,28.1149],[84.931,28.1261],[84.945,28.1224],[84.9591,28.1265],[84.9605,28.1359],[84.9564,28.1433],[84.9601,28.147],[84.9595,28.1553],[84.9679,28.1743],[84.9672,28.1796],[84.9761,28.1901],[84.9643,28.2125],[84.9669,28.2172],[84.9793,28.2265],[84.9938,28.2445],[85.0009,28.241],[85.0049,28.2478],[85.0033,28.2526],[85.0302,28.2622],[85.0402,28.2917],[85.0349,28.3026],[85.0434,28.3117],[85.0489,28.3257],[85.0552,28.3268],[85.0828,28.3457],[85.1102,28.3464]]]}},{"type":"Feature","properties":{"province":4,"provinceName":"Gandaki","district":"Kaski"},"geometry":{"type":"Polygon","coordinates":[[[84.2712,28.4564],[84.2808,28.4707],[84.2762,28.4712],[84.2686,28.4802],[84.2364,28.4838],[84.2282,28.4806],[84.2207,28.4855],[84.1912,28.489],[84.1873,28.5061],[84.1646,28.512],[84.1393,28.5393],[84.1266,28.5345],[84.0874,28.5383],[84.0738,28.548],[84.0619,28.5633],[84.033,28.5725],[84.0156,28.5871],[83.9917,28.5843],[83.9812,28.5962],[83.9659,28.6052],[83.9418,28.6009],[83.9302,28.6051],[83.8899,28.6066],[83.8736,28.6132],[83.8319,28.5953],[83.8217,28.5954],[83.811,28.5893],[83.804,28.5798],[83.8092,28.5636],[83.8297,28.5418],[83.8308,28.5345],[83.8156,28.5181],[83.8044,28.516],[83.7844,28.4965],[83.7749,28.4805],[83.7543,28.4719],[83.7556,28.4582],[83.7392,28.4394],[83.7339,28.4201],[83.7474,28.4025],[83.7594,28.4054],[83.7613,28.3935],[83.7027,28.3984],[83.707,28.388],[83.7252,28.3751],[83.7206,28.3681],[83.7297,28.3563],[83.7281,28.3489],[83.7404,28.3424],[83.7486,28.3274],[83.7765,28.3089],[83.7636,28.2928],[83.7766,28.2852],[83.7677,28.2737],[83.8032,28.2604],[83.8227,28.26],[83.8246,28.2505],[83.8004,28.2284],[83.8188,28.2099],[83.8262,28.2142],[83.8393,28.2121],[83.8488,28.199],[83.8581,28.1939],[83.8727,28.1975],[83.8795,28.1922],[83.8931,28.1943],[83.9002,28.19],[83.9074,28.1769],[83.9257,28.1683],[83.9292,28.1604],[83.9246,28.1552],[83.9255,28.1498],[83.9326,28.1436],[83.9576,28.1391],[83.9627,28.1409],[83.9628,28.1386],[83.9706,28.1433],[83.9822,28.1432],[83.9822,28.1398],[83.9926,28.1371],[83.9922,28.1345],[84.004,28.1318],[84.0009,28.1215],[84.012,28.1103],[84.0171,28.1102],[84.0144,28.1055],[84.0287,28.1055],[84.0278,28.096],[84.0346,28.0993],[84.0442,28.0945],[84.0399,28.0912],[84.0498,28.084],[84.0604,28.0881],[84.0718,28.0775],[84.081,28.0914],[84.0899,28.0948],[84.1055,28.1102],[84.1164,28.1059],[84.1468,28.106],[84.1605,28.097],[84.1679,28.1008],[84.1812,28.1011],[84.185,28.0958],[84.212,28.0943],[84.2211,28.0997],[84.2281,28.0957],[84.2313,28.0996],[84.2254,28.118],[84.2195,28.1236],[84.2212,28.1327],[84.2307,28.1394],[84.2233,28.1488],[84.2219,28.1649],[84.2154,28.1725],[84.2209,28.1807],[84.2113,28.1835],[84.2079,28.1892],[84.1964,28.1882],[84.1928,28.1954],[84.2036,28.1994],[84.2125,28.2118],[84.2107,28.2158],[84.2156,28.2363],[84.2132,28.2379],[84.2163,28.2441],[84.2131,28.2654],[84.2077,28.2732],[84.1985,28.2778],[84.1889,28.2913],[84.1978,28.3049],[84.2002,28.3205],[84.2078,28.3284],[84.2066,28.3375],[84.2127,28.3528],[84.2197,28.3597],[84.2194,28.3779],[84.2145,28.3857],[84.2161,28.3919],[84.2266,28.402],[84.2317,28.4158],[84.247,28.424],[84.2485,28.4417],[84.2685,28.4514],[84.2712,28.4564]]]}},{"type":"Feature","properties":{"province":4,"provinceName":"Gandaki","district":"Lamjung"},"geometry":{"type":"Polygon","coordinates":[[[84.5703,28.4827],[84.5528,28.4713],[84.5336,28.4729],[84.5112,28.4642],[84.4929,28.4614],[84.4887,28.4702],[84.4814,28.4731],[84.4726,28.4834],[84.4635,28.5],[84.4469,28.5092],[84.4346,28.51],[84.4251,28.5031],[84.4193,28.4908],[84.4179,28.4713],[84.4003,28.4564],[84.3751,28.4609],[84.3759,28.4537],[84.3301,28.4527],[84.2903,28.4448],[84.2809,28.4469],[84.2711,28.4564],[84.2685,28.4514],[84.2485,28.4417],[84.247,28.424],[84.2317,28.4158],[84.2266,28.402],[84.2161,28.3919],[84.2145,28.3857],[84.2194,28.3779],[84.2197,28.3597],[84.2127,28.3528],[84.2066,28.3375],[84.2078,28.3284],[84.2002,28.3205],[84.1978,28.3049],[84.1889,28.2913],[84.1985,28.2778],[84.2077,28.2732],[84.2131,28.2654],[84.2163,28.2441],[84.2132,28.2379],[84.2156,28.2363],[84.2107,28.2158],[84.2125,28.2118],[84.2036,28.1994],[84.1928,28.1954],[84.1964,28.1882],[84.2079,28.1892],[84.2113,28.1835],[84.2209,28.1807],[84.2154,28.1725],[84.2218,28.1652],[84.2233,28.1488],[84.2307,28.1394],[84.2212,28.1327],[84.2195,28.1236],[84.225,28.1188],[84.2316,28.101],[84.2279,28.0947],[84.2325,28.0891],[84.234,28.0787],[84.2479,28.0826],[84.2501,28.0877],[84.2554,28.0848],[84.2659,28.0932],[84.2714,28.0905],[84.28,28.0928],[84.2834,28.0981],[84.3072,28.1082],[84.3117,28.1071],[84.3319,28.124],[84.3428,28.1218],[84.3612,28.129],[84.391,28.1263],[84.3978,28.1296],[84.4215,28.1172],[84.4241,28.1191],[84.4295,28.111],[84.4457,28.1042],[84.4453,28.0991],[84.4598,28.0907],[84.4714,28.0742],[84.4691,28.0699],[84.4761,28.0678],[84.4769,28.0612],[84.4843,28.0554],[84.4903,28.0665],[84.4861,28.0764],[84.4899,28.0765],[84.4821,28.0807],[84.4803,28.0889],[84.5,28.085],[84.5158,28.0878],[84.5324,28.0992],[84.543,28.0995],[84.5524,28.108],[84.5518,28.1136],[84.5562,28.1161],[84.5543,28.12],[84.5584,28.1245],[84.5763,28.1303],[84.5783,28.138],[84.5891,28.1428],[84.5876,28.146],[84.6033,28.1518],[84.6115,28.1593],[84.6142,28.1724],[84.6351,28.1888],[84.6422,28.2031],[84.6351,28.2298],[84.6486,28.25],[84.6537,28.2643],[84.6486,28.2929],[84.6571,28.3124],[84.662,28.3144],[84.6607,28.3229],[84.6656,28.3217],[84.6698,28.3276],[84.6716,28.3421],[84.6827,28.3427],[84.697,28.3608],[84.6785,28.3763],[84.678,28.387],[84.6621,28.4094],[84.6492,28.4184],[84.6392,28.4394],[84.6231,28.4493],[84.615,28.4474],[84.6007,28.4519],[84.5852,28.4769],[84.5703,28.4827]]]}},{"type":"Feature","properties":{"province":4,"provinceName":"Gandaki","district":"Manang"},"geometry":{"type":"Polygon","coordinates":[[[84.1919,28.8993],[84.1814,28.8967],[84.1723,28.8816],[84.1598,28.8721],[84.1483,28.8802],[84.1406,28.8792],[84.1327,28.8885],[84.1175,28.8809],[84.0979,28.8873],[84.0921,28.8793],[84.0938,28.8732],[84.0864,28.8659],[84.0912,28.8553],[84.0871,28.8495],[84.0629,28.839],[84.0539,28.8425],[84.048,28.8301],[84.0495,28.8224],[84.039,28.813],[84.0274,28.8101],[84.0254,28.8018],[84.0169,28.7974],[84.007,28.8015],[83.9971,28.8133],[83.9697,28.8171],[83.9619,28.8338],[83.9525,28.8347],[83.9404,28.8246],[83.9425,28.8201],[83.9397,28.8122],[83.9443,28.8079],[83.9412,28.7886],[83.9254,28.7798],[83.9096,28.7784],[83.8996,28.7706],[83.8928,28.7512],[83.8933,28.7436],[83.8809,28.7377],[83.8743,28.7271],[83.8662,28.7226],[83.8472,28.7269],[83.8212,28.714],[83.8158,28.7146],[83.7913,28.6931],[83.8147,28.6821],[83.8515,28.654],[83.8737,28.6131],[83.8899,28.6066],[83.9302,28.6051],[83.9418,28.6009],[83.9659,28.6052],[83.9812,28.5962],[83.9917,28.5843],[84.0156,28.5871],[84.033,28.5725],[84.0619,28.5633],[84.0738,28.548],[84.0874,28.5383],[84.1266,28.5345],[84.1393,28.5393],[84.1646,28.512],[84.1873,28.5061],[84.1912,28.489],[84.2207,28.4855],[84.2282,28.4806],[84.2364,28.4838],[84.2686,28.4802],[84.2762,28.4712],[84.2808,28.4707],[84.2712,28.4564],[84.2826,28.4463],[84.2928,28.445],[84.3301,28.4527],[84.3759,28.4537],[84.3751,28.4609],[84.4003,28.4564],[84.4179,28.4713],[84.4193,28.4908],[84.4251,28.5031],[84.4346,28.51],[84.4469,28.5092],[84.4635,28.5],[84.4726,28.4834],[84.4814,28.4731],[84.4887,28.4702],[84.4929,28.4614],[84.5112,28.4642],[84.5336,28.4729],[84.552,28.4711],[84.5656,28.4776],[84.5703,28.4827],[84.5669,28.4868],[84.5671,28.5006],[84.5727,28.5099],[84.5692,28.5234],[84.5622,28.5327],[84.5616,28.55],[84.5496,28.5545],[84.554,28.5591],[84.5496,28.563],[84.5529,28.5698],[84.5513,28.5836],[84.5436,28.5983],[84.5449,28.6272],[84.5381,28.6335],[84.5336,28.6462],[84.5209,28.6517],[84.5244,28.6631],[84.5148,28.6735],[84.5222,28.6943],[84.5035,28.6985],[84.484,28.7183],[84.494,28.7346],[84.483,28.7466],[84.4626,28.7512],[84.4541,28.7647],[84.4387,28.7693],[84.4481,28.7824],[84.4475,28.7933],[84.4342,28.8014],[84.4318,28.8132],[84.4375,28.8208],[84.421,28.8315],[84.4028,28.8301],[84.4015,28.8372],[84.4103,28.8437],[84.4114,28.8533],[84.3774,28.8643],[84.3592,28.8593],[84.3453,28.8729],[84.3355,28.8646],[84.3258,28.8626],[84.3178,28.8697],[84.2895,28.8771],[84.2861,28.8826],[84.2762,28.8866],[84.2677,28.8977],[84.2545,28.8902],[84.228,28.8939],[84.2223,28.8915],[84.1919,28.8993]]]}},{"type":"Feature","properties":{"province":4,"provinceName":"Gandaki","district":"Mustang"},"geometry":{"type":"Polygon","coordinates":[[[84.1919,28.8993],[84.2225,28.8915],[84.228,28.8939],[84.2226,28.9156],[84.2338,28.9602],[84.244,28.9764],[84.2407,28.9822],[84.2416,28.9973],[84.25,29.0126],[84.25,29.0372],[84.2444,29.0442],[84.2381,29.0445],[84.223,29.0535],[84.2112,29.0536],[84.1986,29.0465],[84.1918,29.0469],[84.1883,29.0807],[84.2038,29.1037],[84.2031,29.1239],[84.1769,29.1308],[84.1755,29.1497],[84.1681,29.1641],[84.1714,29.1721],[84.1644,29.1852],[84.1688,29.1896],[84.1665,29.1948],[84.1797,29.2067],[84.1905,29.2057],[84.2019,29.2139],[84.1997,29.2207],[84.2051,29.2366],[84.2032,29.24],[84.1939,29.2441],[84.181,29.2376],[84.1595,29.2417],[84.1433,29.2361],[84.1301,29.2431],[84.1185,29.2441],[84.1145,29.2481],[84.117,29.258],[84.1145,29.263],[84.1207,29.265],[84.1239,29.2705],[84.1196,29.277],[84.1223,29.2797],[84.0905,29.2945],[84.0709,29.2852],[84.0587,29.2902],[84.0552,29.2974],[84.046,29.3008],[84.0324,29.2933],[84.0286,29.2856],[84.0256,29.2891],[84.0179,29.2889],[84.013,29.2942],[84.0006,29.2948],[83.9899,29.3004],[84.0014,29.3063],[84.0031,29.3119],[83.978,29.3286],[83.9648,29.3313],[83.9506,29.317],[83.9451,29.3162],[83.9069,29.3257],[83.9001,29.3188],[83.8895,29.3201],[83.8588,29.3098],[83.8563,29.3016],[83.8499,29.2975],[83.8148,29.302],[83.8101,29.2946],[83.813,29.2908],[83.8099,29.2858],[83.7994,29.2818],[83.7966,29.2774],[83.8044,29.2563],[83.7993,29.2535],[83.7994,29.25],[83.7835,29.2443],[83.7802,29.2476],[83.7732,29.2468],[83.7697,29.2408],[83.7642,29.2399],[83.7427,29.2454],[83.7239,29.2415],[83.7133,29.2445],[83.6863,29.2131],[83.6771,29.2077],[83.6581,29.2041],[83.6602,29.1874],[83.6656,29.184],[83.6595,29.1761],[83.6682,29.1697],[83.6641,29.1649],[83.6649,29.1567],[83.6779,29.1489],[83.677,29.137],[83.6825,29.1234],[83.6627,29.1246],[83.6537,29.1195],[83.652,29.1044],[83.6309,29.1068],[83.6227,29.0978],[83.6177,29.0983],[83.6182,29.0925],[83.6328,29.081],[83.6336,29.0629],[83.6217,29.0597],[83.6211,29.0457],[83.6146,29.036],[83.6186,29.0191],[83.614,29.0147],[83.619,29.0064],[83.6171,28.9876],[83.6113,28.9802],[83.6066,28.9801],[83.6013,28.9856],[83.5941,28.9836],[83.5817,28.9556],[83.5696,28.9436],[83.5607,28.9448],[83.5581,28.933],[83.5015,28.8771],[83.5079,28.8658],[83.5082,28.8564],[83.5,28.8425],[83.494,28.8464],[83.4837,28.8446],[83.4824,28.8366],[83.4856,28.8319],[83.4821,28.8171],[83.4898,28.8037],[83.489,28.7905],[83.5065,28.7933],[83.5102,28.788],[83.5509,28.7753],[83.5571,28.7673],[83.5558,28.7569],[83.5598,28.7542],[83.5607,28.7462],[83.5514,28.7362],[83.5392,28.7108],[83.5417,28.6971],[83.5296,28.6883],[83.5427,28.6716],[83.5458,28.6547],[83.5632,28.6449],[83.5667,28.632],[83.5637,28.6186],[83.5662,28.6067],[83.5724,28.5988],[83.5714,28.5936],[83.5817,28.5833],[83.5912,28.5897],[83.5987,28.5892],[83.615,28.5839],[83.6229,28.5758],[83.6447,28.5729],[83.6398,28.5664],[83.6583,28.5646],[83.6654,28.5668],[83.6673,28.5728],[83.6745,28.5767],[83.6854,28.5994],[83.688,28.6136],[83.6994,28.6172],[83.7071,28.6303],[83.7085,28.6397],[83.7226,28.6522],[83.7321,28.6547],[83.7299,28.6669],[83.7388,28.6724],[83.7381,28.678],[83.7466,28.69],[83.7695,28.6864],[83.779,28.6886],[83.7913,28.6931],[83.8148,28.7141],[83.8234,28.7149],[83.8384,28.724],[83.8562,28.7266],[83.8662,28.7226],[83.8741,28.7269],[83.8809,28.7377],[83.8933,28.7436],[83.8928,28.7512],[83.8996,28.7706],[83.9096,28.7784],[83.9254,28.7798],[83.9412,28.7886],[83.9443,28.8079],[83.9397,28.8122],[83.9425,28.8201],[83.9404,28.8246],[83.9462,28.8311],[83.9605,28.8347],[83.9697,28.8171],[83.9971,28.8133],[84.007,28.8015],[84.0169,28.7974],[84.0254,28.8018],[84.0274,28.8101],[84.039,28.813],[84.0495,28.8224],[84.048,28.8301],[84.0539,28.8425],[84.0629,28.839],[84.0871,28.8495],[84.0912,28.8553],[84.0864,28.8659],[84.0938,28.8732],[84.0921,28.8793],[84.0979,28.8873],[84.1171,28.8807],[84.1327,28.8885],[84.1406,28.8792],[84.1483,28.8802],[84.1598,28.8721],[84.1723,28.8816],[84.1814,28.8967],[84.1919,28.8993]]]}},{"type":"Feature","properties":{"province":4,"provinceName":"Gandaki","district":"Myagdi"},"geometry":{"type":"Polygon","coordinates":[[[83.5088,28.7889],[83.5054,28.7936],[83.5,28.7903],[83.489,28.7906],[83.4855,28.7828],[83.4632,28.78],[83.4481,28.7688],[83.4125,28.7605],[83.3905,28.763],[83.364,28.734],[83.3287,28.738],[83.3006,28.7319],[83.2789,28.7218],[83.25,28.7303],[83.2313,28.7428],[83.2119,28.7318],[83.1885,28.7435],[83.1474,28.747],[83.1446,28.7338],[83.1481,28.7307],[83.1462,28.7254],[83.1545,28.701],[83.1519,28.6957],[83.1454,28.6932],[83.1485,28.6819],[83.1417,28.6758],[83.1351,28.6736],[83.1246,28.6766],[83.1209,28.6732],[83.127,28.6639],[83.1264,28.6585],[83.1172,28.6434],[83.1179,28.6314],[83.1094,28.6321],[83.1075,28.6276],[83.106,28.6021],[83.1107,28.5811],[83.1025,28.5668],[83.1035,28.5412],[83.1276,28.5277],[83.1281,28.5186],[83.1329,28.5119],[83.1332,28.496],[83.1709,28.4933],[83.2017,28.5015],[83.2214,28.5137],[83.2428,28.5065],[83.2503,28.5005],[83.2598,28.5008],[83.2565,28.4956],[83.2677,28.492],[83.2759,28.4935],[83.2846,28.4761],[83.2985,28.47],[83.3025,28.4613],[83.2923,28.4466],[83.2746,28.4419],[83.2767,28.4298],[83.2815,28.433],[83.2901,28.4251],[83.2913,28.4183],[83.2989,28.4149],[83.2928,28.4068],[83.2918,28.3968],[83.2843,28.3925],[83.2887,28.3797],[83.2808,28.3673],[83.2875,28.3686],[83.3036,28.3561],[83.3142,28.3545],[83.3273,28.3647],[83.3356,28.3659],[83.3376,28.3708],[83.3656,28.3706],[83.3801,28.3552],[83.3861,28.3582],[83.3928,28.3554],[83.4133,28.3574],[83.4211,28.3524],[83.4265,28.3409],[83.4409,28.3402],[83.4455,28.3286],[83.4867,28.3199],[83.5,28.3242],[83.5118,28.3166],[83.5291,28.3149],[83.5373,28.3031],[83.5481,28.3132],[83.5648,28.3169],[83.5873,28.3095],[83.5938,28.3013],[83.6033,28.2981],[83.5992,28.3152],[83.577,28.3341],[83.5751,28.3401],[83.5706,28.3403],[83.5674,28.357],[83.5714,28.374],[83.586,28.3806],[83.5949,28.3914],[83.5992,28.3915],[83.6287,28.3807],[83.6361,28.366],[83.6605,28.348],[83.6667,28.35],[83.6816,28.3712],[83.6802,28.3786],[83.6901,28.3987],[83.7613,28.3935],[83.7594,28.4054],[83.7474,28.4025],[83.7339,28.4201],[83.7392,28.4394],[83.7556,28.4582],[83.7543,28.4719],[83.7749,28.4805],[83.7844,28.4965],[83.8044,28.516],[83.8156,28.5181],[83.8308,28.5345],[83.8297,28.5418],[83.8092,28.5636],[83.804,28.5798],[83.811,28.5893],[83.8217,28.5954],[83.8319,28.5953],[83.8734,28.6148],[83.8522,28.6533],[83.8139,28.6826],[83.7913,28.6931],[83.7696,28.6864],[83.7466,28.69],[83.7381,28.678],[83.7388,28.6724],[83.7299,28.6669],[83.7321,28.6547],[83.7226,28.6522],[83.7085,28.6397],[83.7071,28.6303],[83.6994,28.6172],[83.688,28.6136],[83.6788,28.585],[83.6654,28.5668],[83.6398,28.5664],[83.6447,28.5729],[83.6229,28.5758],[83.6139,28.5845],[83.5977,28.5894],[83.5912,28.5897],[83.5817,28.5833],[83.5714,28.5936],[83.5719,28.6001],[83.5661,28.607],[83.5636,28.6203],[83.5667,28.632],[83.5632,28.6449],[83.5458,28.6547],[83.5427,28.6716],[83.5296,28.6883],[83.5417,28.6971],[83.5392,28.7108],[83.5514,28.7362],[83.5604,28.7454],[83.5598,28.7542],[83.5558,28.7569],[83.5582,28.7644],[83.5509,28.7753],[83.5088,28.7889]]]}},{"type":"Feature","properties":{"province":4,"provinceName":"Gandaki","district":"Nawalpur"},"geometry":{"type":"Polygon","coordinates":[[[84.4242,27.7411],[84.4263,27.7459],[84.42,27.749],[84.4221,27.7542],[84.4196,27.7589],[84.4084,27.7616],[84.3943,27.7753],[84.3806,27.779],[84.3688,27.7727],[84.3631,27.7535],[84.3539,27.7487],[84.346,27.751],[84.3421,27.7438],[84.3354,27.749],[84.3278,27.748],[84.3241,27.7591],[84.3176,27.7637],[84.3205,27.7741],[84.316,27.7852],[84.3022,27.7922],[84.3001,27.8059],[84.3039,27.809],[84.303,27.8151],[84.3079,27.8186],[84.3021,27.8226],[84.2935,27.8377],[84.2747,27.8362],[84.2702,27.8322],[84.2681,27.8385],[84.2548,27.8382],[84.2444,27.8464],[84.2298,27.8455],[84.2308,27.8402],[84.2276,27.8364],[84.2206,27.8458],[84.2157,27.8463],[84.2113,27.8386],[84.2081,27.842],[84.2095,27.8492],[84.2043,27.8522],[84.1935,27.8464],[84.1754,27.8522],[84.1716,27.8455],[84.1651,27.8468],[84.1648,27.8414],[84.1587,27.8394],[84.1579,27.8481],[84.145,27.8501],[84.1263,27.8456],[84.1228,27.8482],[84.131,27.8527],[84.1288,27.859],[84.1223,27.8597],[84.1233,27.8538],[84.1189,27.8506],[84.1113,27.8616],[84.1047,27.8548],[84.0978,27.8582],[84.103,27.8662],[84.0826,27.8697],[84.0796,27.869],[84.0808,27.8635],[84.0736,27.8648],[84.0704,27.8569],[84.0557,27.8489],[84.0495,27.8563],[84.0419,27.85],[84.0432,27.8554],[84.0375,27.8578],[84.0306,27.8562],[84.0246,27.8483],[84.0223,27.8407],[84.0271,27.8351],[84.0288,27.8203],[84.0222,27.8178],[84.0145,27.801],[84.0024,27.7884],[84.0013,27.7745],[83.9949,27.7613],[83.9964,27.7513],[83.992,27.749],[83.9525,27.7473],[83.9304,27.7341],[83.9262,27.7266],[83.9087,27.7313],[83.9103,27.734],[83.9066,27.7355],[83.9052,27.7305],[83.8985,27.7299],[83.8788,27.7357],[83.8777,27.733],[83.847,27.7348],[83.8439,27.7303],[83.8468,27.7155],[83.8509,27.7118],[83.8483,27.7093],[83.8359,27.7138],[83.8273,27.7139],[83.8225,27.7104],[83.8035,27.7211],[83.7844,27.7249],[83.7532,27.7208],[83.7344,27.714],[83.7306,27.7089],[83.7163,27.7155],[83.6972,27.7158],[83.6843,27.7207],[83.6791,27.7183],[83.6852,27.7175],[83.6912,27.7089],[83.6918,27.698],[83.7067,27.6826],[83.7014,27.6762],[83.6974,27.6613],[83.7101,27.6589],[83.7272,27.6723],[83.7468,27.6666],[83.7603,27.6672],[83.7648,27.661],[83.7703,27.6664],[83.7846,27.6668],[83.8139,27.6622],[83.8119,27.6553],[83.8147,27.6531],[83.8086,27.6474],[83.812,27.6354],[83.8031,27.6294],[83.8073,27.6207],[83.7995,27.6202],[83.8017,27.6117],[83.792,27.6062],[83.8031,27.596],[83.8115,27.5952],[83.8102,27.5885],[83.8236,27.5925],[83.8382,27.5856],[83.8436,27.5724],[83.8337,27.5655],[83.8394,27.5513],[83.8382,27.5448],[83.8439,27.549],[83.8437,27.556],[83.8491,27.5602],[83.8573,27.5483],[83.8725,27.5411],[83.8845,27.5277],[83.8778,27.5102],[83.8892,27.5082],[83.8998,27.4986],[83.8857,27.4959],[83.8768,27.4891],[83.8872,27.4809],[83.8887,27.4722],[83.8857,27.4639],[83.8919,27.4615],[83.8898,27.4463],[83.8976,27.4376],[83.9155,27.4412],[83.9384,27.4516],[83.9467,27.4656],[83.9408,27.4913],[83.9639,27.5024],[83.9711,27.5104],[83.9682,27.5218],[83.9564,27.5274],[83.944,27.5155],[83.9277,27.5145],[83.9209,27.5314],[83.9218,27.5404],[83.9256,27.5439],[83.9338,27.5452],[83.95,27.5399],[83.9598,27.5482],[83.9725,27.5504],[83.9874,27.5437],[84.0076,27.5446],[84.0179,27.539],[84.0333,27.537],[84.0409,27.5403],[84.0461,27.552],[84.0527,27.5563],[84.0665,27.5511],[84.0778,27.5594],[84.1094,27.5515],[84.1168,27.5531],[84.1215,27.5562],[84.1377,27.5847],[84.1785,27.6189],[84.2088,27.6386],[84.2513,27.6537],[84.26,27.6509],[84.2734,27.6629],[84.2945,27.6681],[84.3161,27.6801],[84.3251,27.6863],[84.3275,27.6938],[84.3458,27.7021],[84.3617,27.6984],[84.3674,27.6882],[84.381,27.6811],[84.4303,27.7036],[84.4333,27.7112],[84.4242,27.7411]]]}},{"type":"Feature","properties":{"province":4,"provinceName":"Gandaki","district":"Parbat"},"geometry":{"type":"Polygon","coordinates":[[[83.7027,28.3984],[83.6901,28.3987],[83.6802,28.3786],[83.6816,28.3712],[83.6646,28.3488],[83.6519,28.3521],[83.6516,28.3564],[83.6361,28.366],[83.6287,28.3807],[83.5988,28.3916],[83.5949,28.3914],[83.586,28.3806],[83.5717,28.3743],[83.5687,28.3657],[83.5706,28.3403],[83.5751,28.3401],[83.577,28.3341],[83.5929,28.3216],[83.6029,28.3086],[83.6025,28.2892],[83.6098,28.2848],[83.6072,28.2706],[83.6126,28.2671],[83.612,28.2589],[83.6506,28.2374],[83.6594,28.2372],[83.6622,28.2304],[83.67,28.2304],[83.6764,28.2177],[83.6712,28.2091],[83.6733,28.2038],[83.6613,28.1985],[83.6537,28.1865],[83.6503,28.1864],[83.6471,28.1775],[83.6415,28.1746],[83.6458,28.1662],[83.6394,28.1612],[83.6402,28.1541],[83.6359,28.1509],[83.6413,28.1366],[83.6352,28.132],[83.632,28.1227],[83.6068,28.1104],[83.6029,28.0955],[83.5916,28.0808],[83.5833,28.0812],[83.57,28.0652],[83.5629,28.064],[83.566,28.0581],[83.5612,28.0436],[83.5661,28.0405],[83.564,28.0351],[83.5805,28.0338],[83.5859,28.0262],[83.5923,28.0257],[83.5932,28.0214],[83.598,28.021],[83.6008,28.015],[83.6088,28.01],[83.617,28.0117],[83.6288,28.0053],[83.6294,28.0118],[83.6371,28.0175],[83.658,28.0116],[83.6806,28.0181],[83.6882,28.0226],[83.6911,28.0288],[83.6966,28.0278],[83.6999,28.0328],[83.6933,28.0325],[83.6906,28.0381],[83.696,28.0416],[83.6937,28.0472],[83.696,28.0522],[83.7043,28.0524],[83.7148,28.0636],[83.7105,28.0758],[83.7126,28.0831],[83.7057,28.0901],[83.7192,28.0898],[83.7321,28.1013],[83.7074,28.1183],[83.7109,28.1302],[83.7328,28.1479],[83.7615,28.146],[83.7665,28.1543],[83.7625,28.1637],[83.7681,28.1705],[83.7638,28.1734],[83.7583,28.1901],[83.7742,28.1983],[83.7853,28.1967],[83.8015,28.2089],[83.8054,28.2208],[83.8114,28.2198],[83.8004,28.2284],[83.8249,28.2511],[83.8221,28.2605],[83.8032,28.2604],[83.7677,28.2737],[83.7766,28.2852],[83.7636,28.2928],[83.7765,28.3089],[83.7486,28.3274],[83.7404,28.3424],[83.7281,28.3489],[83.7297,28.3563],[83.7206,28.3681],[83.7252,28.3751],[83.707,28.388],[83.7027,28.3984]]]}},{"type":"Feature","properties":{"province":4,"provinceName":"Gandaki","district":"Syangja"},"geometry":{"type":"Polygon","coordinates":[[[83.8114,28.2198],[83.8058,28.2212],[83.8017,28.2091],[83.7853,28.1967],[83.7742,28.1983],[83.7583,28.1901],[83.7595,28.182],[83.7681,28.1705],[83.7625,28.1637],[83.7665,28.1543],[83.7615,28.146],[83.7328,28.1479],[83.7109,28.1302],[83.7074,28.1183],[83.7321,28.1013],[83.7192,28.0898],[83.7057,28.0901],[83.7126,28.0831],[83.7105,28.0758],[83.7148,28.0636],[83.7043,28.0524],[83.696,28.0522],[83.6937,28.0473],[83.696,28.0416],[83.6906,28.0383],[83.6933,28.0325],[83.6999,28.0328],[83.6956,28.0268],[83.6911,28.0288],[83.6882,28.0226],[83.6806,28.0181],[83.658,28.0116],[83.6371,28.0175],[83.6294,28.0118],[83.6291,28.0053],[83.617,28.0117],[83.6069,28.0119],[83.6053,27.997],[83.5971,27.9901],[83.5862,27.9873],[83.5872,27.9787],[83.5811,27.9792],[83.5796,27.9742],[83.5608,27.9735],[83.552,27.9766],[83.5477,27.9708],[83.5239,27.9637],[83.5116,27.9681],[83.5022,27.9768],[83.4849,27.9815],[83.469,27.9645],[83.4636,27.9537],[83.4455,27.9446],[83.4473,27.9386],[83.4423,27.9325],[83.4509,27.9283],[83.4625,27.9342],[83.4859,27.9225],[83.4925,27.929],[83.5082,27.9286],[83.5118,27.9328],[83.5049,27.9369],[83.5111,27.9406],[83.5244,27.9307],[83.5261,27.9239],[83.5326,27.9319],[83.533,27.939],[83.5387,27.9371],[83.5399,27.9279],[83.5505,27.9279],[83.5619,27.9347],[83.568,27.9347],[83.573,27.9429],[83.5784,27.9373],[83.5768,27.93],[83.595,27.931],[83.6026,27.9232],[83.6132,27.9251],[83.6185,27.9304],[83.6285,27.9257],[83.623,27.9175],[83.6355,27.914],[83.6362,27.8992],[83.6433,27.9022],[83.6468,27.8984],[83.6573,27.9025],[83.6679,27.9196],[83.6777,27.9273],[83.684,27.924],[83.6816,27.9197],[83.6851,27.9162],[83.6915,27.9237],[83.7002,27.9168],[83.7132,27.9164],[83.721,27.9201],[83.7253,27.9135],[83.7451,27.8999],[83.7496,27.9012],[83.7447,27.9042],[83.7462,27.9075],[83.7592,27.9029],[83.7582,27.909],[83.7643,27.9098],[83.778,27.9024],[83.7906,27.8853],[83.7994,27.8823],[83.8093,27.873],[83.823,27.8776],[83.8476,27.8683],[83.8473,27.8814],[83.8531,27.8811],[83.8538,27.8742],[83.8598,27.8732],[83.8632,27.8821],[83.8795,27.8882],[83.8829,27.8822],[83.8945,27.8859],[83.9122,27.8801],[83.9159,27.8776],[83.9128,27.8725],[83.9268,27.868],[83.9393,27.8777],[83.9443,27.8758],[83.9386,27.8863],[83.9433,27.8943],[83.9489,27.8941],[83.954,27.8892],[83.9561,27.8972],[83.9764,27.9026],[83.9802,27.91],[83.9802,27.9167],[83.9755,27.9224],[83.9765,27.9297],[83.9713,27.9375],[83.9724,27.9485],[83.9691,27.9579],[83.9818,27.9726],[83.9813,27.9972],[83.9934,27.9995],[83.9941,28.006],[84.0046,28.0062],[84.0084,28.0138],[84.0268,28.0134],[84.034,28.0193],[84.0191,28.0307],[84.0125,28.0289],[83.9992,28.0343],[83.9977,28.0468],[83.9826,28.0373],[83.9659,28.0385],[83.9573,28.0502],[83.9496,28.0511],[83.9432,28.0613],[83.9419,28.0683],[83.9519,28.0667],[83.9715,28.0751],[83.9611,28.0793],[83.9634,28.0868],[83.9753,28.0902],[83.9842,28.0992],[83.9918,28.0981],[83.9971,28.102],[83.9951,28.1088],[84.0069,28.1158],[84.0009,28.1215],[84.0049,28.1305],[83.9822,28.1398],[83.9819,28.1433],[83.9706,28.1433],[83.9628,28.1386],[83.9627,28.1409],[83.9576,28.1391],[83.9326,28.1436],[83.9255,28.1498],[83.9246,28.1552],[83.9292,28.1604],[83.9257,28.1683],[83.9074,28.1769],[83.9002,28.19],[83.8927,28.1945],[83.8789,28.1923],[83.8731,28.1975],[83.8581,28.1939],[83.8488,28.199],[83.8399,28.2118],[83.8262,28.2142],[83.8188,28.2099],[83.8114,28.2198]]]}},{"type":"Feature","properties":{"province":4,"provinceName":"Gandaki","district":"Tanahu"},"geometry":{"type":"Polygon","coordinates":[[[84.4798,28.058],[84.4761,28.0678],[84.4691,28.0699],[84.4718,28.0719],[84.4679,28.0814],[84.4626,28.084],[84.4596,28.0909],[84.4534,28.0926],[84.4544,28.0956],[84.4453,28.0991],[84.4457,28.1042],[84.4295,28.111],[84.4241,28.1191],[84.4215,28.1172],[84.3978,28.1296],[84.391,28.1263],[84.3612,28.129],[84.3428,28.1218],[84.3303,28.1235],[84.3117,28.1071],[84.3072,28.1082],[84.2834,28.0981],[84.28,28.0928],[84.2714,28.0905],[84.2659,28.0932],[84.2554,28.0848],[84.2501,28.0877],[84.2479,28.0826],[84.2347,28.0785],[84.228,28.097],[84.2216,28.0997],[84.212,28.0943],[84.185,28.0958],[84.1812,28.1011],[84.1679,28.1008],[84.1605,28.097],[84.1468,28.106],[84.1164,28.1059],[84.107,28.1103],[84.0958,28.1037],[84.0899,28.0948],[84.081,28.0914],[84.0718,28.0775],[84.0604,28.0881],[84.0498,28.084],[84.0399,28.0912],[84.0442,28.0945],[84.0346,28.0993],[84.0278,28.096],[84.0293,28.1052],[84.0146,28.1054],[84.0171,28.1102],[84.012,28.1103],[84.0069,28.1158],[83.9951,28.1088],[83.9972,28.1022],[83.9944,28.0993],[83.9842,28.0992],[83.9753,28.0902],[83.9631,28.0865],[83.9611,28.0793],[83.9714,28.075],[83.9519,28.0667],[83.9419,28.0683],[83.9432,28.0613],[83.9496,28.0511],[83.9573,28.0502],[83.9659,28.0385],[83.9826,28.0373],[83.9977,28.0468],[83.9992,28.0343],[84.0125,28.0289],[84.0191,28.0307],[84.034,28.0193],[84.0268,28.0134],[84.0084,28.0138],[84.0046,28.0062],[83.9941,28.006],[83.9934,27.9995],[83.9813,27.9972],[83.9818,27.9726],[83.9691,27.9579],[83.9724,27.9485],[83.9713,27.9375],[83.9765,27.9297],[83.9755,27.9224],[83.9802,27.9167],[83.9802,27.91],[83.9764,27.9026],[83.9561,27.8972],[83.954,27.8892],[83.9489,27.8941],[83.9433,27.8943],[83.9387,27.8852],[83.95,27.8694],[83.974,27.8723],[83.9805,27.8659],[83.9964,27.8661],[84.0014,27.8549],[84.0206,27.8507],[84.0243,27.8534],[84.0174,27.8585],[84.023,27.8617],[84.0306,27.8562],[84.0423,27.8565],[84.0419,27.85],[84.045,27.8506],[84.0451,27.8549],[84.0509,27.8559],[84.0554,27.8488],[84.0704,27.8569],[84.0736,27.8648],[84.0808,27.8635],[84.0796,27.869],[84.0826,27.8697],[84.103,27.8662],[84.0978,27.8582],[84.1047,27.8548],[84.1113,27.8616],[84.1189,27.8506],[84.1233,27.8538],[84.1223,27.8597],[84.1288,27.859],[84.1315,27.8536],[84.1228,27.8482],[84.1263,27.8456],[84.145,27.8501],[84.1579,27.8481],[84.1587,27.8394],[84.1648,27.8414],[84.1651,27.8468],[84.1716,27.8455],[84.1754,27.8522],[84.1922,27.8464],[84.2043,27.8522],[84.2095,27.8492],[84.2081,27.842],[84.2113,27.8386],[84.2157,27.8463],[84.2206,27.8458],[84.2276,27.8364],[84.2308,27.8402],[84.2298,27.8455],[84.2444,27.8464],[84.2536,27.8386],[84.2681,27.8385],[84.2702,27.8322],[84.2747,27.8362],[84.2935,27.8377],[84.3021,27.8226],[84.3079,27.8186],[84.303,27.8151],[84.3039,27.809],[84.3001,27.8059],[84.3022,27.7922],[84.316,27.7852],[84.3205,27.7741],[84.3176,27.7637],[84.3241,27.7591],[84.3278,27.748],[84.3354,27.749],[84.3421,27.7438],[84.346,27.751],[84.3539,27.7487],[84.3631,27.7535],[84.3688,27.7727],[84.3806,27.779],[84.3943,27.7753],[84.4084,27.7616],[84.4196,27.7589],[84.4221,27.7542],[84.42,27.749],[84.4263,27.7459],[84.4241,27.7411],[84.4392,27.7426],[84.453,27.7592],[84.4601,27.759],[84.4721,27.7517],[84.4727,27.7607],[84.4636,27.7728],[84.4529,27.7778],[84.4415,27.7782],[84.4334,27.7867],[84.4349,27.8132],[84.4472,27.8227],[84.4671,27.8187],[84.4683,27.8242],[84.5192,27.8159],[84.5241,27.8321],[84.5478,27.8315],[84.5577,27.836],[84.561,27.858],[84.5496,27.8628],[84.5545,27.8699],[84.5467,27.8696],[84.5429,27.8756],[84.5472,27.8804],[84.5427,27.8853],[84.5431,27.9006],[84.5476,27.9047],[84.5398,27.9089],[84.5409,27.9171],[84.535,27.9128],[84.5248,27.9151],[84.5193,27.9123],[84.5153,27.9175],[84.5117,27.9133],[84.5036,27.9154],[84.5104,27.9198],[84.5084,27.923],[84.4859,27.9278],[84.4834,27.9325],[84.4756,27.9355],[84.4755,27.9399],[84.4665,27.9434],[84.4605,27.942],[84.4559,27.9491],[84.4514,27.9501],[84.4475,27.9461],[84.4384,27.9483],[84.4277,27.952],[84.4229,27.9578],[84.4226,27.9768],[84.4299,27.9859],[84.4419,27.9881],[84.4405,27.9932],[84.4453,27.9925],[84.4553,28.0031],[84.4592,28.0033],[84.4617,28.0235],[84.4663,28.0279],[84.4637,28.0384],[84.4704,28.0455],[84.4682,28.0506],[84.474,28.0512],[84.4798,28.058]]]}},{"type":"Feature","properties":{"province":5,"provinceName":"Lumbini","district":"Arghakhanchi"},"geometry":{"type":"Polygon","coordinates":[[[83.053,28.1114],[83.0472,28.1009],[83.0417,28.1053],[83.0314,28.0989],[83.0042,28.1138],[83.0039,28.0957],[82.9953,28.0907],[82.9871,28.0737],[82.9776,28.0666],[82.9771,28.0614],[82.9665,28.0528],[82.9635,28.0461],[82.9628,28.0409],[82.9726,28.038],[82.9765,28.0315],[82.9783,28.0196],[82.9739,28.0143],[82.9755,28.0063],[82.9703,28.006],[82.9707,28.0028],[82.9566,27.9977],[82.9543,27.9939],[82.9667,27.9878],[82.9697,27.9931],[82.976,27.9917],[82.9777,27.9841],[82.9879,27.9814],[82.9914,27.9765],[83.0016,27.9776],[83.0037,27.97],[83.0108,27.9669],[83.0186,27.9568],[83.0164,27.9489],[83.0197,27.9472],[83.0148,27.9417],[83.0178,27.9366],[83.015,27.9326],[83.0179,27.9281],[83.0163,27.9225],[83.0119,27.9199],[83.0062,27.932],[83.0046,27.929],[83,27.9324],[82.9941,27.93],[82.9904,27.9253],[82.9859,27.93],[82.9704,27.9261],[82.945,27.9309],[82.9402,27.9256],[82.9311,27.9231],[82.9273,27.9128],[82.9177,27.904],[82.9024,27.9084],[82.8971,27.914],[82.8904,27.9067],[82.8826,27.9063],[82.879,27.901],[82.8698,27.9094],[82.8646,27.9077],[82.8634,27.9036],[82.8571,27.9047],[82.8503,27.901],[82.837,27.9064],[82.8262,27.9055],[82.8149,27.8849],[82.8073,27.8789],[82.8059,27.8726],[82.812,27.8711],[82.811,27.8679],[82.7939,27.8653],[82.8093,27.8572],[82.7935,27.8557],[82.7827,27.8425],[82.7607,27.8369],[82.7507,27.8279],[82.7504,27.8229],[82.7577,27.8194],[82.7595,27.8124],[82.7713,27.8102],[82.7894,27.7943],[82.789,27.8031],[82.7962,27.8058],[82.8009,27.8016],[82.8014,27.7938],[82.8179,27.7956],[82.8426,27.7901],[82.8464,27.7933],[82.8632,27.7903],[82.8679,27.793],[82.9009,27.7935],[82.9212,27.7846],[82.9272,27.7874],[82.9318,27.7842],[82.9444,27.7902],[82.9544,27.79],[82.9623,27.7954],[82.999,27.7929],[83.0217,27.8205],[83.0181,27.8097],[83.0227,27.8082],[83.0244,27.7982],[83.035,27.7931],[83.0365,27.7815],[83.0519,27.7688],[83.0545,27.7565],[83.0602,27.7641],[83.0681,27.7577],[83.0687,27.7643],[83.0763,27.7644],[83.0883,27.7746],[83.0921,27.7712],[83.0912,27.7822],[83.0954,27.7828],[83.102,27.7691],[83.1105,27.7703],[83.1236,27.7616],[83.129,27.7688],[83.1457,27.7604],[83.18,27.7585],[83.1881,27.7539],[83.2032,27.7599],[83.2125,27.7587],[83.2279,27.763],[83.2395,27.7502],[83.2485,27.7511],[83.2494,27.7587],[83.255,27.7623],[83.26,27.7723],[83.2604,27.7848],[83.2549,27.7899],[83.2474,27.7899],[83.2498,27.8082],[83.233,27.8231],[83.2502,27.8317],[83.2672,27.827],[83.2897,27.8267],[83.2998,27.8437],[83.3121,27.8513],[83.3026,27.8596],[83.3099,27.8568],[83.3195,27.86],[83.3325,27.875],[83.33,27.8788],[83.3227,27.8783],[83.3222,27.8826],[83.311,27.8888],[83.3131,27.9015],[83.2994,27.91],[83.3086,27.9145],[83.3101,27.9275],[83.2923,27.9243],[83.2818,27.9275],[83.2812,27.9353],[83.2859,27.9421],[83.2929,27.9434],[83.2949,27.9501],[83.3046,27.9548],[83.301,27.9596],[83.3028,27.9678],[83.2824,27.9674],[83.2649,27.9888],[83.2545,27.9868],[83.2541,27.9951],[83.248,27.9975],[83.246,28.0082],[83.2418,28.0078],[83.2355,28.0208],[83.2354,28.0381],[83.2317,28.0484],[83.2224,28.0541],[83.2125,28.0664],[83.1972,28.0741],[83.195,28.0827],[83.1851,28.0874],[83.1577,28.0605],[83.1399,28.0619],[83.1263,28.0705],[83.1291,28.0768],[83.1275,28.0842],[83.1043,28.077],[83.0984,28.082],[83.1013,28.0941],[83.0919,28.0972],[83.0752,28.0906],[83.0685,28.0982],[83.0719,28.1085],[83.0583,28.1067],[83.053,28.1114]]]}},{"type":"Feature","properties":{"province":5,"provinceName":"Lumbini","district":"Banke"},"geometry":{"type":"Polygon","coordinates":[[[81.7469,28.3131],[81.7208,28.3189],[81.7039,28.3344],[81.6754,28.3375],[81.6778,28.3326],[81.6867,28.3322],[81.6864,28.3258],[81.6932,28.3274],[81.6863,28.3243],[81.6801,28.3136],[81.6826,28.3224],[81.6788,28.3225],[81.6639,28.2872],[81.6552,28.2937],[81.6426,28.2797],[81.6483,28.277],[81.6461,28.2744],[81.6488,28.2659],[81.645,28.2669],[81.6426,28.2623],[81.6249,28.2548],[81.6224,28.2489],[81.6143,28.2487],[81.6083,28.2358],[81.5986,28.2343],[81.5957,28.2381],[81.5918,28.235],[81.5912,28.2402],[81.5845,28.2337],[81.5847,28.2279],[81.5772,28.2279],[81.5802,28.2231],[81.5741,28.2175],[81.5652,28.2135],[81.564,28.2178],[81.5626,28.2066],[81.5425,28.2036],[81.53,28.1951],[81.531,28.1826],[81.5199,28.1784],[81.5257,28.1738],[81.5206,28.1717],[81.5244,28.168],[81.5187,28.1615],[81.5239,28.1609],[81.5242,28.1571],[81.5169,28.1561],[81.5138,28.1485],[81.5081,28.1521],[81.5006,28.1449],[81.5062,28.1277],[81.5005,28.1265],[81.5076,28.1224],[81.503,28.1174],[81.5128,28.1077],[81.5049,28.105],[81.5134,28.0965],[81.5126,28.0906],[81.5266,28.0842],[81.5153,28.074],[81.5058,28.0757],[81.5067,28.0688],[81.6189,28.0103],[81.6262,28.0013],[81.6453,27.9937],[81.7002,27.9881],[81.8068,27.9033],[81.823,27.9033],[81.8328,27.8989],[81.8754,27.8693],[81.8868,27.8571],[81.9014,27.8537],[81.928,27.8596],[81.9271,27.8754],[81.9399,27.8878],[81.94,27.8936],[81.97,27.9288],[82.0692,27.9221],[82.067,27.9256],[82.07,27.9367],[82.0657,27.9408],[82.0716,27.9525],[82.0899,27.9498],[82.097,27.9552],[82.1019,27.9489],[82.1158,27.9527],[82.116,27.9495],[82.1214,27.9486],[82.1354,27.9621],[82.1431,27.9586],[82.1489,27.9619],[82.1565,27.9608],[82.1786,27.9516],[82.1942,27.9532],[82.1916,27.9695],[82.1952,27.9734],[82.1878,27.9949],[82.1924,28.0025],[82.1912,28.0129],[82.1958,28.0251],[82.192,28.0324],[82.183,28.0348],[82.176,28.0458],[82.1612,28.0467],[82.1083,28.073],[82.0907,28.0793],[82.0871,28.0769],[82.0791,28.0793],[82.0566,28.0912],[82.0514,28.09],[82.0456,28.0952],[82.0228,28.0992],[82.0183,28.116],[82.0198,28.1341],[82.0003,28.1632],[81.9793,28.183],[81.9671,28.1844],[81.9645,28.1943],[81.9538,28.194],[81.9403,28.2016],[81.9384,28.2072],[81.9285,28.2093],[81.9288,28.2157],[81.9227,28.2202],[81.9234,28.2268],[81.898,28.2333],[81.8847,28.2434],[81.8786,28.239],[81.8627,28.2386],[81.8665,28.2497],[81.8454,28.2719],[81.8168,28.2785],[81.8103,28.2829],[81.7999,28.2735],[81.7954,28.2737],[81.789,28.2946],[81.7752,28.2974],[81.763,28.3091],[81.7556,28.3073],[81.7469,28.3131]]]}},{"type":"Feature","properties":{"province":5,"provinceName":"Lumbini","district":"Bardiya"},"geometry":{"type":"Polygon","coordinates":[[[81.7685,28.37],[81.7595,28.3699],[81.7543,28.3741],[81.7184,28.384],[81.6973,28.3994],[81.69,28.4105],[81.6761,28.4175],[81.6716,28.4132],[81.6602,28.4153],[81.6448,28.4302],[81.6334,28.4362],[81.6281,28.4444],[81.6136,28.4544],[81.6097,28.4535],[81.6018,28.4629],[81.5764,28.4783],[81.5591,28.4949],[81.5406,28.4945],[81.5379,28.504],[81.518,28.5135],[81.514,28.5241],[81.5079,28.5282],[81.4991,28.5335],[81.4929,28.5323],[81.4882,28.5389],[81.4779,28.5397],[81.4679,28.5534],[81.4544,28.5523],[81.4397,28.5594],[81.4351,28.5635],[81.4325,28.5772],[81.4262,28.5775],[81.4235,28.5812],[81.4264,28.5877],[81.4186,28.5955],[81.4116,28.5955],[81.4033,28.6019],[81.4027,28.6068],[81.3811,28.6122],[81.3663,28.6234],[81.3473,28.6246],[81.3178,28.6369],[81.312,28.651],[81.318,28.6523],[81.3229,28.6675],[81.2928,28.6746],[81.287,28.6731],[81.2887,28.6466],[81.2728,28.6301],[81.2705,28.6177],[81.2623,28.6131],[81.2507,28.5943],[81.226,28.5708],[81.1997,28.553],[81.1698,28.5241],[81.1619,28.5013],[81.1545,28.5018],[81.1404,28.4914],[81.1165,28.4725],[81.1107,28.4613],[81.0931,28.4577],[81.0876,28.4383],[81.0673,28.4224],[81.0609,28.4084],[81.068,28.401],[81.0691,28.3944],[81.0833,28.3843],[81.2152,28.3582],[81.2363,28.3246],[81.2345,28.2889],[81.2879,28.2284],[81.3014,28.2198],[81.3224,28.1972],[81.3201,28.1823],[81.3265,28.175],[81.323,28.1687],[81.3036,28.166],[81.3112,28.161],[81.3124,28.1555],[81.3219,28.1602],[81.3297,28.1482],[81.3201,28.1451],[81.3172,28.1369],[81.3198,28.1335],[81.3362,28.1401],[81.3731,28.1423],[81.3802,28.1554],[81.3702,28.1609],[81.3687,28.1653],[81.3765,28.1769],[81.4283,28.1706],[81.4483,28.1608],[81.4517,28.1408],[81.4858,28.1182],[81.4816,28.11],[81.4802,28.0824],[81.5066,28.0688],[81.5058,28.0757],[81.5153,28.074],[81.5266,28.0842],[81.5126,28.0906],[81.5134,28.0965],[81.5049,28.105],[81.5128,28.1077],[81.503,28.1174],[81.5076,28.1224],[81.5005,28.1265],[81.5062,28.1277],[81.5006,28.1449],[81.5081,28.1521],[81.5138,28.1485],[81.5169,28.1561],[81.5242,28.1571],[81.5239,28.1609],[81.5187,28.1615],[81.5244,28.168],[81.5206,28.1717],[81.5257,28.1738],[81.5199,28.1784],[81.531,28.1826],[81.53,28.1951],[81.5425,28.2036],[81.5626,28.2066],[81.564,28.2178],[81.5652,28.2135],[81.5741,28.2175],[81.5802,28.2231],[81.5772,28.2279],[81.5847,28.2279],[81.5845,28.2337],[81.5912,28.2402],[81.5918,28.235],[81.5957,28.2381],[81.5986,28.2343],[81.6083,28.2358],[81.6143,28.2487],[81.6224,28.2489],[81.6249,28.2548],[81.6426,28.2623],[81.645,28.2669],[81.6488,28.2659],[81.6461,28.2744],[81.6483,28.277],[81.6426,28.2797],[81.6552,28.2937],[81.6639,28.2872],[81.6788,28.3225],[81.6826,28.3224],[81.6801,28.3136],[81.6863,28.3243],[81.6932,28.3274],[81.6864,28.3258],[81.6867,28.3322],[81.6778,28.3326],[81.6754,28.3375],[81.7039,28.3344],[81.7208,28.3189],[81.7469,28.3131],[81.7453,28.3189],[81.7535,28.3321],[81.7534,28.3436],[81.7685,28.37]]]}},{"type":"Feature","properties":{"province":5,"provinceName":"Lumbini","district":"Dang"},"geometry":{"type":"Polygon","coordinates":[[[82.3987,28.1688],[82.3956,28.1743],[82.3987,28.1828],[82.3949,28.189],[82.38,28.1844],[82.369,28.1897],[82.3568,28.2054],[82.349,28.2085],[82.3476,28.2167],[82.3394,28.2234],[82.3143,28.2233],[82.3121,28.2315],[82.3042,28.2323],[82.302,28.2459],[82.2779,28.2484],[82.2455,28.2378],[82.2352,28.2397],[82.2203,28.2494],[82.2005,28.2428],[82.1919,28.2482],[82.1722,28.2515],[82.1627,28.2416],[82.1456,28.237],[82.1347,28.2514],[82.1282,28.2542],[82.1195,28.2514],[82.1102,28.2582],[82.1026,28.2589],[82.0955,28.2546],[82.0933,28.249],[82.0831,28.2485],[82.0705,28.2369],[82.0537,28.2407],[82.044,28.2301],[82.0387,28.2149],[82.0328,28.214],[82.0249,28.2011],[82.0309,28.194],[82.0311,28.1876],[82.02,28.1817],[82.0146,28.1699],[82.0168,28.1639],[82.0129,28.1605],[82.0139,28.1541],[82.0094,28.1509],[82.0204,28.132],[82.0183,28.116],[82.0217,28.1002],[82.0456,28.0952],[82.052,28.0898],[82.0566,28.0912],[82.0791,28.0793],[82.0871,28.0769],[82.0907,28.0793],[82.1083,28.073],[82.1612,28.0467],[82.1748,28.0466],[82.183,28.0348],[82.1926,28.0318],[82.196,28.0235],[82.1912,28.0129],[82.1924,28.0025],[82.1878,27.9949],[82.1952,27.9734],[82.1916,27.9695],[82.194,27.953],[82.1786,27.9516],[82.1565,27.9608],[82.1489,27.9619],[82.1431,27.9586],[82.1354,27.9621],[82.1214,27.9486],[82.116,27.9495],[82.1158,27.9527],[82.1019,27.9489],[82.097,27.9552],[82.0899,27.9498],[82.079,27.9526],[82.0693,27.9506],[82.0657,27.9408],[82.0708,27.9314],[82.0671,27.9251],[82.0729,27.9225],[82.0933,27.8945],[82.1159,27.8776],[82.1252,27.8649],[82.1519,27.8578],[82.1559,27.8661],[82.2102,27.843],[82.2324,27.8206],[82.2547,27.81],[82.3058,27.7725],[82.3691,27.7425],[82.3841,27.7204],[82.4011,27.7046],[82.4507,27.6785],[82.4751,27.6763],[82.4838,27.6826],[82.4921,27.6811],[82.5182,27.6903],[82.5431,27.6856],[82.5869,27.6984],[82.5956,27.6968],[82.607,27.7058],[82.6208,27.7021],[82.6297,27.7113],[82.6405,27.7089],[82.6572,27.7131],[82.6662,27.7219],[82.6685,27.7155],[82.6736,27.7141],[82.6912,27.7149],[82.7012,27.7218],[82.704,27.7161],[82.7071,27.7164],[82.7103,27.7243],[82.7082,27.7354],[82.6987,27.7569],[82.7249,27.7583],[82.7332,27.7668],[82.7333,27.7748],[82.7375,27.776],[82.7838,27.7773],[82.7854,27.7692],[82.8059,27.7771],[82.8077,27.7924],[82.8002,27.7945],[82.8009,27.8016],[82.7968,27.8056],[82.7893,27.8036],[82.789,27.7944],[82.7713,27.8102],[82.7601,27.8119],[82.7577,27.8194],[82.7504,27.8229],[82.7507,27.8279],[82.7607,27.8369],[82.7827,27.8425],[82.7935,27.8557],[82.8084,27.8564],[82.8091,27.8591],[82.7939,27.8653],[82.8096,27.8672],[82.8121,27.8709],[82.8063,27.8722],[82.8072,27.8776],[82.7996,27.8818],[82.793,27.8808],[82.7926,27.8911],[82.7907,27.8883],[82.789,27.8922],[82.7844,27.8914],[82.7811,27.8974],[82.7762,27.8935],[82.7713,27.9213],[82.7775,27.926],[82.7664,27.9411],[82.7584,27.9452],[82.7534,27.9436],[82.7681,27.9626],[82.768,27.9679],[82.7615,27.9693],[82.7646,27.9767],[82.7484,27.9745],[82.7433,27.99],[82.7339,27.9925],[82.7234,28.0019],[82.7074,28.0057],[82.6983,28.0139],[82.6992,28.0294],[82.7204,28.0473],[82.7065,28.0531],[82.6871,28.051],[82.6717,28.0583],[82.658,28.06],[82.6425,28.0686],[82.6272,28.0697],[82.6267,28.0749],[82.612,28.0919],[82.5993,28.0926],[82.5973,28.101],[82.5903,28.1031],[82.5845,28.1102],[82.5691,28.1153],[82.5609,28.1307],[82.5638,28.1335],[82.5598,28.1359],[82.541,28.1317],[82.5181,28.139],[82.5212,28.1472],[82.5059,28.1498],[82.4974,28.1349],[82.4929,28.1359],[82.4864,28.1304],[82.4812,28.1442],[82.4741,28.1399],[82.439,28.1489],[82.3987,28.1688]]]}},{"type":"Feature","properties":{"province":5,"provinceName":"Lumbini","district":"Gulmi"},"geometry":{"type":"Polygon","coordinates":[[[83.5827,28.0773],[83.5776,28.0871],[83.5647,28.0926],[83.567,28.1008],[83.5572,28.1064],[83.5563,28.117],[83.5499,28.1198],[83.5406,28.1201],[83.534,28.1164],[83.5124,28.1268],[83.5078,28.1258],[83.5017,28.1173],[83.4881,28.1131],[83.4761,28.1189],[83.4803,28.13],[83.4757,28.1322],[83.4639,28.1298],[83.4598,28.1323],[83.4483,28.1249],[83.4408,28.1308],[83.4253,28.1251],[83.4202,28.137],[83.4156,28.1376],[83.4133,28.1439],[83.3968,28.1557],[83.3925,28.1668],[83.3862,28.1637],[83.3726,28.1762],[83.3719,28.1826],[83.3575,28.1973],[83.332,28.1889],[83.3185,28.1902],[83.3083,28.1977],[83.2999,28.1927],[83.2801,28.1909],[83.2759,28.1874],[83.2696,28.1982],[83.2612,28.1999],[83.2538,28.214],[83.2358,28.2217],[83.2281,28.235],[83.2179,28.2435],[83.2171,28.2486],[83.2076,28.252],[83.1868,28.2706],[83.1698,28.2578],[83.1575,28.2707],[83.1328,28.25],[83.1264,28.2576],[83.1115,28.2516],[83.0955,28.2568],[83.0798,28.2335],[83.0727,28.239],[83.0539,28.2435],[83.0318,28.2409],[83.0239,28.2347],[83.0291,28.236],[83.0294,28.2202],[83.039,28.2031],[83.0363,28.2036],[83.038,28.1852],[83.0351,28.1754],[83.0314,28.1747],[83.0367,28.1681],[83.0442,28.1685],[83.0389,28.1604],[83.0399,28.1565],[83.0449,28.1562],[83.0429,28.154],[83.0507,28.1525],[83.0589,28.1451],[83.0571,28.1406],[83.0515,28.1405],[83.0611,28.1267],[83.0552,28.1209],[83.053,28.1114],[83.0583,28.1067],[83.0719,28.1085],[83.0685,28.0982],[83.0752,28.0906],[83.0919,28.0972],[83.1013,28.0941],[83.0984,28.082],[83.1043,28.077],[83.1275,28.0842],[83.1291,28.0768],[83.1263,28.0705],[83.1399,28.0619],[83.1577,28.0605],[83.1851,28.0874],[83.195,28.0827],[83.1972,28.0741],[83.2125,28.0664],[83.2224,28.0541],[83.2317,28.0484],[83.2354,28.0381],[83.2355,28.0208],[83.2418,28.0078],[83.246,28.0082],[83.248,27.9975],[83.2541,27.9951],[83.2545,27.9868],[83.2649,27.9888],[83.2824,27.9674],[83.3028,27.9678],[83.301,27.9596],[83.3046,27.9548],[83.2949,27.9501],[83.2929,27.9434],[83.2855,27.9416],[83.2805,27.9323],[83.2838,27.9256],[83.2934,27.9244],[83.3078,27.9282],[83.3273,27.9206],[83.3395,27.9225],[83.3482,27.931],[83.3487,27.9365],[83.3446,27.9398],[83.3474,27.9497],[83.3566,27.9541],[83.3629,27.9515],[83.3795,27.9587],[83.3786,27.9559],[83.3948,27.9477],[83.4015,27.9346],[83.4209,27.9305],[83.4305,27.9398],[83.4352,27.9391],[83.4358,27.9354],[83.4427,27.9353],[83.4473,27.9386],[83.4455,27.9446],[83.4636,27.9537],[83.469,27.9645],[83.4855,27.9817],[83.5022,27.9768],[83.5116,27.9681],[83.5239,27.9637],[83.5477,27.9708],[83.552,27.9766],[83.5608,27.9735],[83.5796,27.9742],[83.5811,27.9792],[83.5872,27.9787],[83.5862,27.9873],[83.6046,27.9961],[83.6073,28.0073],[83.6058,28.0135],[83.6011,28.0147],[83.598,28.021],[83.5932,28.0214],[83.5923,28.0257],[83.5859,28.0262],[83.5805,28.0338],[83.5636,28.0356],[83.5661,28.0405],[83.5612,28.0436],[83.566,28.0581],[83.5629,28.064],[83.5695,28.0648],[83.5746,28.0735],[83.5827,28.0773]]]}},{"type":"Feature","properties":{"province":5,"provinceName":"Lumbini","district":"Kapilbastu"},"geometry":{"type":"Polygon","coordinates":[[[83.2143,27.7591],[83.2032,27.7599],[83.1878,27.7539],[83.18,27.7585],[83.1457,27.7604],[83.129,27.7688],[83.1236,27.7616],[83.1105,27.7703],[83.102,27.7691],[83.0949,27.7828],[83.0912,27.7822],[83.0921,27.7712],[83.0883,27.7746],[83.0763,27.7644],[83.0687,27.7643],[83.0681,27.7577],[83.0602,27.7641],[83.0545,27.7565],[83.0519,27.7688],[83.0365,27.7815],[83.035,27.7931],[83.0244,27.7982],[83.0227,27.8082],[83.0181,27.8097],[83.0216,27.8205],[83.006,27.7982],[82.9979,27.7926],[82.9623,27.7954],[82.9544,27.79],[82.9444,27.7902],[82.9318,27.7842],[82.9272,27.7874],[82.9212,27.7846],[82.9009,27.7935],[82.8679,27.793],[82.8632,27.7903],[82.8464,27.7933],[82.8426,27.7901],[82.8179,27.7956],[82.8062,27.7948],[82.8071,27.7803],[82.8,27.7737],[82.7854,27.7692],[82.7844,27.7772],[82.7429,27.7769],[82.7333,27.7748],[82.7332,27.7668],[82.7249,27.7583],[82.7016,27.7586],[82.6981,27.7558],[82.7038,27.7497],[82.7103,27.7245],[82.7078,27.7027],[82.7202,27.6873],[82.7151,27.6702],[82.7179,27.6681],[82.7137,27.6649],[82.7223,27.6615],[82.7223,27.6571],[82.7279,27.6579],[82.7334,27.6486],[82.7302,27.6452],[82.7348,27.6463],[82.7355,27.6424],[82.7382,27.643],[82.737,27.6354],[82.7402,27.6318],[82.7356,27.6284],[82.7386,27.6257],[82.7327,27.6239],[82.7386,27.6215],[82.735,27.6188],[82.7369,27.6095],[82.7474,27.6001],[82.7469,27.5951],[82.7579,27.587],[82.7497,27.5718],[82.7533,27.5651],[82.7455,27.5607],[82.7491,27.5549],[82.7401,27.5519],[82.743,27.5498],[82.7398,27.5464],[82.7439,27.5461],[82.7451,27.5413],[82.7425,27.5368],[82.7465,27.5342],[82.744,27.5319],[82.7493,27.5313],[82.7471,27.5288],[82.7514,27.5227],[82.7491,27.5194],[82.744,27.521],[82.7451,27.5165],[82.7387,27.5179],[82.7371,27.5028],[82.8039,27.4963],[82.8344,27.5019],[82.8723,27.4984],[82.9314,27.501],[82.9415,27.4912],[82.9469,27.4767],[82.9562,27.4678],[82.9689,27.464],[83.0361,27.4487],[83.1665,27.4575],[83.1899,27.4542],[83.2125,27.4241],[83.219,27.4177],[83.2238,27.4183],[83.2274,27.4283],[83.2333,27.4306],[83.2315,27.4349],[83.2222,27.4376],[83.2189,27.4437],[83.2199,27.4531],[83.2245,27.4545],[83.2294,27.4688],[83.2255,27.4684],[83.2239,27.4792],[83.2209,27.4796],[83.225,27.4857],[83.2232,27.4913],[83.2293,27.4945],[83.232,27.5009],[83.2286,27.5052],[83.2334,27.506],[83.2314,27.5082],[83.235,27.5141],[83.2312,27.5183],[83.2336,27.5181],[83.2329,27.5214],[83.2258,27.5278],[83.2266,27.5347],[83.2234,27.5344],[83.2187,27.5412],[83.2176,27.55],[83.2142,27.5493],[83.2063,27.5601],[83.2108,27.564],[83.2113,27.5689],[83.208,27.5709],[83.2136,27.5754],[83.2164,27.585],[83.2214,27.5864],[83.2236,27.596],[83.2337,27.6093],[83.2325,27.6252],[83.2226,27.6455],[83.2263,27.6474],[83.2256,27.6614],[83.2299,27.667],[83.2274,27.6721],[83.2312,27.6949],[83.2281,27.694],[83.2291,27.6991],[83.2237,27.7038],[83.2247,27.7153],[83.2175,27.7269],[83.2199,27.7361],[83.2128,27.7535],[83.2143,27.7591]]]}},{"type":"Feature","properties":{"province":5,"provinceName":"Lumbini","district":"Palpa"},"geometry":{"type":"Polygon","coordinates":[[[83.4427,27.9353],[83.4358,27.9354],[83.4352,27.9391],[83.4305,27.9398],[83.4209,27.9305],[83.4015,27.9346],[83.3948,27.9477],[83.3786,27.9559],[83.3795,27.9587],[83.3629,27.9515],[83.3566,27.9541],[83.3474,27.9497],[83.3446,27.9398],[83.3487,27.9365],[83.3482,27.931],[83.3402,27.9228],[83.3273,27.9206],[83.311,27.926],[83.3086,27.9145],[83.2994,27.91],[83.3115,27.9037],[83.311,27.8888],[83.3222,27.8826],[83.3227,27.8783],[83.3322,27.8775],[83.3304,27.871],[83.3195,27.86],[83.3099,27.8568],[83.3026,27.8596],[83.3121,27.8513],[83.2998,27.8437],[83.2897,27.8267],[83.2672,27.827],[83.2502,27.8317],[83.233,27.8231],[83.2498,27.8082],[83.2474,27.7899],[83.2549,27.7899],[83.2603,27.7852],[83.2578,27.7669],[83.2618,27.757],[83.2854,27.7561],[83.2985,27.7605],[83.3051,27.768],[83.3158,27.7623],[83.3255,27.7626],[83.3307,27.7673],[83.3458,27.7568],[83.3481,27.7498],[83.3595,27.7521],[83.3644,27.7421],[83.3748,27.7345],[83.3779,27.7431],[83.3857,27.7427],[83.3908,27.7487],[83.4081,27.7345],[83.4184,27.7417],[83.4341,27.7392],[83.4357,27.732],[83.4406,27.732],[83.4461,27.7237],[83.457,27.728],[83.4776,27.7213],[83.4891,27.7303],[83.4945,27.7256],[83.5011,27.7293],[83.5084,27.725],[83.5152,27.729],[83.5205,27.7256],[83.5332,27.7258],[83.5492,27.7167],[83.5692,27.7128],[83.5806,27.7049],[83.6,27.7057],[83.6112,27.7017],[83.6236,27.6881],[83.6321,27.6935],[83.6552,27.6909],[83.664,27.6793],[83.6857,27.6637],[83.695,27.6653],[83.6977,27.6621],[83.7014,27.6762],[83.7067,27.6826],[83.692,27.6977],[83.6912,27.7089],[83.6806,27.7199],[83.7163,27.7155],[83.7306,27.7089],[83.7344,27.714],[83.7532,27.7208],[83.7844,27.7249],[83.8035,27.7211],[83.8225,27.7104],[83.8273,27.7139],[83.8359,27.7138],[83.8483,27.7093],[83.8509,27.7118],[83.8468,27.7155],[83.8439,27.7303],[83.8474,27.7349],[83.8777,27.733],[83.8788,27.7357],[83.8985,27.7299],[83.9052,27.7305],[83.9066,27.7355],[83.9103,27.734],[83.9087,27.7313],[83.9262,27.7266],[83.9304,27.7341],[83.9525,27.7473],[83.988,27.7479],[83.9961,27.7509],[83.9949,27.7613],[84.0021,27.7774],[84.0023,27.7882],[84.0145,27.801],[84.0222,27.8178],[84.0288,27.8203],[84.0271,27.8351],[84.0223,27.8407],[84.0306,27.8562],[84.0215,27.8617],[84.0174,27.8579],[84.0237,27.8545],[84.0234,27.851],[84.0024,27.8545],[83.9964,27.8661],[83.9805,27.8659],[83.9736,27.8724],[83.9702,27.8701],[83.9601,27.8728],[83.9509,27.8692],[83.9409,27.8779],[83.9268,27.868],[83.9128,27.8725],[83.9159,27.8776],[83.9122,27.8801],[83.8945,27.8859],[83.8829,27.8822],[83.8796,27.8882],[83.8632,27.8821],[83.8598,27.8732],[83.8538,27.8742],[83.8531,27.8811],[83.8473,27.8814],[83.8476,27.8683],[83.823,27.8776],[83.8093,27.873],[83.7994,27.8823],[83.7906,27.8853],[83.778,27.9024],[83.7643,27.9098],[83.7582,27.909],[83.7592,27.9029],[83.7462,27.9075],[83.7447,27.9042],[83.7496,27.9012],[83.7451,27.8999],[83.7253,27.9135],[83.721,27.9201],[83.7132,27.9164],[83.7002,27.9168],[83.6915,27.9237],[83.6851,27.9162],[83.6816,27.9197],[83.6842,27.9237],[83.6777,27.9273],[83.6679,27.9196],[83.6573,27.9025],[83.6468,27.8984],[83.6433,27.9022],[83.6362,27.8992],[83.6355,27.914],[83.623,27.9175],[83.6285,27.9257],[83.6185,27.9304],[83.6132,27.9251],[83.6026,27.9232],[83.595,27.931],[83.5768,27.93],[83.5784,27.9373],[83.573,27.9429],[83.568,27.9347],[83.5619,27.9347],[83.5505,27.9279],[83.5399,27.9279],[83.5387,27.9371],[83.533,27.939],[83.5326,27.9319],[83.5261,27.9239],[83.5244,27.9307],[83.5111,27.9406],[83.5049,27.9369],[83.5118,27.9328],[83.5082,27.9286],[83.4925,27.929],[83.4859,27.9225],[83.4625,27.9342],[83.4508,27.9283],[83.4423,27.9325],[83.4427,27.9353]]]}},{"type":"Feature","properties":{"province":5,"provinceName":"Lumbini","district":"Parasi"},"geometry":{"type":"Polygon","coordinates":[[[83.6973,27.6619],[83.695,27.6653],[83.6853,27.6638],[83.664,27.6793],[83.6552,27.6909],[83.6351,27.6931],[83.6358,27.6778],[83.6316,27.6715],[83.632,27.6646],[83.6012,27.6445],[83.5998,27.6384],[83.6029,27.6357],[83.5976,27.6346],[83.6,27.6308],[83.5942,27.6305],[83.5946,27.626],[83.5887,27.6256],[83.5902,27.621],[83.5831,27.6163],[83.5761,27.6171],[83.5754,27.6018],[83.5848,27.5878],[83.5826,27.5747],[83.5907,27.5731],[83.5923,27.5756],[83.5979,27.5726],[83.5922,27.5505],[83.5983,27.5465],[83.592,27.5416],[83.5934,27.5334],[83.5887,27.5319],[83.5959,27.5274],[83.5924,27.5262],[83.5932,27.5206],[83.6004,27.519],[83.5962,27.4992],[83.6006,27.4997],[83.5997,27.497],[83.6059,27.4962],[83.6054,27.4932],[83.6129,27.4896],[83.6133,27.4754],[83.6167,27.4694],[83.8321,27.3701],[83.8647,27.3465],[83.8899,27.3582],[83.8942,27.3675],[83.9064,27.3775],[83.9078,27.3884],[83.8749,27.3922],[83.8776,27.4057],[83.8694,27.427],[83.8822,27.4343],[83.8976,27.4376],[83.8898,27.4463],[83.8919,27.4615],[83.8857,27.4639],[83.8887,27.4722],[83.8872,27.4809],[83.8768,27.4895],[83.8928,27.4988],[83.8998,27.4986],[83.8892,27.5082],[83.8785,27.5093],[83.8845,27.5277],[83.8725,27.5411],[83.8573,27.5483],[83.8527,27.5588],[83.8454,27.558],[83.8439,27.549],[83.8382,27.5448],[83.8394,27.5513],[83.8337,27.5655],[83.8436,27.5724],[83.838,27.5858],[83.8236,27.5925],[83.8102,27.5885],[83.8115,27.5952],[83.8031,27.596],[83.7926,27.6049],[83.802,27.6123],[83.7994,27.6201],[83.8073,27.6207],[83.8031,27.6294],[83.812,27.6354],[83.8086,27.6474],[83.8147,27.6531],[83.8119,27.6553],[83.8139,27.6622],[83.7846,27.6668],[83.7703,27.6664],[83.7648,27.661],[83.7603,27.6672],[83.7468,27.6666],[83.7272,27.6723],[83.7101,27.6589],[83.6973,27.6619]]]}},{"type":"Feature","properties":{"province":5,"provinceName":"Lumbini","district":"Pyuthan"},"geometry":{"type":"Polygon","coordinates":[[[82.9567,28.36],[82.9426,28.3617],[82.9293,28.3485],[82.9222,28.3213],[82.9062,28.311],[82.9016,28.299],[82.8897,28.2931],[82.8909,28.2778],[82.8853,28.2709],[82.863,28.2575],[82.8504,28.2556],[82.854,28.2348],[82.8515,28.2317],[82.8408,28.2309],[82.8313,28.2199],[82.8189,28.2144],[82.8266,28.2056],[82.8274,28.1992],[82.8162,28.1873],[82.795,28.1885],[82.7885,28.1777],[82.7603,28.1797],[82.7545,28.1903],[82.7475,28.1925],[82.748,28.1962],[82.7428,28.2001],[82.7371,28.2009],[82.7351,28.2072],[82.7143,28.2096],[82.7071,28.2074],[82.6981,28.2114],[82.6985,28.2039],[82.6924,28.1995],[82.6859,28.1857],[82.6842,28.1926],[82.6671,28.1887],[82.6598,28.1906],[82.6408,28.1806],[82.6268,28.1783],[82.6154,28.1699],[82.6089,28.1519],[82.5914,28.1455],[82.5902,28.1401],[82.6062,28.1307],[82.6093,28.1193],[82.6087,28.1029],[82.6023,28.0936],[82.6125,28.0915],[82.6267,28.0749],[82.6268,28.07],[82.6425,28.0686],[82.658,28.06],[82.6717,28.0583],[82.6871,28.051],[82.7065,28.0531],[82.7206,28.0471],[82.6994,28.0297],[82.6975,28.0157],[82.7074,28.0057],[82.7234,28.0019],[82.7339,27.9925],[82.7433,27.99],[82.7484,27.9745],[82.7646,27.9767],[82.7615,27.9693],[82.768,27.9679],[82.7681,27.9626],[82.7534,27.9436],[82.7584,27.9452],[82.7664,27.9411],[82.7775,27.926],[82.7713,27.9213],[82.7762,27.8935],[82.7811,27.8974],[82.7844,27.8914],[82.789,27.8922],[82.7907,27.8883],[82.7926,27.8911],[82.7935,27.8804],[82.7993,27.8819],[82.8072,27.8776],[82.8149,27.8849],[82.8256,27.9051],[82.8305,27.9064],[82.8503,27.901],[82.8571,27.9047],[82.8634,27.9036],[82.8646,27.9077],[82.8698,27.9094],[82.879,27.901],[82.8826,27.9063],[82.8904,27.9067],[82.8971,27.914],[82.9024,27.9084],[82.9189,27.9043],[82.9273,27.9128],[82.9305,27.9225],[82.945,27.9309],[82.9704,27.9261],[82.9859,27.93],[82.9904,27.9253],[82.9941,27.93],[83,27.9324],[83.0046,27.929],[83.0062,27.932],[83.0119,27.9199],[83.0165,27.9228],[83.015,27.9326],[83.0178,27.9366],[83.0148,27.9417],[83.0197,27.9472],[83.0164,27.9489],[83.0186,27.9568],[83.0108,27.9669],[83.0037,27.97],[83.0016,27.9776],[82.9914,27.9765],[82.9879,27.9814],[82.9777,27.9841],[82.976,27.9917],[82.9697,27.9931],[82.9667,27.9878],[82.9543,27.9939],[82.9566,27.9977],[82.9707,28.0028],[82.9703,28.006],[82.9755,28.0063],[82.9739,28.0143],[82.9783,28.0196],[82.9765,28.0315],[82.9726,28.038],[82.9628,28.0409],[82.9635,28.0461],[82.9665,28.0528],[82.9771,28.0614],[82.9776,28.0666],[82.9871,28.0737],[82.9953,28.0907],[83.0039,28.0957],[83.0042,28.1138],[83.0301,28.0991],[83.0417,28.1053],[83.0464,28.1006],[83.0523,28.1058],[83.0502,28.1107],[83.055,28.1135],[83.055,28.1205],[83.0611,28.1267],[83.0515,28.1405],[83.0571,28.1406],[83.0589,28.1451],[83.0507,28.1525],[83.0429,28.154],[83.0449,28.1562],[83.0399,28.1565],[83.0389,28.1604],[83.0442,28.1685],[83.0367,28.1681],[83.0314,28.1747],[83.0351,28.1754],[83.038,28.1852],[83.0363,28.2036],[83.039,28.2031],[83.0294,28.2202],[83.0291,28.236],[83.0239,28.2347],[83.0318,28.2409],[83.0539,28.2435],[83.0727,28.239],[83.0798,28.2335],[83.0962,28.2579],[83.0994,28.2757],[83.0718,28.3013],[83.0709,28.3111],[83.0636,28.3175],[83.0532,28.3188],[83.0462,28.3246],[83.0352,28.3216],[83.0205,28.3254],[83.0149,28.3327],[83.0062,28.3325],[82.996,28.3508],[82.982,28.3593],[82.9567,28.36]]]}},{"type":"Feature","properties":{"province":5,"provinceName":"Lumbini","district":"Rolpa"},"geometry":{"type":"Polygon","coordinates":[[[82.8812,28.4762],[82.8696,28.4793],[82.8348,28.4781],[82.7926,28.5005],[82.774,28.5001],[82.7546,28.5051],[82.7441,28.5129],[82.7447,28.5245],[82.7394,28.5264],[82.7205,28.522],[82.7052,28.509],[82.6919,28.5119],[82.6963,28.5205],[82.689,28.5237],[82.684,28.5197],[82.6883,28.5148],[82.6835,28.5173],[82.6742,28.5102],[82.6595,28.4928],[82.6431,28.4946],[82.6155,28.5108],[82.5996,28.5068],[82.5899,28.5144],[82.5785,28.5139],[82.5666,28.5216],[82.5469,28.5255],[82.5426,28.5385],[82.5373,28.5422],[82.5373,28.5537],[82.5303,28.5583],[82.5109,28.5511],[82.4942,28.5526],[82.4949,28.5399],[82.4647,28.5211],[82.4311,28.5245],[82.4201,28.5286],[82.419,28.5177],[82.4094,28.5037],[82.4136,28.4925],[82.4076,28.4865],[82.4075,28.4781],[82.4027,28.4702],[82.3979,28.4683],[82.3978,28.4606],[82.3757,28.4483],[82.3781,28.4298],[82.3522,28.4216],[82.3551,28.4103],[82.3675,28.403],[82.3654,28.3883],[82.3855,28.3727],[82.3847,28.3646],[82.378,28.3586],[82.3812,28.3516],[82.3649,28.3402],[82.3662,28.3297],[82.3692,28.3298],[82.3654,28.3194],[82.378,28.315],[82.3784,28.3041],[82.3855,28.2915],[82.3973,28.2826],[82.4054,28.2621],[82.4152,28.2537],[82.4297,28.252],[82.4392,28.2465],[82.429,28.2393],[82.4295,28.2299],[82.4203,28.2294],[82.4087,28.2205],[82.4025,28.1924],[82.4054,28.1849],[82.3987,28.1688],[82.439,28.1489],[82.4741,28.1399],[82.4812,28.1442],[82.4864,28.1304],[82.4929,28.1359],[82.4974,28.1349],[82.5059,28.1498],[82.5212,28.1472],[82.5181,28.139],[82.541,28.1317],[82.5598,28.1359],[82.5638,28.1335],[82.5609,28.1307],[82.5691,28.1153],[82.5845,28.1102],[82.5903,28.1031],[82.5969,28.1013],[82.5999,28.0926],[82.6085,28.1023],[82.6093,28.1193],[82.6062,28.1307],[82.5902,28.1401],[82.5921,28.1473],[82.6089,28.1519],[82.6154,28.1699],[82.6268,28.1783],[82.6408,28.1806],[82.6598,28.1906],[82.6671,28.1887],[82.6842,28.1926],[82.6859,28.1857],[82.6924,28.1995],[82.6985,28.2039],[82.6981,28.2114],[82.7071,28.2074],[82.7143,28.2096],[82.7351,28.2072],[82.7371,28.2009],[82.7428,28.2001],[82.748,28.1962],[82.7475,28.1925],[82.7545,28.1903],[82.7603,28.1797],[82.7885,28.1777],[82.795,28.1885],[82.8172,28.1879],[82.8274,28.1992],[82.8266,28.2056],[82.8189,28.2144],[82.8313,28.2199],[82.8408,28.2309],[82.8515,28.2317],[82.8543,28.2354],[82.8504,28.2556],[82.863,28.2575],[82.8857,28.2713],[82.8909,28.2778],[82.8889,28.2917],[82.9016,28.299],[82.9062,28.311],[82.9222,28.3213],[82.9293,28.3485],[82.9426,28.3617],[82.9567,28.36],[82.9587,28.3643],[82.957,28.3718],[82.9499,28.3786],[82.9524,28.3839],[82.9442,28.3937],[82.9456,28.3983],[82.9398,28.3986],[82.9384,28.402],[82.9181,28.4026],[82.9212,28.409],[82.9205,28.4173],[82.9142,28.4273],[82.9163,28.4341],[82.9026,28.4472],[82.8883,28.4523],[82.8812,28.4762]]]}},{"type":"Feature","properties":{"province":5,"provinceName":"Lumbini","district":"Rukum East"},"geometry":{"type":"Polygon","coordinates":[[[82.6976,28.8646],[82.6737,28.8521],[82.6652,28.8555],[82.658,28.8666],[82.6505,28.8691],[82.645,28.8664],[82.6387,28.8551],[82.6318,28.8533],[82.6266,28.8467],[82.628,28.8391],[82.6156,28.8265],[82.621,28.8082],[82.6152,28.8073],[82.5981,28.7919],[82.5917,28.7903],[82.5889,28.782],[82.569,28.7706],[82.5679,28.7669],[82.5638,28.7679],[82.5656,28.7586],[82.5691,28.7564],[82.5679,28.7438],[82.59,28.7398],[82.6033,28.7428],[82.6073,28.7152],[82.6171,28.7103],[82.6143,28.6957],[82.6178,28.6897],[82.6021,28.6842],[82.6011,28.6692],[82.5886,28.6638],[82.5808,28.6646],[82.5566,28.6439],[82.5411,28.6468],[82.5211,28.6606],[82.5075,28.6619],[82.5033,28.6676],[82.5017,28.6623],[82.4918,28.6592],[82.4928,28.651],[82.4877,28.6405],[82.5102,28.6276],[82.5418,28.6206],[82.5495,28.6271],[82.5534,28.6251],[82.5477,28.6183],[82.5621,28.6103],[82.5824,28.6126],[82.5829,28.5871],[82.577,28.5795],[82.5688,28.5777],[82.5555,28.5816],[82.5455,28.5725],[82.5369,28.5704],[82.5322,28.564],[82.531,28.5581],[82.5377,28.5525],[82.5373,28.5422],[82.5426,28.5385],[82.5481,28.5249],[82.5666,28.5216],[82.5785,28.5139],[82.5899,28.5144],[82.5996,28.5068],[82.6155,28.5108],[82.6425,28.4948],[82.6592,28.4927],[82.6618,28.4988],[82.6695,28.502],[82.6835,28.5173],[82.6883,28.5148],[82.684,28.5197],[82.689,28.5237],[82.6963,28.5205],[82.6919,28.5119],[82.7052,28.509],[82.7205,28.522],[82.7394,28.5264],[82.7447,28.5245],[82.7441,28.5129],[82.7546,28.5051],[82.774,28.5001],[82.7926,28.5005],[82.8348,28.4781],[82.8696,28.4793],[82.8805,28.4761],[82.8887,28.4795],[82.9085,28.4756],[82.9135,28.4808],[82.8963,28.4941],[82.8903,28.5065],[82.8793,28.5153],[82.8966,28.5153],[82.9156,28.527],[82.9133,28.5297],[82.9156,28.5554],[82.9182,28.5643],[82.9228,28.5671],[82.9345,28.5657],[82.9758,28.5422],[82.9793,28.5461],[82.9875,28.5639],[82.9874,28.5707],[82.9642,28.5818],[82.9546,28.598],[82.9584,28.6104],[82.969,28.6153],[82.9765,28.6268],[82.9849,28.6307],[83,28.6234],[83.0211,28.6216],[83.0267,28.6263],[83.0375,28.6256],[83.0448,28.6298],[83.0595,28.62],[83.0828,28.6255],[83.0863,28.6307],[83.0983,28.635],[83.1168,28.6307],[83.1172,28.6434],[83.1264,28.6585],[83.127,28.6639],[83.1204,28.6706],[83.1221,28.6753],[83.1369,28.6736],[83.1484,28.6816],[83.1443,28.6902],[83.1545,28.7013],[83.1462,28.7254],[83.1481,28.7307],[83.1446,28.7338],[83.1474,28.747],[83.135,28.748],[83.1154,28.7436],[83.1045,28.7535],[83.1002,28.7665],[83.0837,28.7794],[83.0812,28.7861],[83.0701,28.7799],[83.0671,28.7838],[83.0476,28.7864],[83.0381,28.7927],[83.0243,28.7906],[83.0143,28.7989],[82.999,28.8039],[82.9829,28.8006],[82.9778,28.8033],[82.9678,28.8203],[82.9583,28.821],[82.9505,28.8284],[82.9318,28.827],[82.9072,28.8322],[82.8987,28.8246],[82.8695,28.8341],[82.8457,28.8264],[82.8376,28.8316],[82.819,28.8312],[82.8013,28.8206],[82.7837,28.8242],[82.7678,28.8085],[82.75,28.8324],[82.7445,28.8452],[82.738,28.8479],[82.7283,28.8462],[82.7257,28.8497],[82.714,28.8514],[82.7066,28.8545],[82.6976,28.8646]]]}},{"type":"Feature","properties":{"province":5,"provinceName":"Lumbini","district":"Rupandehi"},"geometry":{"type":"Polygon","coordinates":[[[83.6351,27.6931],[83.6236,27.6881],[83.6053,27.7041],[83.5806,27.7049],[83.5692,27.7128],[83.5158,27.729],[83.5098,27.725],[83.5014,27.7293],[83.4945,27.7256],[83.4891,27.7303],[83.4776,27.7213],[83.457,27.728],[83.4461,27.7237],[83.4406,27.732],[83.4357,27.732],[83.4341,27.7392],[83.4184,27.7417],[83.4081,27.7345],[83.3908,27.7487],[83.3857,27.7427],[83.3779,27.7431],[83.373,27.7349],[83.3644,27.7421],[83.3595,27.7521],[83.3481,27.7498],[83.3458,27.7568],[83.3307,27.7673],[83.3255,27.7626],[83.3158,27.7623],[83.3051,27.768],[83.2985,27.7605],[83.2854,27.7561],[83.263,27.7564],[83.2578,27.7669],[83.2494,27.7587],[83.2485,27.7511],[83.2395,27.7502],[83.2279,27.763],[83.2143,27.7591],[83.2128,27.7535],[83.2199,27.7361],[83.2175,27.7269],[83.2247,27.7153],[83.2237,27.7038],[83.2291,27.6991],[83.2281,27.694],[83.2312,27.6949],[83.2274,27.6721],[83.2299,27.667],[83.2256,27.6614],[83.2263,27.6474],[83.2226,27.6455],[83.2325,27.6252],[83.2337,27.6093],[83.2236,27.596],[83.2214,27.5864],[83.2164,27.585],[83.2136,27.5754],[83.208,27.5709],[83.2113,27.5689],[83.2108,27.564],[83.2063,27.5601],[83.2142,27.5493],[83.2176,27.55],[83.2187,27.5412],[83.2234,27.5344],[83.2266,27.5347],[83.2258,27.5278],[83.2329,27.5214],[83.2336,27.5181],[83.2312,27.5183],[83.235,27.5141],[83.2314,27.5082],[83.2334,27.506],[83.2286,27.5052],[83.232,27.5009],[83.2281,27.4969],[83.2301,27.4955],[83.2232,27.4913],[83.225,27.4857],[83.2209,27.4795],[83.2239,27.4792],[83.2255,27.4684],[83.2294,27.4688],[83.2245,27.4545],[83.2199,27.4531],[83.2188,27.4443],[83.2222,27.4376],[83.2315,27.4349],[83.2333,27.4306],[83.2274,27.4283],[83.2238,27.4183],[83.219,27.4177],[83.2421,27.4064],[83.2743,27.3834],[83.2676,27.3654],[83.2748,27.3525],[83.2936,27.3348],[83.3196,27.33],[83.3175,27.3327],[83.3201,27.3372],[83.3396,27.3326],[83.3545,27.3398],[83.3537,27.3427],[83.3611,27.343],[83.36,27.3506],[83.3717,27.358],[83.3758,27.3571],[83.3768,27.3698],[83.3842,27.3705],[83.3899,27.3753],[83.3871,27.3905],[83.4045,27.4007],[83.4082,27.4113],[83.4116,27.4125],[83.4076,27.4186],[83.4018,27.4189],[83.4031,27.4207],[83.3953,27.4245],[83.3863,27.436],[83.3884,27.4391],[83.386,27.4422],[83.3993,27.4475],[83.404,27.4574],[83.4018,27.4634],[83.4046,27.4662],[83.3907,27.4705],[83.3944,27.4763],[83.3908,27.4795],[83.6167,27.4694],[83.6133,27.4754],[83.6129,27.4896],[83.5951,27.5016],[83.5984,27.504],[83.5966,27.5111],[83.601,27.5114],[83.6004,27.519],[83.5932,27.5206],[83.5924,27.5262],[83.5959,27.5274],[83.5887,27.5319],[83.5934,27.5334],[83.592,27.5416],[83.5983,27.5465],[83.5922,27.5505],[83.5979,27.5726],[83.5923,27.5756],[83.5907,27.5731],[83.5826,27.5747],[83.5847,27.5883],[83.5777,27.5971],[83.5738,27.6102],[83.5768,27.6178],[83.5833,27.6164],[83.5902,27.621],[83.5888,27.6257],[83.5951,27.6264],[83.5942,27.6305],[83.5994,27.63],[83.5972,27.6341],[83.6027,27.6353],[83.5998,27.6388],[83.6047,27.6479],[83.6115,27.6494],[83.6211,27.6593],[83.632,27.6646],[83.6316,27.6715],[83.6358,27.6778],[83.6351,27.6931]]]}},{"type":"Feature","properties":{"province":6,"provinceName":"Karnali","district":"Dailekh"},"geometry":{"type":"Polygon","coordinates":[[[81.9216,28.9776],[81.9113,28.9866],[81.9024,28.982],[81.8899,28.9841],[81.8746,28.9712],[81.8501,28.9722],[81.8437,28.9811],[81.8209,28.9846],[81.8039,29.0012],[81.7949,29.0051],[81.7968,29.0135],[81.7731,29.0192],[81.7531,29.0102],[81.732,29.0217],[81.7179,29.0199],[81.716,29.0291],[81.7041,29.0319],[81.6924,29.0497],[81.6529,29.04],[81.6324,29.0466],[81.6152,29.0334],[81.6006,29.0454],[81.5689,29.0518],[81.5655,29.0536],[81.5636,29.0664],[81.5695,29.0956],[81.5803,29.1085],[81.584,29.1239],[81.581,29.1359],[81.5697,29.1267],[81.5531,29.1196],[81.5385,29.1067],[81.5253,29.1042],[81.5125,29.0911],[81.5024,29.0911],[81.4711,29.0781],[81.4686,29.067],[81.4459,29.0537],[81.4412,29.0399],[81.4345,29.0375],[81.4273,29.0229],[81.4196,29.0213],[81.4167,29.0137],[81.4208,29.0042],[81.4119,28.9969],[81.4269,28.9802],[81.4243,28.969],[81.4327,28.9584],[81.4457,28.9585],[81.4462,28.9405],[81.4531,28.9389],[81.4577,28.931],[81.4682,28.9289],[81.4934,28.8941],[81.5022,28.8894],[81.5106,28.8899],[81.5171,28.8741],[81.5336,28.8562],[81.5396,28.8363],[81.5536,28.8158],[81.5588,28.7973],[81.5816,28.78],[81.5838,28.7648],[81.5807,28.7559],[81.5483,28.749],[81.5516,28.7388],[81.5611,28.7367],[81.5606,28.7292],[81.5648,28.7232],[81.5874,28.7075],[81.603,28.7071],[81.6181,28.6898],[81.6316,28.6921],[81.641,28.6763],[81.677,28.679],[81.6932,28.6734],[81.7034,28.661],[81.7165,28.6554],[81.7299,28.655],[81.7409,28.6454],[81.7528,28.6459],[81.7775,28.6333],[81.7856,28.6368],[81.7841,28.6518],[81.7934,28.6547],[81.7995,28.6681],[81.8123,28.6796],[81.809,28.6942],[81.8132,28.6989],[81.8165,28.719],[81.8261,28.7325],[81.838,28.7406],[81.8493,28.7378],[81.8815,28.7466],[81.8852,28.7613],[81.9142,28.7801],[81.8905,28.8126],[81.8802,28.849],[81.8819,28.8646],[81.8915,28.8741],[81.8911,28.8898],[81.8958,28.9007],[81.9264,28.9248],[81.9287,28.9362],[81.9226,28.9436],[81.9216,28.9776]]]}},{"type":"Feature","properties":{"province":6,"provinceName":"Karnali","district":"Dolpa"},"geometry":{"type":"Polygon","coordinates":[[[83.6821,29.1235],[83.6818,29.1306],[83.677,29.137],[83.6779,29.1489],[83.6649,29.1567],[83.6641,29.1649],[83.6682,29.1697],[83.6643,29.1736],[83.6595,29.1761],[83.646,29.167],[83.6443,29.1616],[83.6355,29.1584],[83.6168,29.1713],[83.6123,29.1807],[83.5922,29.1741],[83.5806,29.1788],[83.5777,29.1881],[83.572,29.1904],[83.5741,29.2025],[83.5653,29.206],[83.5541,29.2],[83.5412,29.2026],[83.533,29.2082],[83.5325,29.2133],[83.5217,29.2176],[83.5201,29.227],[83.5172,29.228],[83.5249,29.2382],[83.5198,29.2405],[83.5216,29.245],[83.5169,29.2558],[83.5063,29.2555],[83.5048,29.2595],[83.4936,29.2648],[83.4956,29.2736],[83.4892,29.2763],[83.4897,29.28],[83.4808,29.281],[83.4715,29.2735],[83.4647,29.2766],[83.4622,29.2859],[83.4571,29.2864],[83.4578,29.2909],[83.4526,29.2938],[83.4535,29.2975],[83.4457,29.2998],[83.4463,29.3065],[83.4402,29.3091],[83.4486,29.3291],[83.4445,29.3357],[83.4454,29.3432],[83.4411,29.3495],[83.4312,29.3496],[83.4256,29.3563],[83.4172,29.359],[83.4194,29.3641],[83.4152,29.3669],[83.4176,29.3753],[83.4139,29.3803],[83.4246,29.3844],[83.4225,29.3974],[83.4283,29.4024],[83.418,29.4104],[83.4164,29.4208],[83.3832,29.4232],[83.3735,29.4285],[83.3728,29.4343],[83.3664,29.4399],[83.3652,29.4464],[83.3683,29.45],[83.3558,29.4514],[83.3537,29.4587],[83.3444,29.4658],[83.3441,29.475],[83.3497,29.4785],[83.3474,29.4943],[83.3179,29.5089],[83.3044,29.4997],[83.2955,29.5044],[83.2841,29.4987],[83.2741,29.5076],[83.2695,29.5074],[83.2708,29.5223],[83.2658,29.5331],[83.2579,29.5392],[83.2562,29.5446],[83.2609,29.551],[83.2574,29.5568],[83.2762,29.5545],[83.2842,29.5575],[83.286,29.5629],[83.28,29.5689],[83.2712,29.5684],[83.2635,29.5736],[83.2632,29.5776],[83.234,29.5778],[83.2165,29.5893],[83.2201,29.6055],[83.2009,29.6062],[83.1989,29.6111],[83.1897,29.6083],[83.1903,29.5972],[83.1826,29.5932],[83.1613,29.5963],[83.1672,29.616],[83.1521,29.6238],[83.144,29.6248],[83.1334,29.6179],[83.1224,29.6286],[83.1189,29.625],[83.1185,29.6164],[83.1074,29.6184],[83.0922,29.612],[83.0943,29.6054],[83.0877,29.6027],[83.0713,29.61],[83.0674,29.6165],[83.0675,29.6261],[83.0454,29.6308],[83.0355,29.6542],[83.023,29.6507],[83.0231,29.6577],[83.016,29.6605],[83.0106,29.6726],[83.0025,29.6646],[82.9939,29.6633],[82.987,29.6684],[82.9581,29.6624],[82.9493,29.6689],[82.9488,29.6732],[82.9429,29.6741],[82.9504,29.6916],[82.9375,29.7055],[82.9287,29.7006],[82.9169,29.7064],[82.9104,29.7004],[82.8919,29.7011],[82.8882,29.6927],[82.8788,29.692],[82.8647,29.6849],[82.8406,29.6918],[82.8291,29.6898],[82.829,29.6491],[82.8249,29.6459],[82.8174,29.6466],[82.8082,29.6387],[82.8003,29.6395],[82.7963,29.632],[82.7982,29.6139],[82.8115,29.5929],[82.8095,29.5869],[82.8212,29.5594],[82.8052,29.5515],[82.787,29.5256],[82.7884,29.5187],[82.7835,29.5143],[82.7759,29.5162],[82.75,29.5074],[82.7337,29.5077],[82.7283,29.5002],[82.7305,29.4904],[82.7255,29.4791],[82.7373,29.4678],[82.7272,29.4489],[82.7191,29.4448],[82.7213,29.4411],[82.7163,29.4312],[82.6922,29.4252],[82.6876,29.4181],[82.6892,29.4126],[82.6751,29.4024],[82.6632,29.402],[82.6611,29.3954],[82.644,29.3853],[82.6403,29.3911],[82.6257,29.3985],[82.6288,29.4139],[82.6252,29.4246],[82.5883,29.4226],[82.5827,29.4161],[82.5604,29.4114],[82.55,29.3803],[82.5629,29.3675],[82.57,29.3654],[82.5738,29.3569],[82.5724,29.346],[82.5769,29.3374],[82.5837,29.3362],[82.5923,29.3267],[82.5926,29.303],[82.5824,29.2954],[82.5588,29.287],[82.5524,29.2798],[82.5539,29.2657],[82.5329,29.2497],[82.5418,29.2446],[82.5361,29.2366],[82.5445,29.2279],[82.5473,29.2126],[82.556,29.2046],[82.5815,29.1934],[82.5841,29.1898],[82.5805,29.1801],[82.573,29.1716],[82.5628,29.1709],[82.5569,29.1655],[82.5329,29.1638],[82.5164,29.1563],[82.4742,29.1637],[82.4627,29.1568],[82.4485,29.1577],[82.435,29.146],[82.4362,29.1391],[82.419,29.1362],[82.419,29.1274],[82.4155,29.1233],[82.42,29.1195],[82.4201,29.1108],[82.4055,29.0728],[82.4074,29.0463],[82.4009,29.0378],[82.4002,29.027],[82.3941,29.0177],[82.4007,29.0028],[82.4134,29.0044],[82.4303,28.9991],[82.4407,28.9905],[82.4518,28.9923],[82.4588,28.9897],[82.4675,28.9961],[82.4697,29.0027],[82.4813,29.0063],[82.4869,29.0148],[82.5262,29.0144],[82.5737,28.9974],[82.5954,28.9808],[82.6013,28.9825],[82.6168,28.9782],[82.6424,28.9628],[82.6682,28.9633],[82.6727,28.9454],[82.6867,28.9252],[82.6884,28.9172],[82.7017,28.9084],[82.7022,28.901],[82.6929,28.8882],[82.6994,28.8876],[82.7017,28.8827],[82.6976,28.8646],[82.7066,28.8545],[82.714,28.8514],[82.7257,28.8497],[82.7283,28.8462],[82.738,28.8479],[82.7445,28.8452],[82.75,28.8324],[82.7678,28.8085],[82.7837,28.8242],[82.8013,28.8206],[82.819,28.8312],[82.8376,28.8316],[82.8457,28.8264],[82.8695,28.8341],[82.8979,28.8246],[82.9067,28.8322],[82.9318,28.827],[82.9492,28.8289],[82.9583,28.821],[82.9678,28.8203],[82.9778,28.8033],[82.9829,28.8006],[82.999,28.8039],[83.0143,28.7989],[83.0243,28.7906],[83.0381,28.7927],[83.0476,28.7864],[83.0671,28.7838],[83.0701,28.7799],[83.0812,28.7861],[83.0837,28.7794],[83.1002,28.7665],[83.1045,28.7535],[83.1168,28.7431],[83.135,28.748],[83.1571,28.7476],[83.1885,28.7435],[83.2119,28.7318],[83.2313,28.7428],[83.25,28.7303],[83.2789,28.7218],[83.3006,28.7319],[83.3287,28.738],[83.364,28.734],[83.3905,28.763],[83.4125,28.7605],[83.4481,28.7688],[83.4632,28.78],[83.4855,28.7828],[83.4901,28.802],[83.4821,28.8171],[83.4856,28.8319],[83.4824,28.838],[83.4864,28.8457],[83.4945,28.8463],[83.5,28.8425],[83.504,28.8463],[83.5081,28.8651],[83.5015,28.8771],[83.5581,28.933],[83.5607,28.9448],[83.5696,28.9436],[83.5817,28.9556],[83.5941,28.9836],[83.6013,28.9856],[83.6066,28.9801],[83.6113,28.9802],[83.6171,28.9876],[83.619,29.0064],[83.614,29.0147],[83.6186,29.0191],[83.6146,29.036],[83.6211,29.0457],[83.6217,29.0597],[83.6336,29.0629],[83.6328,29.081],[83.6182,29.0925],[83.6177,29.0983],[83.6227,29.0978],[83.6309,29.1068],[83.652,29.1044],[83.6537,29.1195],[83.6627,29.1246],[83.6821,29.1235]]]}},{"type":"Feature","properties":{"province":6,"provinceName":"Karnali","district":"Humla"},"geometry":{"type":"Polygon","coordinates":[[[82.4995,29.9474],[82.4762,29.9648],[82.4781,29.9737],[82.4651,29.9821],[82.4582,29.9769],[82.4405,29.9887],[82.4341,29.989],[82.4256,29.9958],[82.4227,30.0042],[82.4084,30.0153],[82.4045,30.0145],[82.3968,30.0243],[82.3889,30.0205],[82.3843,30.027],[82.378,30.0265],[82.3798,30.0112],[82.3743,30.0156],[82.3649,30.0104],[82.3614,30.0217],[82.3467,30.0289],[82.3455,30.0368],[82.3359,30.047],[82.3219,30.0495],[82.3173,30.0402],[82.3004,30.0379],[82.2871,30.0473],[82.2832,30.0612],[82.2676,30.0621],[82.2545,30.0681],[82.2536,30.0725],[82.2479,30.0753],[82.2352,30.0694],[82.2331,30.0649],[82.1904,30.0698],[82.1738,30.0652],[82.1677,30.0814],[82.1706,30.0863],[82.1791,30.0891],[82.1836,30.096],[82.1813,30.1024],[82.1884,30.111],[82.181,30.1173],[82.1734,30.1177],[82.1727,30.122],[82.1785,30.122],[82.1812,30.1294],[82.1888,30.1338],[82.2006,30.1362],[82.1996,30.143],[82.2074,30.1539],[82.1949,30.16],[82.1839,30.1609],[82.1833,30.1656],[82.1884,30.1726],[82.1863,30.1909],[82.1611,30.1892],[82.141,30.1989],[82.1415,30.2026],[82.134,30.2077],[82.1352,30.2193],[82.1289,30.2261],[82.1113,30.226],[82.1003,30.2392],[82.107,30.2443],[82.1093,30.2551],[82.1199,30.2586],[82.1181,30.2723],[82.1113,30.2773],[82.1183,30.2861],[82.1184,30.2944],[82.1302,30.3022],[82.1198,30.3196],[82.123,30.3219],[82.1206,30.3269],[82.1126,30.3352],[82.1131,30.3442],[82.1068,30.3496],[82.0963,30.35],[82.0873,30.3592],[82.0754,30.3588],[82.0678,30.3554],[82.0672,30.3473],[82.0584,30.34],[82.0579,30.3326],[82.0428,30.3411],[82.0326,30.3376],[82.0233,30.3445],[82.0181,30.3442],[82.013,30.342],[82.014,30.3292],[82.006,30.3283],[82,30.3207],[81.9903,30.3208],[81.9885,30.3257],[81.9763,30.3301],[81.9711,30.3379],[81.9586,30.3412],[81.9641,30.3508],[81.9512,30.359],[81.9469,30.3499],[81.9412,30.3475],[81.9163,30.35],[81.884,30.3608],[81.8799,30.3695],[81.8695,30.3774],[81.8557,30.3794],[81.8519,30.3732],[81.8426,30.3766],[81.8282,30.3751],[81.8108,30.3873],[81.7923,30.389],[81.7759,30.3844],[81.764,30.3891],[81.753,30.3888],[81.7335,30.3983],[81.7287,30.4114],[81.7162,30.4118],[81.697,30.4237],[81.6741,30.4276],[81.6357,30.4452],[81.6197,30.446],[81.6238,30.4244],[81.6086,30.4122],[81.5911,30.4168],[81.5761,30.4267],[81.5627,30.4282],[81.5597,30.4201],[81.5613,30.4075],[81.5526,30.403],[81.5516,30.381],[81.5574,30.3741],[81.5536,30.3699],[81.5367,30.3714],[81.5084,30.3808],[81.4909,30.3814],[81.4775,30.3892],[81.469,30.4037],[81.4572,30.4069],[81.4468,30.416],[81.4404,30.4187],[81.4357,30.4129],[81.4295,30.422],[81.4098,30.4211],[81.4025,30.3963],[81.4137,30.3937],[81.4218,30.3892],[81.4225,30.3854],[81.4311,30.3834],[81.4219,30.3706],[81.4006,30.3712],[81.3971,30.3682],[81.4016,30.3647],[81.4014,30.3574],[81.4078,30.3532],[81.4043,30.3441],[81.4077,30.3369],[81.3982,30.3235],[81.4077,30.316],[81.4165,30.3165],[81.4251,30.3051],[81.4121,30.2951],[81.4037,30.2931],[81.4054,30.2856],[81.4014,30.2816],[81.417,30.2842],[81.4184,30.2817],[81.4102,30.2611],[81.3938,30.2506],[81.3982,30.2425],[81.3921,30.2337],[81.3988,30.2186],[81.3982,30.209],[81.3763,30.1967],[81.372,30.1866],[81.3524,30.1781],[81.3359,30.1604],[81.3339,30.1533],[81.3185,30.152],[81.3066,30.1643],[81.3062,30.1596],[81.2886,30.155],[81.2748,30.1554],[81.2598,30.1513],[81.258,30.1466],[81.2923,30.1126],[81.287,30.1052],[81.291,30.0948],[81.2877,30.0785],[81.2913,30.0744],[81.2764,30.0591],[81.2737,30.0453],[81.2831,30.0435],[81.2864,30.0376],[81.2928,30.035],[81.308,30.0311],[81.3164,30.0327],[81.3202,30.0257],[81.3482,30.0188],[81.3588,30.0106],[81.3837,30.0072],[81.3857,30.0136],[81.4013,30.0181],[81.4031,30.0228],[81.432,30.0076],[81.4563,30.0024],[81.4649,29.9956],[81.4624,29.9861],[81.4718,29.9751],[81.4705,29.9637],[81.4546,29.949],[81.4604,29.9426],[81.4566,29.9348],[81.4645,29.921],[81.4582,29.9012],[81.4725,29.8898],[81.4816,29.8921],[81.4945,29.8872],[81.5057,29.8928],[81.5187,29.9043],[81.5138,29.9162],[81.5186,29.9228],[81.5365,29.9276],[81.5513,29.9232],[81.5867,29.9369],[81.5928,29.9307],[81.6045,29.9302],[81.6147,29.9432],[81.6204,29.9385],[81.6284,29.9384],[81.6474,29.9482],[81.6549,29.9428],[81.6672,29.9403],[81.6896,29.9491],[81.6997,29.9415],[81.6993,29.9315],[81.7115,29.9269],[81.7125,29.9145],[81.7178,29.9094],[81.7287,29.9123],[81.7352,29.9079],[81.7444,29.9073],[81.7636,29.9124],[81.7712,29.9095],[81.7818,29.9111],[81.7905,29.9096],[81.801,29.9017],[81.8006,29.8967],[81.7955,29.8955],[81.799,29.8788],[81.7934,29.8538],[81.7959,29.8484],[81.7826,29.8393],[81.7852,29.8305],[81.7822,29.8071],[81.7755,29.7981],[81.7663,29.8018],[81.7414,29.7922],[81.738,29.7769],[81.732,29.7692],[81.7346,29.7592],[81.7286,29.7479],[81.7288,29.7341],[81.7158,29.7223],[81.71,29.6989],[81.6992,29.6809],[81.704,29.6555],[81.7021,29.6475],[81.7054,29.6454],[81.7012,29.6419],[81.7044,29.6419],[81.7043,29.6377],[81.7176,29.6208],[81.7221,29.6208],[81.7221,29.6167],[81.7298,29.615],[81.7404,29.6062],[81.7756,29.6058],[81.7789,29.6174],[81.7919,29.6274],[81.8263,29.6199],[81.8453,29.622],[81.8548,29.6194],[81.8743,29.635],[81.8786,29.649],[81.8851,29.6535],[81.8916,29.6675],[81.9004,29.6686],[81.9112,29.6633],[81.9195,29.6638],[81.9237,29.6736],[81.933,29.6778],[81.9399,29.6727],[81.9487,29.6751],[81.9947,29.7042],[82.0002,29.7153],[82.0064,29.7199],[82.0079,29.7272],[82.0172,29.7358],[82.0303,29.7403],[82.0374,29.7491],[82.0471,29.751],[82.0622,29.7462],[82.0631,29.7283],[82.0699,29.7247],[82.0751,29.7133],[82.0823,29.7131],[82.0837,29.7052],[82.0952,29.6987],[82.0948,29.6899],[82.1031,29.6863],[82.1,29.6807],[82.1041,29.6732],[82.1026,29.6657],[82.1156,29.6529],[82.1046,29.6348],[82.1445,29.6458],[82.1581,29.6582],[82.1714,29.6539],[82.1861,29.6583],[82.1944,29.6532],[82.2034,29.6601],[82.2167,29.6553],[82.221,29.6636],[82.2362,29.6627],[82.2389,29.6682],[82.2344,29.6745],[82.2377,29.6804],[82.2331,29.6845],[82.2336,29.7005],[82.2479,29.6977],[82.2631,29.7029],[82.2701,29.6966],[82.2839,29.6923],[82.2994,29.6971],[82.315,29.7123],[82.3259,29.7106],[82.3415,29.7159],[82.3519,29.7127],[82.3548,29.707],[82.3634,29.7026],[82.3687,29.704],[82.3807,29.697],[82.3944,29.6965],[82.4136,29.7151],[82.4122,29.7237],[82.4162,29.732],[82.4109,29.736],[82.3994,29.7612],[82.4134,29.7711],[82.4147,29.7778],[82.4107,29.7857],[82.4059,29.7871],[82.4056,29.8022],[82.4028,29.8053],[82.4079,29.811],[82.4246,29.8071],[82.4406,29.8159],[82.4418,29.8242],[82.4318,29.8352],[82.4375,29.8442],[82.4369,29.8608],[82.4635,29.8637],[82.4612,29.8815],[82.4495,29.8887],[82.4573,29.8972],[82.4698,29.8989],[82.4763,29.9071],[82.4721,29.9188],[82.4902,29.9291],[82.4995,29.9474]]]}},{"type":"Feature","properties":{"province":6,"provinceName":"Karnali","district":"Jajarkot"},"geometry":{"type":"Polygon","coordinates":[[[82.4137,29.0955],[82.3543,29.1165],[82.325,29.11],[82.3033,29.1197],[82.2875,29.1159],[82.2856,29.1234],[82.2801,29.1274],[82.2664,29.1214],[82.2672,29.1148],[82.2716,29.1139],[82.2646,29.1071],[82.256,29.1099],[82.2385,29.1012],[82.2307,29.1056],[82.2271,29.1044],[82.2266,29.0956],[82.2221,29.0904],[82.2134,29.087],[82.2029,29.0889],[82.2054,29.0805],[82.2001,29.073],[82.1825,29.0618],[82.1693,29.0693],[82.1585,29.0538],[82.1527,29.0528],[82.1497,29.0481],[82.1515,29.0416],[82.1484,29.0323],[82.1404,29.0317],[82.1273,29.0155],[82.1206,29.0144],[82.1194,29.007],[82.1249,28.9945],[82.1021,28.9843],[82.0972,28.9743],[82.0802,28.9693],[82.0511,28.981],[82.0448,28.9892],[82.0463,28.9951],[82.0435,28.9993],[82.0463,29.0034],[82.0411,29.0119],[82.01,29.0306],[82.0025,29.0157],[81.9878,29.0126],[81.9862,29.0028],[81.963,28.9909],[81.9601,28.9855],[81.9216,28.9776],[81.9226,28.9436],[81.9287,28.9362],[81.9264,28.9248],[81.8958,28.9007],[81.8911,28.8898],[81.8915,28.8741],[81.8819,28.8646],[81.8802,28.849],[81.8905,28.8126],[81.9142,28.7801],[81.8852,28.7613],[81.882,28.7469],[81.862,28.7396],[81.8493,28.7378],[81.838,28.7406],[81.8261,28.7325],[81.8219,28.724],[81.8472,28.7101],[81.8675,28.6801],[81.8698,28.6639],[81.8791,28.6587],[81.8793,28.6488],[81.8874,28.6431],[81.9388,28.6411],[81.9495,28.636],[81.9595,28.6407],[81.9775,28.6384],[81.9942,28.6438],[82.0303,28.6449],[82.0422,28.6418],[82.0378,28.6379],[82.0452,28.6365],[82.0486,28.642],[82.0583,28.6446],[82.0607,28.6414],[82.0562,28.6347],[82.0716,28.63],[82.0842,28.6181],[82.1023,28.6215],[82.1104,28.6192],[82.1213,28.6232],[82.1308,28.6215],[82.1401,28.6265],[82.1463,28.6247],[82.1433,28.6179],[82.1461,28.6153],[82.169,28.6112],[82.1812,28.6181],[82.1931,28.631],[82.1884,28.638],[82.1939,28.639],[82.1998,28.6628],[82.1964,28.6687],[82.2007,28.6788],[82.199,28.6832],[82.205,28.6826],[82.211,28.6759],[82.2185,28.6869],[82.2307,28.6883],[82.2344,28.7023],[82.2402,28.709],[82.2493,28.7123],[82.2619,28.7078],[82.2631,28.7027],[82.275,28.6928],[82.2819,28.6942],[82.2777,28.7056],[82.2864,28.7147],[82.2909,28.7275],[82.285,28.7325],[82.292,28.7381],[82.2858,28.7489],[82.2917,28.7568],[82.2853,28.7621],[82.2955,28.777],[82.2962,28.785],[82.3089,28.7876],[82.3371,28.784],[82.3471,28.7863],[82.3523,28.7932],[82.3595,28.7919],[82.3661,28.7957],[82.3774,28.8219],[82.4017,28.8415],[82.4189,28.8493],[82.4327,28.8513],[82.4574,28.8734],[82.464,28.8749],[82.4708,28.8679],[82.4987,28.8786],[82.5094,28.8948],[82.5063,28.9212],[82.518,28.9305],[82.5152,28.9499],[82.5444,28.9816],[82.5539,28.9877],[82.5821,28.9904],[82.5737,28.9974],[82.5488,29.0043],[82.5375,29.0113],[82.5073,29.0158],[82.4869,29.0148],[82.4813,29.0063],[82.4697,29.0027],[82.4675,28.9961],[82.4597,28.9898],[82.4518,28.9923],[82.4407,28.9905],[82.4303,28.9991],[82.4134,29.0044],[82.4007,29.0028],[82.3941,29.0177],[82.4002,29.027],[82.4009,29.0378],[82.4074,29.0463],[82.4055,29.0728],[82.4137,29.0955]]]}},{"type":"Feature","properties":{"province":6,"provinceName":"Karnali","district":"Jumla"},"geometry":{"type":"Polygon","coordinates":[[[82.5604,29.4114],[82.5437,29.4207],[82.515,29.4205],[82.5127,29.4353],[82.5043,29.4456],[82.5022,29.4577],[82.5076,29.4706],[82.5022,29.4752],[82.5036,29.4836],[82.4979,29.4936],[82.4547,29.4645],[82.4499,29.45],[82.4342,29.4433],[82.4286,29.4492],[82.4195,29.4477],[82.4131,29.4512],[82.4125,29.4639],[82.3882,29.5016],[82.3725,29.4912],[82.3651,29.4904],[82.3473,29.4942],[82.3417,29.5042],[82.3327,29.5048],[82.3306,29.508],[82.3188,29.5066],[82.312,29.5039],[82.3064,29.4942],[82.3024,29.494],[82.3035,29.4819],[82.3081,29.4787],[82.301,29.4706],[82.3035,29.4627],[82.2982,29.4562],[82.3009,29.4503],[82.2962,29.4427],[82.272,29.442],[82.2687,29.445],[82.249,29.4333],[82.241,29.4386],[82.224,29.4285],[82.2241,29.419],[82.2156,29.4069],[82.212,29.4108],[82.1963,29.4111],[82.1827,29.4069],[82.1773,29.4154],[82.1629,29.417],[82.1546,29.4269],[82.1455,29.4291],[82.1413,29.4381],[82.1475,29.4471],[82.1445,29.4571],[82.132,29.4703],[82.1127,29.4652],[82.1039,29.4586],[82.0952,29.4644],[82.09,29.4786],[82.0787,29.4838],[82.0589,29.4793],[82.0499,29.4841],[82.043,29.4828],[82.0307,29.4694],[82.0224,29.4688],[82.0161,29.4615],[82.008,29.4729],[81.981,29.473],[81.9812,29.4652],[81.9759,29.4623],[81.9662,29.4458],[81.94,29.4438],[81.9306,29.4333],[81.9322,29.415],[81.9293,29.4026],[81.9322,29.3947],[81.9262,29.3846],[81.9295,29.3664],[81.927,29.3533],[81.9319,29.3448],[81.9321,29.3328],[81.9166,29.3224],[81.9092,29.3219],[81.9063,29.3143],[81.8977,29.3076],[81.899,29.2976],[81.8844,29.2855],[81.8812,29.2728],[81.8615,29.2732],[81.8555,29.2668],[81.8497,29.2663],[81.8481,29.2587],[81.8517,29.2445],[81.8608,29.2411],[81.8706,29.2257],[81.8771,29.2272],[81.8961,29.2139],[81.9032,29.2138],[81.9107,29.2057],[81.9103,29.1886],[81.9026,29.1852],[81.8965,29.1728],[81.9055,29.1572],[81.9283,29.1573],[81.938,29.1502],[81.9459,29.1494],[81.952,29.142],[81.9497,29.1292],[81.9596,29.128],[81.9827,29.1077],[82,29.1028],[82.0189,29.092],[82.0197,29.0756],[82.014,29.072],[82.0186,29.0609],[82.0153,29.0554],[82.0192,29.0516],[82.0135,29.0295],[82.0186,29.0233],[82.0411,29.0119],[82.0463,29.0034],[82.0435,28.9993],[82.0463,28.9951],[82.0448,28.9892],[82.0511,28.981],[82.0802,28.9693],[82.0972,28.9743],[82.1021,28.9843],[82.1249,28.9945],[82.1194,29.007],[82.1206,29.0144],[82.1273,29.0155],[82.1404,29.0317],[82.1484,29.0323],[82.1515,29.0416],[82.1497,29.0481],[82.1527,29.0528],[82.1585,29.0538],[82.1693,29.0693],[82.1825,29.0618],[82.2001,29.073],[82.2054,29.0805],[82.2029,29.0889],[82.2134,29.087],[82.2221,29.0904],[82.2266,29.0956],[82.2271,29.1044],[82.2307,29.1056],[82.2385,29.1012],[82.256,29.1099],[82.2646,29.1071],[82.2716,29.1139],[82.2672,29.1148],[82.2664,29.1214],[82.2801,29.1274],[82.2856,29.1234],[82.2875,29.1159],[82.3033,29.1197],[82.325,29.11],[82.3543,29.1165],[82.4137,29.0955],[82.4201,29.1108],[82.42,29.1195],[82.4155,29.1233],[82.419,29.1274],[82.4189,29.1361],[82.4362,29.1391],[82.435,29.146],[82.4482,29.1576],[82.4627,29.1568],[82.4742,29.1637],[82.5164,29.1563],[82.5329,29.1638],[82.5547,29.1648],[82.5628,29.1709],[82.573,29.1716],[82.5803,29.1797],[82.5841,29.1906],[82.5633,29.2037],[82.556,29.2046],[82.5476,29.2122],[82.5445,29.2279],[82.5361,29.2366],[82.5418,29.2446],[82.5329,29.2497],[82.5539,29.2657],[82.5524,29.2798],[82.5588,29.287],[82.5824,29.2954],[82.5926,29.303],[82.5923,29.3267],[82.5837,29.3362],[82.5769,29.3374],[82.5724,29.346],[82.5738,29.3569],[82.57,29.3654],[82.5629,29.3675],[82.55,29.3803],[82.5604,29.4114]]]}},{"type":"Feature","properties":{"province":6,"provinceName":"Karnali","district":"Kalikot"},"geometry":{"type":"Polygon","coordinates":[[[81.9327,29.4373],[81.9234,29.4444],[81.8994,29.4465],[81.8866,29.4434],[81.8756,29.4506],[81.8686,29.4606],[81.8608,29.4587],[81.8443,29.4616],[81.8345,29.4565],[81.812,29.4552],[81.8052,29.4483],[81.8072,29.4393],[81.8008,29.4291],[81.7997,29.407],[81.7912,29.389],[81.7706,29.3922],[81.7683,29.3857],[81.7629,29.3866],[81.7515,29.3665],[81.7541,29.3518],[81.7415,29.3339],[81.705,29.3306],[81.6927,29.3205],[81.6801,29.3214],[81.6718,29.3169],[81.6502,29.3211],[81.6437,29.3344],[81.6455,29.3555],[81.6413,29.3553],[81.6365,29.3644],[81.6155,29.3707],[81.6102,29.3672],[81.5781,29.3628],[81.5688,29.3478],[81.5628,29.3514],[81.5602,29.3579],[81.5522,29.3495],[81.55,29.3393],[81.5307,29.3261],[81.5257,29.3151],[81.517,29.312],[81.5097,29.3146],[81.5018,29.2973],[81.4925,29.2906],[81.4856,29.2796],[81.4698,29.2718],[81.4794,29.264],[81.493,29.2616],[81.5014,29.2388],[81.4883,29.2254],[81.4839,29.2005],[81.4925,29.185],[81.4891,29.1729],[81.497,29.1688],[81.5008,29.1517],[81.5264,29.1527],[81.5351,29.1465],[81.5366,29.1372],[81.5521,29.1293],[81.5673,29.1261],[81.5826,29.1355],[81.584,29.1239],[81.5803,29.1085],[81.5678,29.0893],[81.5636,29.0664],[81.5655,29.0536],[81.5825,29.0472],[81.5906,29.0489],[81.6006,29.0454],[81.6152,29.0334],[81.6324,29.0466],[81.6529,29.04],[81.6924,29.0497],[81.7041,29.0319],[81.716,29.0291],[81.7179,29.0199],[81.732,29.0217],[81.7531,29.0102],[81.7731,29.0192],[81.7968,29.0135],[81.7949,29.0051],[81.8039,29.0012],[81.8209,28.9846],[81.8437,28.9811],[81.8507,28.9721],[81.8761,28.9716],[81.8906,28.9843],[81.9024,28.982],[81.9121,28.9866],[81.923,28.9776],[81.9317,28.9819],[81.9595,28.9853],[81.963,28.9909],[81.9862,29.0028],[81.9878,29.0126],[82.0025,29.0157],[82.0091,29.0304],[82.0135,29.0295],[82.0192,29.0516],[82.0153,29.0554],[82.0186,29.0609],[82.014,29.072],[82.0197,29.0756],[82.0189,29.092],[82,29.1028],[81.9827,29.1077],[81.9596,29.128],[81.9497,29.1292],[81.952,29.142],[81.9459,29.1494],[81.938,29.1502],[81.9283,29.1573],[81.9055,29.1572],[81.8965,29.1728],[81.9026,29.1852],[81.9103,29.1886],[81.9107,29.2057],[81.9032,29.2138],[81.8961,29.2139],[81.8771,29.2272],[81.8706,29.2257],[81.8608,29.2411],[81.8517,29.2445],[81.8481,29.2587],[81.8497,29.2663],[81.8555,29.2668],[81.8615,29.2732],[81.8812,29.2728],[81.8844,29.2855],[81.899,29.2976],[81.8977,29.3076],[81.9063,29.3143],[81.9092,29.3219],[81.9166,29.3224],[81.9321,29.3328],[81.9319,29.3448],[81.927,29.3533],[81.9295,29.3664],[81.9262,29.3846],[81.9322,29.3947],[81.9293,29.4026],[81.9327,29.4373]]]}},{"type":"Feature","properties":{"province":6,"provinceName":"Karnali","district":"Mugu"},"geometry":{"type":"Polygon","coordinates":[[[82.8291,29.6898],[82.8176,29.7023],[82.8234,29.7138],[82.8199,29.7211],[82.7996,29.719],[82.7649,29.7312],[82.7681,29.7335],[82.7687,29.7424],[82.7634,29.7475],[82.7605,29.7601],[82.7542,29.7656],[82.7468,29.7695],[82.7255,29.7705],[82.721,29.7661],[82.7129,29.7689],[82.7005,29.7619],[82.692,29.7631],[82.6884,29.7735],[82.698,29.7815],[82.696,29.7911],[82.7025,29.7948],[82.7123,29.7928],[82.7301,29.8029],[82.7311,29.8087],[82.7391,29.8135],[82.7321,29.8222],[82.7286,29.8353],[82.7241,29.8388],[82.7125,29.8388],[82.6992,29.8553],[82.6882,29.852],[82.6861,29.8469],[82.6778,29.8432],[82.6626,29.8423],[82.6418,29.8339],[82.6229,29.8373],[82.6222,29.8449],[82.6337,29.8496],[82.6331,29.8562],[82.6425,29.8629],[82.6439,29.871],[82.6048,29.8886],[82.5867,29.9213],[82.5816,29.9216],[82.5687,29.9323],[82.565,29.9552],[82.5321,29.9713],[82.5163,29.9523],[82.4995,29.9474],[82.4979,29.9395],[82.4894,29.9284],[82.4732,29.9203],[82.4763,29.9071],[82.4698,29.8989],[82.4573,29.8972],[82.4495,29.8887],[82.4612,29.8815],[82.4645,29.8653],[82.457,29.8609],[82.4369,29.8608],[82.4375,29.8442],[82.4318,29.8352],[82.4418,29.8242],[82.4397,29.8146],[82.4284,29.8117],[82.4246,29.8071],[82.4079,29.811],[82.4028,29.8053],[82.4056,29.8022],[82.4059,29.7871],[82.4107,29.7857],[82.4147,29.7778],[82.4134,29.7711],[82.3994,29.7612],[82.4109,29.736],[82.4162,29.732],[82.4122,29.7237],[82.4136,29.7151],[82.3946,29.6966],[82.3807,29.697],[82.3687,29.704],[82.3634,29.7026],[82.3548,29.707],[82.3519,29.7127],[82.3415,29.7159],[82.3259,29.7106],[82.315,29.7123],[82.2994,29.6971],[82.2839,29.6923],[82.2701,29.6966],[82.2631,29.7029],[82.2479,29.6977],[82.2336,29.7005],[82.2331,29.6845],[82.2377,29.6804],[82.2344,29.6745],[82.2389,29.6682],[82.2362,29.6627],[82.221,29.6636],[82.2167,29.6553],[82.2034,29.6601],[82.1944,29.6532],[82.1861,29.6583],[82.1714,29.6539],[82.1581,29.6582],[82.1445,29.6458],[82.1046,29.6348],[82.1156,29.6529],[82.1026,29.6657],[82.1041,29.6732],[82.1,29.6807],[82.1031,29.6863],[82.0948,29.6899],[82.0952,29.6987],[82.0837,29.7052],[82.0823,29.7131],[82.0751,29.7133],[82.0699,29.7247],[82.0631,29.7283],[82.0622,29.7462],[82.0482,29.751],[82.0378,29.7493],[82.0303,29.7403],[82.0172,29.7358],[82.0079,29.7272],[82.0064,29.7199],[82.0002,29.7153],[81.9947,29.7042],[81.9487,29.6751],[81.9399,29.6727],[81.933,29.6778],[81.9237,29.6736],[81.9195,29.6638],[81.9112,29.6633],[81.9004,29.6686],[81.8916,29.6675],[81.8851,29.6535],[81.8786,29.649],[81.8743,29.635],[81.8548,29.6194],[81.8453,29.622],[81.8263,29.6199],[81.7919,29.6274],[81.7866,29.6248],[81.7789,29.6174],[81.7756,29.6058],[81.7797,29.5997],[81.7923,29.5957],[81.7915,29.5901],[81.8004,29.5766],[81.8007,29.5582],[81.7922,29.5405],[81.7943,29.5298],[81.7875,29.5284],[81.7791,29.5173],[81.7824,29.5091],[81.771,29.5093],[81.7643,29.5053],[81.7899,29.5],[81.806,29.4744],[81.8096,29.4539],[81.8345,29.4565],[81.8434,29.4615],[81.8686,29.4606],[81.8756,29.4506],[81.8866,29.4434],[81.8994,29.4465],[81.9234,29.4444],[81.9327,29.4373],[81.94,29.4438],[81.9662,29.4458],[81.9759,29.4623],[81.9812,29.4652],[81.981,29.473],[82.008,29.4729],[82.0161,29.4615],[82.0224,29.4688],[82.0307,29.4694],[82.043,29.4828],[82.0499,29.4841],[82.0589,29.4793],[82.07,29.4839],[82.0819,29.4833],[82.0922,29.4763],[82.0952,29.4644],[82.1039,29.4586],[82.1127,29.4652],[82.1328,29.4699],[82.1358,29.4631],[82.1445,29.4571],[82.1475,29.4471],[82.1413,29.4381],[82.1455,29.4291],[82.1546,29.4269],[82.1629,29.417],[82.1773,29.4154],[82.186,29.4061],[82.1963,29.4111],[82.212,29.4108],[82.2156,29.4069],[82.2241,29.419],[82.224,29.4285],[82.2417,29.4389],[82.249,29.4333],[82.2687,29.445],[82.272,29.442],[82.2962,29.4427],[82.3009,29.4503],[82.2982,29.4562],[82.3035,29.4627],[82.301,29.4706],[82.3081,29.4787],[82.3035,29.4819],[82.3024,29.494],[82.3064,29.4942],[82.3118,29.5037],[82.3188,29.5066],[82.3306,29.508],[82.3327,29.5048],[82.3417,29.5042],[82.3473,29.4942],[82.3651,29.4904],[82.3725,29.4912],[82.3882,29.5016],[82.4125,29.4639],[82.4131,29.4512],[82.4195,29.4477],[82.4286,29.4492],[82.4342,29.4433],[82.4499,29.45],[82.4547,29.4645],[82.4979,29.4936],[82.5036,29.4836],[82.5022,29.4752],[82.5076,29.4706],[82.5022,29.4577],[82.5043,29.4456],[82.5127,29.4353],[82.515,29.4205],[82.5437,29.4207],[82.5621,29.4114],[82.5827,29.4161],[82.5883,29.4226],[82.6252,29.4246],[82.6288,29.4139],[82.6257,29.3985],[82.6403,29.3911],[82.644,29.3853],[82.6611,29.3954],[82.6632,29.402],[82.6751,29.4024],[82.6892,29.4126],[82.6876,29.4181],[82.6922,29.4252],[82.7168,29.4317],[82.7213,29.4411],[82.7191,29.4448],[82.7272,29.4489],[82.7373,29.4678],[82.7255,29.4791],[82.7305,29.4904],[82.7283,29.5002],[82.7337,29.5077],[82.75,29.5074],[82.7759,29.5162],[82.7835,29.5143],[82.7884,29.5187],[82.787,29.5256],[82.8052,29.5515],[82.8212,29.5594],[82.8095,29.5869],[82.8115,29.5929],[82.7982,29.6139],[82.7963,29.632],[82.8003,29.6395],[82.8082,29.6387],[82.817,29.6464],[82.8249,29.6459],[82.829,29.6491],[82.8291,29.6898]]]}},{"type":"Feature","properties":{"province":6,"provinceName":"Karnali","district":"Rukum West"},"geometry":{"type":"Polygon","coordinates":[[[82.6976,28.8646],[82.7017,28.8827],[82.6994,28.8876],[82.6929,28.8882],[82.7022,28.901],[82.7017,28.9084],[82.6884,28.9172],[82.6867,28.9252],[82.6727,28.9454],[82.6682,28.9633],[82.6424,28.9628],[82.6168,28.9782],[82.6013,28.9825],[82.5954,28.9808],[82.5906,28.9868],[82.5767,28.992],[82.5691,28.9875],[82.5539,28.9877],[82.5444,28.9816],[82.5152,28.9499],[82.518,28.9305],[82.5063,28.9212],[82.5094,28.8948],[82.4993,28.8791],[82.4731,28.8682],[82.4678,28.8692],[82.464,28.8749],[82.4574,28.8734],[82.4327,28.8513],[82.4189,28.8493],[82.4017,28.8415],[82.3774,28.8219],[82.3661,28.7957],[82.3595,28.7919],[82.3523,28.7932],[82.3471,28.7863],[82.3371,28.784],[82.3089,28.7876],[82.2962,28.785],[82.2955,28.777],[82.2853,28.7621],[82.2917,28.7568],[82.2858,28.7489],[82.292,28.7381],[82.285,28.7325],[82.2909,28.7275],[82.2864,28.7147],[82.2777,28.7056],[82.2819,28.6942],[82.275,28.6928],[82.2631,28.7027],[82.2619,28.7078],[82.2493,28.7123],[82.2402,28.709],[82.2344,28.7023],[82.2307,28.6883],[82.2185,28.6869],[82.211,28.6759],[82.205,28.6826],[82.199,28.6832],[82.2007,28.6788],[82.1964,28.6687],[82.1998,28.6628],[82.1939,28.639],[82.1884,28.638],[82.1931,28.631],[82.1866,28.623],[82.2039,28.6224],[82.2225,28.6073],[82.2393,28.6096],[82.2516,28.6004],[82.2744,28.5928],[82.2845,28.5968],[82.2943,28.5932],[82.3014,28.5975],[82.3074,28.5967],[82.3091,28.5928],[82.3419,28.5895],[82.355,28.5766],[82.3671,28.5739],[82.3767,28.5666],[82.3779,28.5518],[82.384,28.5463],[82.38,28.5408],[82.3863,28.5291],[82.3951,28.5266],[82.4034,28.5355],[82.4311,28.5245],[82.4652,28.5213],[82.4949,28.5399],[82.4942,28.5526],[82.5232,28.5538],[82.531,28.5581],[82.5369,28.5704],[82.5455,28.5725],[82.5551,28.5814],[82.574,28.5784],[82.5825,28.586],[82.5806,28.6142],[82.5631,28.61],[82.5477,28.6183],[82.5534,28.6251],[82.5499,28.627],[82.5418,28.6206],[82.5102,28.6276],[82.4877,28.6405],[82.4928,28.651],[82.4918,28.6592],[82.5017,28.6623],[82.5033,28.6676],[82.5075,28.6619],[82.5211,28.6606],[82.5411,28.6468],[82.5566,28.6439],[82.5808,28.6646],[82.5886,28.6638],[82.6011,28.6692],[82.6021,28.6842],[82.6178,28.6897],[82.6143,28.6957],[82.6171,28.7103],[82.6073,28.7152],[82.6033,28.7428],[82.59,28.7398],[82.5679,28.7438],[82.5691,28.7564],[82.5656,28.7586],[82.5638,28.7679],[82.5679,28.7669],[82.569,28.7706],[82.5889,28.782],[82.5917,28.7903],[82.5981,28.7919],[82.6152,28.8073],[82.621,28.8082],[82.6156,28.8265],[82.628,28.8391],[82.6266,28.8467],[82.6318,28.8533],[82.6387,28.8551],[82.645,28.8664],[82.6505,28.8691],[82.658,28.8666],[82.6652,28.8555],[82.6737,28.8521],[82.6976,28.8646]]]}},{"type":"Feature","properties":{"province":6,"provinceName":"Karnali","district":"Salyan"},"geometry":{"type":"Polygon","coordinates":[[[82.1866,28.623],[82.169,28.6112],[82.1446,28.6158],[82.1465,28.6243],[82.1401,28.6265],[82.1308,28.6215],[82.1213,28.6232],[82.1104,28.6192],[82.1023,28.6215],[82.0847,28.618],[82.0716,28.63],[82.0562,28.6347],[82.0607,28.6414],[82.0583,28.6446],[82.0486,28.642],[82.0459,28.6366],[82.0305,28.6405],[82.0236,28.6271],[82.0277,28.6142],[82.006,28.6134],[82.0134,28.5959],[82.0027,28.5871],[82.0049,28.5788],[81.9977,28.5754],[81.9959,28.5699],[82.0059,28.5625],[82.0104,28.552],[82.0199,28.5431],[82.0202,28.5276],[82.0294,28.5177],[82.0224,28.5115],[82.0271,28.499],[82.0107,28.4782],[82.0122,28.4679],[81.9927,28.4618],[81.9856,28.4549],[81.9885,28.4471],[81.9738,28.4465],[81.9659,28.4514],[81.9633,28.4489],[81.9679,28.4449],[81.9669,28.4356],[81.9622,28.4316],[81.9637,28.4248],[81.9738,28.4157],[81.9759,28.4044],[81.9917,28.3952],[81.9786,28.3863],[81.9774,28.3751],[81.9834,28.3632],[81.9713,28.3521],[81.9619,28.3527],[81.948,28.3419],[81.9413,28.3415],[81.939,28.3373],[81.9326,28.3378],[81.9092,28.349],[81.9038,28.355],[81.8934,28.3553],[81.8867,28.361],[81.8682,28.3643],[81.8569,28.3729],[81.8449,28.3742],[81.8396,28.381],[81.8215,28.3805],[81.8126,28.3893],[81.8055,28.3876],[81.7992,28.3919],[81.7931,28.3891],[81.7811,28.3906],[81.7701,28.3838],[81.7711,28.3744],[81.7534,28.3436],[81.7535,28.3321],[81.7453,28.3189],[81.7469,28.3131],[81.7556,28.3073],[81.763,28.3091],[81.7752,28.2974],[81.789,28.2946],[81.7954,28.2737],[81.7999,28.2735],[81.8103,28.2829],[81.8168,28.2785],[81.8454,28.2719],[81.8665,28.2497],[81.8627,28.2386],[81.8786,28.239],[81.8847,28.2434],[81.898,28.2333],[81.9234,28.2268],[81.9227,28.2202],[81.9288,28.2157],[81.9285,28.2093],[81.9384,28.2072],[81.9403,28.2016],[81.9538,28.194],[81.9645,28.1943],[81.9671,28.1844],[81.9797,28.1827],[82.0094,28.1509],[82.0139,28.1541],[82.0129,28.1605],[82.0168,28.1639],[82.0146,28.1699],[82.02,28.1817],[82.0311,28.1876],[82.0309,28.194],[82.0249,28.2011],[82.0321,28.2133],[82.0387,28.2149],[82.044,28.2301],[82.0561,28.242],[82.0705,28.2369],[82.0831,28.2485],[82.0933,28.249],[82.0955,28.2546],[82.1026,28.2589],[82.1102,28.2582],[82.1195,28.2514],[82.1264,28.2542],[82.1347,28.2514],[82.1456,28.237],[82.1627,28.2416],[82.1722,28.2515],[82.1919,28.2482],[82.2005,28.2428],[82.2203,28.2494],[82.2352,28.2397],[82.2455,28.2378],[82.2779,28.2484],[82.302,28.2459],[82.3042,28.2323],[82.3121,28.2315],[82.3143,28.2233],[82.3394,28.2234],[82.3476,28.2167],[82.349,28.2085],[82.3568,28.2054],[82.369,28.1897],[82.38,28.1844],[82.3949,28.189],[82.3987,28.1828],[82.3958,28.1733],[82.4,28.1696],[82.4033,28.1762],[82.4011,28.18],[82.4054,28.1849],[82.4025,28.1924],[82.4087,28.2205],[82.4203,28.2294],[82.4295,28.2299],[82.429,28.2393],[82.4392,28.2465],[82.4297,28.252],[82.4152,28.2537],[82.4054,28.2621],[82.3973,28.2826],[82.3855,28.2915],[82.3784,28.3041],[82.378,28.315],[82.3654,28.3194],[82.3692,28.3298],[82.3662,28.3297],[82.3649,28.3402],[82.3812,28.3516],[82.378,28.3586],[82.3847,28.3646],[82.3855,28.3727],[82.3654,28.3883],[82.3675,28.403],[82.3551,28.4103],[82.3522,28.4216],[82.3781,28.4298],[82.3757,28.4483],[82.3978,28.4606],[82.3979,28.4683],[82.4027,28.4702],[82.4075,28.4781],[82.4076,28.4865],[82.4136,28.4925],[82.4094,28.5037],[82.419,28.5177],[82.4195,28.5299],[82.4034,28.5355],[82.3951,28.5266],[82.3854,28.5296],[82.38,28.5408],[82.384,28.5463],[82.3779,28.5518],[82.3767,28.5666],[82.3671,28.5739],[82.355,28.5766],[82.3419,28.5895],[82.3091,28.5928],[82.3074,28.5967],[82.3014,28.5975],[82.2943,28.5932],[82.2845,28.5968],[82.2744,28.5928],[82.2516,28.6004],[82.2393,28.6096],[82.2225,28.6073],[82.2039,28.6224],[82.1866,28.623]]]}},{"type":"Feature","properties":{"province":6,"provinceName":"Karnali","district":"Surkhet"},"geometry":{"type":"Polygon","coordinates":[[[81.1055,28.9656],[81.1014,28.9637],[81.0661,28.9703],[81.0505,28.9782],[81.043,28.9696],[81.0302,28.9632],[81.0225,28.9528],[81.0035,28.9566],[80.9827,28.9387],[81.0229,28.9198],[81.0409,28.8901],[81.0532,28.8768],[81.0613,28.8734],[81.0731,28.8773],[81.0756,28.8751],[81.0746,28.8648],[81.0909,28.8628],[81.1041,28.8447],[81.1279,28.8517],[81.1306,28.8649],[81.1387,28.8722],[81.1451,28.873],[81.1509,28.8526],[81.1594,28.8445],[81.155,28.83],[81.1758,28.8349],[81.1835,28.825],[81.2053,28.8167],[81.2084,28.8252],[81.1969,28.833],[81.2011,28.8465],[81.2007,28.8611],[81.2083,28.862],[81.2079,28.8503],[81.2343,28.8312],[81.2316,28.8167],[81.244,28.8103],[81.2409,28.803],[81.2295,28.7988],[81.2276,28.7951],[81.2347,28.7857],[81.2495,28.7796],[81.2525,28.77],[81.249,28.7608],[81.2628,28.7458],[81.2578,28.7299],[81.2742,28.727],[81.2749,28.7172],[81.2682,28.7041],[81.2829,28.695],[81.2871,28.6732],[81.302,28.6738],[81.3037,28.6705],[81.3091,28.6729],[81.3229,28.6675],[81.318,28.6523],[81.312,28.651],[81.3178,28.6369],[81.3473,28.6246],[81.3663,28.6234],[81.3811,28.6122],[81.4027,28.6068],[81.4033,28.6019],[81.4116,28.5955],[81.4186,28.5955],[81.4264,28.5877],[81.4235,28.5812],[81.4262,28.5775],[81.4325,28.5772],[81.4351,28.5635],[81.4397,28.5594],[81.4544,28.5523],[81.4679,28.5534],[81.4779,28.5397],[81.4882,28.5389],[81.4929,28.5323],[81.4991,28.5335],[81.5137,28.5244],[81.518,28.5135],[81.5379,28.504],[81.5406,28.4945],[81.5591,28.4949],[81.5764,28.4783],[81.6018,28.4629],[81.6097,28.4535],[81.6136,28.4544],[81.6281,28.4444],[81.6334,28.4362],[81.6448,28.4302],[81.6602,28.4153],[81.6716,28.4132],[81.6756,28.4176],[81.6894,28.4109],[81.6973,28.3994],[81.7206,28.383],[81.7543,28.3741],[81.7595,28.3699],[81.7685,28.37],[81.7704,28.3844],[81.7806,28.3904],[81.7931,28.3891],[81.7964,28.3922],[81.8055,28.3876],[81.812,28.3896],[81.8215,28.3805],[81.8396,28.381],[81.8449,28.3742],[81.8569,28.3729],[81.8682,28.3643],[81.8867,28.361],[81.8934,28.3553],[81.9038,28.355],[81.9289,28.3388],[81.9386,28.3372],[81.9619,28.3527],[81.9713,28.3521],[81.9834,28.3632],[81.9774,28.3751],[81.9786,28.3863],[81.9917,28.3952],[81.9759,28.4044],[81.9738,28.4157],[81.9637,28.4248],[81.9622,28.4316],[81.9669,28.4356],[81.9679,28.4449],[81.9633,28.4489],[81.9659,28.4514],[81.9738,28.4465],[81.9885,28.4471],[81.9856,28.4549],[81.9927,28.4618],[82.0122,28.4679],[82.0107,28.4782],[82.0271,28.499],[82.0224,28.5115],[82.0294,28.5177],[82.0202,28.5276],[82.0199,28.5431],[82.0104,28.552],[82.0059,28.5625],[81.9959,28.5699],[81.9977,28.5754],[82.0049,28.5788],[82.0027,28.5871],[82.0134,28.5959],[82.006,28.6134],[82.0266,28.613],[82.0288,28.6169],[82.0236,28.6271],[82.0291,28.639],[82.0378,28.6379],[82.0422,28.6418],[82.0102,28.6451],[81.9775,28.6384],[81.9595,28.6407],[81.9494,28.636],[81.9388,28.6411],[81.8871,28.6432],[81.8793,28.6488],[81.8791,28.6587],[81.8698,28.6639],[81.868,28.6787],[81.8608,28.6933],[81.8472,28.7101],[81.8219,28.724],[81.8165,28.719],[81.8132,28.6989],[81.809,28.6942],[81.8123,28.6796],[81.7995,28.6681],[81.7934,28.6547],[81.7841,28.6518],[81.7856,28.6368],[81.7796,28.6335],[81.7528,28.6459],[81.7409,28.6454],[81.7299,28.655],[81.7165,28.6554],[81.7034,28.661],[81.6932,28.6734],[81.677,28.679],[81.641,28.6763],[81.6316,28.6921],[81.6181,28.6898],[81.603,28.7071],[81.5874,28.7075],[81.577,28.7124],[81.5748,28.7181],[81.561,28.7285],[81.5611,28.7367],[81.551,28.7394],[81.5483,28.749],[81.5218,28.7494],[81.5368,28.761],[81.5296,28.7745],[81.5172,28.7803],[81.5243,28.8029],[81.5119,28.8092],[81.5,28.8212],[81.4923,28.8409],[81.465,28.8527],[81.4692,28.8618],[81.464,28.875],[81.4688,28.8887],[81.4651,28.8946],[81.4424,28.9003],[81.4335,28.9106],[81.4263,28.9093],[81.4159,28.9141],[81.3961,28.9084],[81.3891,28.8998],[81.3766,28.8929],[81.3494,28.8901],[81.3407,28.8956],[81.3383,28.9069],[81.3259,28.908],[81.3178,28.9203],[81.3116,28.92],[81.3038,28.9257],[81.2852,28.9215],[81.2668,28.9024],[81.2474,28.9151],[81.2437,28.9146],[81.2379,28.9058],[81.2059,28.908],[81.1965,28.916],[81.1861,28.9148],[81.171,28.9211],[81.1485,28.9382],[81.1444,28.945],[81.1343,28.9487],[81.122,28.9628],[81.1055,28.9656]]]}},{"type":"Feature","properties":{"province":7,"provinceName":"Sudurpaschim","district":"Achham"},"geometry":{"type":"Polygon","coordinates":[[[81.4698,29.2718],[81.4448,29.2874],[81.4301,29.2861],[81.4186,29.2768],[81.4069,29.2841],[81.3977,29.2851],[81.3896,29.3],[81.3838,29.3027],[81.3845,29.2967],[81.3683,29.2845],[81.356,29.284],[81.3454,29.2917],[81.3422,29.3018],[81.3346,29.3041],[81.3318,29.3141],[81.3241,29.314],[81.3187,29.3231],[81.311,29.3251],[81.3058,29.3203],[81.3044,29.3223],[81.2968,29.3103],[81.281,29.3083],[81.2703,29.3016],[81.2555,29.3257],[81.26,29.3306],[81.2604,29.338],[81.2507,29.3507],[81.2386,29.3531],[81.2368,29.3571],[81.2246,29.3622],[81.2017,29.3655],[81.178,29.3854],[81.1618,29.3855],[81.155,29.3817],[81.1563,29.3626],[81.1499,29.3596],[81.1455,29.3494],[81.138,29.3223],[81.1374,29.3048],[81.1224,29.2993],[81.1017,29.2613],[81.099,29.2482],[81.1146,29.2396],[81.1154,29.2277],[81.1033,29.2153],[81.0924,29.215],[81.0882,29.2089],[81.0804,29.2078],[81.0715,29.2006],[81.0372,29.199],[81.0284,29.1953],[81.0283,29.1895],[81.032,29.1861],[81.0392,29.189],[81.0472,29.1844],[81.045,29.1752],[81.0509,29.1704],[81.0511,29.1625],[81.0603,29.1587],[81.0575,29.149],[81.0672,29.1456],[81.0671,29.1351],[81.0736,29.1341],[81.0763,29.1263],[81.1037,29.1007],[81.1108,29.0979],[81.1116,29.0848],[81.1303,29.0812],[81.1268,29.0744],[81.1215,29.0727],[81.1231,29.0653],[81.1328,29.0597],[81.1383,29.0418],[81.1464,29.0353],[81.146,29.0188],[81.1519,29.006],[81.147,28.9934],[81.1211,28.9743],[81.1071,28.9778],[81.1037,28.9702],[81.1055,28.9656],[81.122,28.9628],[81.1343,28.9487],[81.1444,28.945],[81.1485,28.9382],[81.171,28.9211],[81.1861,28.9148],[81.1965,28.916],[81.2059,28.908],[81.2379,28.9058],[81.2437,28.9146],[81.2474,28.9151],[81.2668,28.9024],[81.2852,28.9215],[81.3038,28.9257],[81.3116,28.92],[81.3178,28.9203],[81.3259,28.908],[81.3383,28.9069],[81.3441,28.8926],[81.3585,28.8897],[81.3766,28.8929],[81.3891,28.8998],[81.3961,28.9084],[81.4159,28.9141],[81.4243,28.9097],[81.434,28.9104],[81.4424,28.9003],[81.4667,28.8936],[81.4687,28.8873],[81.464,28.875],[81.4692,28.8618],[81.465,28.8527],[81.4923,28.8409],[81.5,28.8212],[81.5119,28.8092],[81.524,28.8035],[81.5172,28.7803],[81.5296,28.7745],[81.5368,28.761],[81.5218,28.7494],[81.5554,28.7499],[81.582,28.7573],[81.5816,28.78],[81.5588,28.7973],[81.5536,28.8158],[81.5396,28.8363],[81.5336,28.8562],[81.5171,28.8741],[81.5106,28.8899],[81.5022,28.8894],[81.4934,28.8941],[81.4682,28.9289],[81.4577,28.931],[81.4531,28.9389],[81.4462,28.9405],[81.4457,28.9585],[81.4327,28.9584],[81.4243,28.969],[81.4269,28.9802],[81.4119,28.9969],[81.4208,29.0042],[81.4167,29.0137],[81.4196,29.0213],[81.4273,29.0229],[81.4345,29.0375],[81.4412,29.0399],[81.4459,29.0537],[81.4686,29.067],[81.4711,29.0781],[81.5024,29.0911],[81.5117,29.0907],[81.5253,29.1042],[81.5385,29.1067],[81.5553,29.1211],[81.5673,29.1261],[81.5371,29.1368],[81.5351,29.1465],[81.5264,29.1527],[81.5019,29.1516],[81.4987,29.1548],[81.497,29.1688],[81.4891,29.1729],[81.4925,29.185],[81.4839,29.2005],[81.4888,29.2269],[81.5014,29.2388],[81.493,29.2616],[81.4794,29.264],[81.4698,29.2718]]]}},{"type":"Feature","properties":{"province":7,"provinceName":"Sudurpaschim","district":"Baitadi"},"geometry":{"type":"Polygon","coordinates":[[[80.7867,29.6968],[80.7816,29.7022],[80.7663,29.7017],[80.7563,29.708],[80.7108,29.6993],[80.6953,29.7061],[80.6873,29.704],[80.6762,29.6873],[80.6616,29.6823],[80.6499,29.6816],[80.6352,29.6906],[80.6257,29.6868],[80.6083,29.6866],[80.603,29.6918],[80.5753,29.6875],[80.5706,29.6786],[80.5606,29.6708],[80.5393,29.6639],[80.5082,29.6449],[80.4986,29.6247],[80.4687,29.6204],[80.4605,29.6262],[80.4519,29.6254],[80.444,29.6166],[80.4385,29.6202],[80.4309,29.6182],[80.4289,29.6122],[80.4195,29.6141],[80.4195,29.6069],[80.4106,29.605],[80.4095,29.5949],[80.3931,29.5816],[80.39,29.572],[80.3808,29.5715],[80.3805,29.5613],[80.3653,29.5641],[80.3657,29.5566],[80.3444,29.5529],[80.3474,29.5486],[80.3435,29.5403],[80.3503,29.5405],[80.3597,29.5325],[80.3502,29.5241],[80.3515,29.5192],[80.347,29.5137],[80.3426,29.5099],[80.334,29.5129],[80.3304,29.5053],[80.3159,29.4994],[80.3148,29.4845],[80.3008,29.4906],[80.2947,29.4789],[80.2885,29.4772],[80.3042,29.4531],[80.2822,29.4509],[80.2822,29.4576],[80.2771,29.4584],[80.2709,29.455],[80.276,29.4495],[80.2598,29.4518],[80.2446,29.4438],[80.2492,29.4347],[80.2457,29.424],[80.2475,29.4157],[80.2433,29.4116],[80.2772,29.3918],[80.2746,29.3862],[80.2806,29.3785],[80.273,29.3737],[80.273,29.3637],[80.2808,29.3598],[80.2812,29.3476],[80.2922,29.3367],[80.2929,29.3302],[80.2986,29.3238],[80.3113,29.3221],[80.3281,29.3085],[80.3368,29.313],[80.3356,29.3198],[80.3454,29.3271],[80.3525,29.328],[80.3545,29.3339],[80.3644,29.3271],[80.3644,29.3329],[80.3737,29.338],[80.3674,29.3404],[80.3695,29.3498],[80.3793,29.349],[80.3818,29.3542],[80.3872,29.3488],[80.388,29.3559],[80.4028,29.3606],[80.4042,29.356],[80.4119,29.3598],[80.4161,29.356],[80.421,29.3685],[80.4172,29.3735],[80.4215,29.379],[80.4259,29.3791],[80.4328,29.3925],[80.4396,29.3933],[80.4429,29.3861],[80.4492,29.3944],[80.4537,29.3924],[80.4595,29.3961],[80.4819,29.3857],[80.4915,29.3944],[80.5042,29.3989],[80.5096,29.3942],[80.5338,29.392],[80.5496,29.3987],[80.5495,29.4119],[80.5539,29.4185],[80.5775,29.4122],[80.5835,29.3963],[80.6179,29.3965],[80.6282,29.3882],[80.6468,29.3864],[80.6522,29.3825],[80.6595,29.3923],[80.6803,29.4013],[80.6795,29.4106],[80.6704,29.4187],[80.6838,29.4251],[80.7043,29.4196],[80.7086,29.4145],[80.7203,29.4186],[80.723,29.4095],[80.7431,29.4017],[80.7691,29.3999],[80.764,29.3858],[80.7802,29.3794],[80.7867,29.3729],[80.7877,29.3663],[80.8163,29.3648],[80.8285,29.3713],[80.8369,29.3812],[80.8472,29.3754],[80.8534,29.3773],[80.8618,29.3965],[80.8541,29.408],[80.8628,29.4107],[80.8637,29.4144],[80.877,29.4124],[80.91,29.4414],[80.901,29.4442],[80.8849,29.4427],[80.8768,29.4645],[80.8585,29.4687],[80.8471,29.489],[80.8243,29.5008],[80.8255,29.5095],[80.8187,29.5157],[80.8064,29.5152],[80.797,29.5077],[80.79,29.5068],[80.7823,29.5233],[80.7492,29.5325],[80.75,29.5533],[80.7579,29.5565],[80.773,29.5519],[80.7786,29.5608],[80.7773,29.5666],[80.7817,29.5707],[80.7782,29.576],[80.7795,29.5868],[80.7872,29.5983],[80.7894,29.6132],[80.7826,29.6335],[80.7926,29.6414],[80.786,29.6455],[80.7732,29.6423],[80.7637,29.648],[80.7647,29.662],[80.7728,29.6688],[80.7804,29.6655],[80.7827,29.6788],[80.7939,29.678],[80.7967,29.6835],[80.7977,29.6883],[80.7867,29.6968]]]}},{"type":"Feature","properties":{"province":7,"provinceName":"Sudurpaschim","district":"Bajhang"},"geometry":{"type":"Polygon","coordinates":[[[81.2737,30.0453],[81.2391,30.0318],[81.255,30.0237],[81.2554,30.0197],[81.247,30.0111],[81.2417,30.0126],[81.2335,30.0077],[81.2192,30.0073],[81.206,30.022],[81.1964,30.0228],[81.1858,30.0108],[81.18,30.0151],[81.1648,30.0105],[81.1509,30.0116],[81.1443,30.0167],[81.1349,30.0161],[81.1256,30.0203],[81.1206,30.0333],[81.1125,30.0357],[81.1082,30.0446],[81.0898,30.0543],[81.0804,30.0465],[81.07,30.0433],[81.0552,30.024],[81.0398,30.0151],[81.04,30.0083],[81.0277,29.9875],[81.0167,29.9807],[81.0223,29.9739],[81.0193,29.9661],[81.0233,29.9587],[81.0042,29.9365],[81.0023,29.9282],[81.0047,29.9233],[81.029,29.9069],[81.0318,29.896],[81.0425,29.8817],[81.0384,29.8646],[81.0422,29.8601],[81.042,29.8404],[81.0572,29.8298],[81.0716,29.8284],[81.0711,29.8032],[81.0696,29.7959],[81.0639,29.7935],[81.0654,29.7755],[81.0619,29.7726],[81.0644,29.7684],[81.062,29.7623],[81.0571,29.7567],[81.0399,29.7527],[81.0334,29.7424],[81.0263,29.7436],[81.0222,29.7484],[81.0115,29.7459],[81.0059,29.7406],[80.9902,29.7413],[80.9769,29.7219],[80.9416,29.7355],[80.9213,29.7248],[80.9087,29.7247],[80.8919,29.7139],[80.8664,29.7063],[80.86,29.696],[80.8472,29.6934],[80.8421,29.6874],[80.8314,29.6915],[80.8261,29.6863],[80.8129,29.6841],[80.7979,29.6884],[80.7939,29.678],[80.7834,29.6795],[80.7804,29.6655],[80.7728,29.6688],[80.7647,29.662],[80.7637,29.648],[80.7732,29.6423],[80.786,29.6455],[80.7926,29.6414],[80.7826,29.6335],[80.7894,29.6132],[80.7872,29.5983],[80.7795,29.5868],[80.7782,29.576],[80.7817,29.5707],[80.7773,29.5666],[80.7786,29.5608],[80.773,29.5519],[80.7579,29.5565],[80.75,29.5533],[80.7477,29.5421],[80.75,29.5307],[80.7823,29.5233],[80.79,29.5068],[80.797,29.5077],[80.8064,29.5152],[80.8187,29.5157],[80.8255,29.5095],[80.8243,29.5008],[80.8471,29.489],[80.8585,29.4687],[80.8768,29.4645],[80.8849,29.4427],[80.901,29.4442],[80.91,29.4414],[80.9138,29.4454],[80.9179,29.4314],[80.9279,29.4258],[80.9339,29.4175],[80.9331,29.4108],[80.9412,29.3975],[80.9557,29.4013],[80.9731,29.4004],[80.9886,29.4051],[81.0109,29.4202],[81.0244,29.4219],[81.0344,29.412],[81.0495,29.4133],[81.0638,29.4054],[81.0784,29.4063],[81.0829,29.4101],[81.0876,29.4071],[81.0974,29.4078],[81.121,29.3957],[81.1263,29.3984],[81.1272,29.4028],[81.1334,29.4043],[81.1457,29.3909],[81.1481,29.3942],[81.1654,29.3947],[81.1724,29.4116],[81.1858,29.4069],[81.1885,29.3978],[81.1964,29.4016],[81.2038,29.3957],[81.2278,29.4116],[81.2536,29.4133],[81.2567,29.4166],[81.2522,29.4218],[81.2639,29.4338],[81.2801,29.4376],[81.2827,29.4424],[81.3046,29.4514],[81.3094,29.4604],[81.3047,29.4678],[81.2957,29.4688],[81.2927,29.4748],[81.3192,29.4838],[81.3165,29.4915],[81.3284,29.495],[81.3405,29.505],[81.3529,29.53],[81.3733,29.55],[81.4017,29.5584],[81.4042,29.5666],[81.3994,29.5711],[81.4001,29.5768],[81.4039,29.5847],[81.4203,29.5971],[81.4198,29.624],[81.4292,29.644],[81.4428,29.6496],[81.4482,29.6472],[81.4672,29.6587],[81.4823,29.6617],[81.5176,29.6794],[81.5168,29.6877],[81.5203,29.6916],[81.5164,29.7008],[81.5262,29.7105],[81.5132,29.7311],[81.51,29.7426],[81.5151,29.7535],[81.5416,29.7471],[81.5542,29.7543],[81.556,29.7631],[81.5624,29.7707],[81.5485,29.7946],[81.5497,29.801],[81.5602,29.8097],[81.5668,29.8516],[81.5592,29.856],[81.5482,29.8731],[81.5348,29.8836],[81.5151,29.8869],[81.5075,29.8944],[81.4945,29.8872],[81.4816,29.8921],[81.4725,29.8898],[81.4586,29.9005],[81.4645,29.921],[81.4566,29.9348],[81.4604,29.9426],[81.4545,29.9512],[81.4687,29.9608],[81.472,29.9732],[81.4625,29.9857],[81.465,29.9954],[81.4584,30.0014],[81.432,30.0076],[81.4031,30.0228],[81.4013,30.0181],[81.3857,30.0136],[81.3837,30.0072],[81.3592,30.0105],[81.3482,30.0188],[81.3202,30.0257],[81.3164,30.0327],[81.308,30.0311],[81.2928,30.035],[81.2864,30.0376],[81.2831,30.0435],[81.2737,30.0453]]]}},{"type":"Feature","properties":{"province":7,"provinceName":"Sudurpaschim","district":"Bajura"},"geometry":{"type":"Polygon","coordinates":[[[81.7756,29.6058],[81.7387,29.6066],[81.7298,29.615],[81.7221,29.6167],[81.7217,29.6211],[81.7176,29.6208],[81.7043,29.6377],[81.7044,29.6419],[81.7012,29.6419],[81.7054,29.6454],[81.7021,29.6475],[81.704,29.6555],[81.699,29.6795],[81.71,29.6989],[81.7158,29.7223],[81.7288,29.7341],[81.7286,29.7479],[81.7346,29.7592],[81.732,29.7692],[81.738,29.7769],[81.7414,29.7922],[81.7663,29.8018],[81.7755,29.7981],[81.7822,29.8071],[81.7852,29.8305],[81.7826,29.8393],[81.7959,29.8484],[81.7934,29.8538],[81.799,29.8788],[81.7955,29.8955],[81.8006,29.8967],[81.801,29.9017],[81.7905,29.9096],[81.7818,29.9111],[81.7712,29.9095],[81.7636,29.9124],[81.7444,29.9073],[81.7352,29.9079],[81.7287,29.9123],[81.7178,29.9094],[81.7125,29.9145],[81.7115,29.9269],[81.6993,29.9315],[81.6997,29.9415],[81.6892,29.9493],[81.6725,29.9407],[81.6549,29.9428],[81.6474,29.9482],[81.6284,29.9384],[81.6204,29.9385],[81.6147,29.9432],[81.6045,29.9302],[81.5928,29.9307],[81.5867,29.9369],[81.5513,29.9232],[81.5365,29.9276],[81.5186,29.9228],[81.5138,29.9162],[81.5189,29.9048],[81.5074,29.8944],[81.5151,29.8869],[81.5293,29.8857],[81.5434,29.878],[81.5591,29.8561],[81.5668,29.8512],[81.5602,29.8097],[81.5497,29.801],[81.5485,29.7946],[81.5624,29.7707],[81.5561,29.7633],[81.5542,29.7543],[81.5416,29.7471],[81.5151,29.7535],[81.51,29.7426],[81.5132,29.7311],[81.5262,29.7105],[81.5164,29.7008],[81.5203,29.6916],[81.5168,29.6877],[81.5176,29.6794],[81.4823,29.6617],[81.4672,29.6587],[81.4482,29.6472],[81.4428,29.6496],[81.4292,29.644],[81.4198,29.624],[81.4203,29.5971],[81.4039,29.5847],[81.4001,29.5768],[81.3994,29.5711],[81.4042,29.5666],[81.4017,29.5584],[81.3733,29.55],[81.3529,29.53],[81.3405,29.505],[81.3284,29.495],[81.3165,29.4915],[81.3192,29.4838],[81.2927,29.4748],[81.2957,29.4688],[81.3047,29.4678],[81.3094,29.4604],[81.3046,29.4514],[81.2827,29.4424],[81.2801,29.4376],[81.2639,29.4338],[81.2522,29.4218],[81.2567,29.4166],[81.2536,29.4133],[81.2278,29.4116],[81.2038,29.3957],[81.1948,29.4018],[81.1717,29.3866],[81.179,29.3848],[81.2017,29.3655],[81.2246,29.3622],[81.2368,29.3571],[81.2386,29.3531],[81.2507,29.3507],[81.2604,29.338],[81.26,29.3306],[81.2555,29.3257],[81.2703,29.3016],[81.281,29.3083],[81.2968,29.3103],[81.3044,29.3223],[81.3058,29.3203],[81.311,29.3251],[81.3187,29.3231],[81.3241,29.314],[81.3318,29.3141],[81.3346,29.3041],[81.3422,29.3018],[81.3454,29.2917],[81.356,29.284],[81.3683,29.2845],[81.3845,29.2967],[81.3838,29.3027],[81.3896,29.3],[81.3977,29.2851],[81.4069,29.2841],[81.4186,29.2768],[81.4301,29.2861],[81.4448,29.2874],[81.468,29.2719],[81.4856,29.2796],[81.4925,29.2906],[81.5018,29.2973],[81.5097,29.3146],[81.517,29.312],[81.5257,29.3151],[81.5307,29.3261],[81.55,29.3393],[81.5522,29.3495],[81.5602,29.3579],[81.5628,29.3514],[81.5688,29.3478],[81.5747,29.3538],[81.575,29.3607],[81.5836,29.3648],[81.6017,29.3656],[81.6155,29.3707],[81.6365,29.3644],[81.6409,29.3557],[81.6459,29.3543],[81.6437,29.3344],[81.6495,29.3214],[81.6703,29.317],[81.6801,29.3214],[81.6927,29.3205],[81.705,29.3306],[81.7415,29.3339],[81.7541,29.3518],[81.7515,29.3665],[81.7629,29.3866],[81.7683,29.3857],[81.7706,29.3922],[81.7912,29.389],[81.7996,29.4066],[81.8008,29.4291],[81.8069,29.4382],[81.805,29.4473],[81.81,29.4563],[81.8057,29.4751],[81.7899,29.5],[81.7643,29.5053],[81.771,29.5093],[81.7824,29.5091],[81.7791,29.5173],[81.7875,29.5284],[81.7943,29.5298],[81.7922,29.5405],[81.8007,29.5582],[81.8004,29.5766],[81.7915,29.5901],[81.7923,29.5957],[81.7797,29.5997],[81.7756,29.6058]]]}},{"type":"Feature","properties":{"province":7,"provinceName":"Sudurpaschim","district":"Dadeldhura"},"geometry":{"type":"Polygon","coordinates":[[[80.7875,29.3664],[80.7867,29.3729],[80.7802,29.3794],[80.764,29.3858],[80.7691,29.3999],[80.7431,29.4017],[80.723,29.4095],[80.7203,29.4186],[80.7086,29.4145],[80.7043,29.4196],[80.6838,29.4251],[80.6704,29.4187],[80.6795,29.4106],[80.6803,29.4013],[80.6595,29.3923],[80.6522,29.3825],[80.6468,29.3864],[80.6282,29.3882],[80.6179,29.3965],[80.5835,29.3963],[80.5775,29.4122],[80.5541,29.4185],[80.5495,29.4119],[80.5496,29.3987],[80.5338,29.392],[80.5096,29.3942],[80.5042,29.3989],[80.4915,29.3944],[80.4819,29.3857],[80.4595,29.3961],[80.4537,29.3924],[80.4492,29.3944],[80.4429,29.3861],[80.4396,29.3933],[80.4328,29.3925],[80.4259,29.3791],[80.4215,29.379],[80.4172,29.3735],[80.421,29.3685],[80.4161,29.356],[80.4119,29.3598],[80.4042,29.356],[80.4028,29.3606],[80.388,29.3559],[80.3872,29.3488],[80.3818,29.3542],[80.3793,29.349],[80.3755,29.3505],[80.3736,29.3473],[80.3697,29.3499],[80.3674,29.3404],[80.3737,29.338],[80.3644,29.3329],[80.3644,29.3271],[80.3552,29.3342],[80.3525,29.328],[80.3454,29.3271],[80.3349,29.3191],[80.3358,29.3122],[80.327,29.3084],[80.3187,29.3133],[80.3196,29.3016],[80.306,29.2853],[80.3057,29.2728],[80.301,29.2622],[80.302,29.2419],[80.2924,29.2319],[80.2978,29.2211],[80.2957,29.2112],[80.2991,29.206],[80.2953,29.1976],[80.2889,29.1952],[80.276,29.2072],[80.2625,29.2067],[80.2587,29.2179],[80.254,29.2215],[80.2489,29.22],[80.2427,29.2042],[80.2596,29.1873],[80.2623,29.175],[80.26,29.1658],[80.2745,29.1435],[80.2569,29.1387],[80.25,29.1285],[80.235,29.1184],[80.2114,29.1218],[80.2051,29.1293],[80.186,29.1373],[80.1901,29.1126],[80.1869,29.1077],[80.1876,29.0872],[80.2059,29.0748],[80.2128,29.0673],[80.2132,29.0572],[80.2239,29.0568],[80.2242,29.0507],[80.2304,29.0452],[80.2564,29.0529],[80.2666,29.0522],[80.2742,29.0458],[80.2952,29.057],[80.3146,29.0582],[80.3266,29.0513],[80.3503,29.0539],[80.3573,29.0444],[80.3625,29.0479],[80.3797,29.0433],[80.3884,29.0474],[80.3941,29.0403],[80.412,29.032],[80.4167,29.0328],[80.422,29.0264],[80.4611,29.0375],[80.4626,29.0315],[80.4698,29.0298],[80.4706,29.0187],[80.4798,29.018],[80.4736,28.9965],[80.4808,28.9938],[80.4874,28.9982],[80.5028,28.9932],[80.5187,28.9982],[80.5205,29.0044],[80.5372,29.0139],[80.5359,29.0297],[80.5486,29.0384],[80.5463,29.0493],[80.5593,29.0587],[80.5639,29.0727],[80.5331,29.0896],[80.5281,29.1056],[80.5683,29.1189],[80.5739,29.1302],[80.5666,29.1351],[80.5683,29.1445],[80.5929,29.1479],[80.5956,29.154],[80.5938,29.163],[80.5997,29.1699],[80.6074,29.1704],[80.619,29.1802],[80.631,29.1763],[80.6475,29.1781],[80.6722,29.1828],[80.6811,29.1916],[80.6966,29.1878],[80.7022,29.1949],[80.7062,29.1923],[80.7084,29.2117],[80.7036,29.2168],[80.7095,29.2252],[80.7085,29.2313],[80.7252,29.236],[80.7408,29.2451],[80.7374,29.2475],[80.7499,29.2545],[80.7584,29.2674],[80.7523,29.2738],[80.7455,29.2748],[80.7474,29.2847],[80.7343,29.292],[80.7359,29.2986],[80.758,29.3088],[80.7679,29.3018],[80.7742,29.3018],[80.7733,29.3114],[80.778,29.3155],[80.7608,29.3323],[80.7645,29.3358],[80.759,29.3463],[80.764,29.3514],[80.7637,29.3625],[80.7719,29.3574],[80.7763,29.365],[80.7875,29.3664]]]}},{"type":"Feature","properties":{"province":7,"provinceName":"Sudurpaschim","district":"Darchula"},"geometry":{"type":"Polygon","coordinates":[[[81.0917,30.0542],[81.1005,30.0644],[81.1027,30.0751],[81.109,30.0778],[81.1105,30.0862],[81.1001,30.1],[81.083,30.1004],[81.0863,30.1169],[81.08,30.125],[81.0846,30.1358],[81.0849,30.1482],[81.0788,30.1551],[81.0659,30.1587],[81.0633,30.1678],[81.0536,30.1788],[81.0456,30.1806],[81.0442,30.1937],[81.0353,30.197],[81.036,30.2016],[81.045,30.2046],[81.0469,30.2102],[81.0306,30.2202],[81.0281,30.2293],[81.0358,30.2343],[81.0243,30.2461],[80.9977,30.2641],[80.9847,30.2687],[80.9538,30.2672],[80.9379,30.2594],[80.9284,30.2658],[80.928,30.2701],[80.9334,30.2755],[80.9174,30.2846],[80.9098,30.2937],[80.9098,30.3007],[80.8872,30.2963],[80.8758,30.2986],[80.866,30.3103],[80.8492,30.3142],[80.8357,30.3096],[80.8278,30.3114],[80.8218,30.3186],[80.8055,30.3201],[80.8041,30.3295],[80.7876,30.3416],[80.789,30.3496],[80.7814,30.3519],[80.7674,30.3688],[80.7528,30.3756],[80.7509,30.3825],[80.7172,30.4105],[80.7086,30.4133],[80.7031,30.4093],[80.6921,30.4102],[80.6884,30.4164],[80.6792,30.4195],[80.6791,30.4256],[80.6607,30.4386],[80.6397,30.4464],[80.6268,30.4583],[80.6153,30.4549],[80.6087,30.4672],[80.5673,30.4594],[80.5617,30.4501],[80.5484,30.4408],[80.5531,30.4276],[80.5596,30.4298],[80.5697,30.4412],[80.5994,30.4482],[80.6134,30.4442],[80.624,30.4315],[80.6249,30.4215],[80.6304,30.417],[80.6288,30.4092],[80.6345,30.4043],[80.6405,30.3887],[80.6559,30.3789],[80.6612,30.3536],[80.6687,30.343],[80.687,30.3328],[80.7025,30.3344],[80.7169,30.3291],[80.7348,30.3171],[80.7381,30.3084],[80.7576,30.3062],[80.7635,30.2789],[80.7688,30.2777],[80.7832,30.2617],[80.7967,30.2391],[80.821,30.224],[80.8292,30.208],[80.869,30.1663],[80.8732,30.1607],[80.8727,30.1533],[80.8804,30.1318],[80.8758,30.1262],[80.8467,30.1161],[80.8436,30.1104],[80.8476,30.1044],[80.8425,30.0994],[80.8313,30.0972],[80.8235,30.0998],[80.8075,30.0897],[80.7812,30.0567],[80.7627,30.0491],[80.7574,30.0396],[80.7593,30.0239],[80.75,30.0072],[80.7398,29.9995],[80.7211,30.0002],[80.7141,29.9902],[80.6923,29.9747],[80.6797,29.9589],[80.6503,29.9559],[80.6316,29.9652],[80.6053,29.9588],[80.5971,29.9531],[80.576,29.9235],[80.5714,29.909],[80.5744,29.8953],[80.5677,29.8792],[80.5586,29.8706],[80.5633,29.8664],[80.5535,29.857],[80.5547,29.8508],[80.5406,29.8472],[80.5376,29.8387],[80.5255,29.8321],[80.5235,29.827],[80.509,29.8231],[80.4991,29.8116],[80.502,29.8087],[80.4944,29.802],[80.4951,29.7955],[80.4813,29.7957],[80.4657,29.8023],[80.4459,29.7991],[80.4371,29.8061],[80.4292,29.7975],[80.4177,29.7957],[80.4145,29.7918],[80.4086,29.7945],[80.4089,29.7843],[80.3981,29.7651],[80.3992,29.7593],[80.3879,29.7593],[80.3875,29.7504],[80.3697,29.7506],[80.3658,29.7401],[80.3714,29.7344],[80.3681,29.724],[80.3772,29.72],[80.3737,29.7153],[80.3816,29.701],[80.3821,29.6886],[80.387,29.6851],[80.3862,29.6744],[80.3918,29.6711],[80.3922,29.6645],[80.4007,29.6624],[80.3998,29.6588],[80.4078,29.6599],[80.4116,29.6538],[80.418,29.6518],[80.4157,29.6443],[80.4218,29.6393],[80.4229,29.6305],[80.4102,29.6214],[80.4074,29.6128],[80.4106,29.605],[80.419,29.6063],[80.4195,29.6141],[80.4295,29.6125],[80.4309,29.6182],[80.439,29.6202],[80.4454,29.6172],[80.4519,29.6254],[80.4605,29.6262],[80.4687,29.6204],[80.4988,29.6248],[80.5082,29.6449],[80.5393,29.6639],[80.5606,29.6708],[80.5706,29.6786],[80.5753,29.6875],[80.603,29.6918],[80.6083,29.6866],[80.6257,29.6868],[80.6352,29.6906],[80.6532,29.6812],[80.6762,29.6873],[80.6908,29.7052],[80.7027,29.7048],[80.7108,29.6993],[80.7563,29.708],[80.7663,29.7017],[80.7816,29.7022],[80.7955,29.6886],[80.8129,29.6841],[80.8261,29.6863],[80.8314,29.6915],[80.8414,29.6872],[80.8472,29.6934],[80.86,29.696],[80.8664,29.7063],[80.8919,29.7139],[80.9087,29.7247],[80.9213,29.7248],[80.9416,29.7355],[80.9769,29.7219],[80.9902,29.7413],[81.0059,29.7406],[81.0115,29.7459],[81.0222,29.7484],[81.033,29.7423],[81.0399,29.7527],[81.0575,29.7569],[81.0644,29.7684],[81.0619,29.7723],[81.0654,29.7755],[81.0639,29.7935],[81.0696,29.7959],[81.0716,29.8284],[81.0572,29.8298],[81.042,29.8404],[81.0422,29.8601],[81.0384,29.8646],[81.0425,29.8817],[81.0318,29.896],[81.029,29.9069],[81.0047,29.9233],[81.0023,29.9282],[81.0042,29.9365],[81.0233,29.9587],[81.0193,29.9661],[81.0223,29.9739],[81.0167,29.9807],[81.0277,29.9875],[81.04,30.0083],[81.0398,30.0151],[81.0552,30.024],[81.07,30.0433],[81.0917,30.0542]]]}},{"type":"Feature","properties":{"province":7,"provinceName":"Sudurpaschim","district":"Doti"},"geometry":{"type":"Polygon","coordinates":[[[81.1885,29.3978],[81.1858,29.4069],[81.1724,29.4116],[81.1654,29.3947],[81.1481,29.3942],[81.1457,29.3909],[81.1334,29.4043],[81.1272,29.4028],[81.1263,29.3984],[81.121,29.3957],[81.0974,29.4078],[81.0876,29.4071],[81.0829,29.4101],[81.0784,29.4063],[81.0638,29.4054],[81.0495,29.4133],[81.0344,29.412],[81.0244,29.4219],[81.0109,29.4202],[80.9886,29.4051],[80.9731,29.4004],[80.9557,29.4013],[80.9412,29.3975],[80.9331,29.4108],[80.9339,29.4175],[80.9279,29.4258],[80.9179,29.4314],[80.9145,29.4445],[80.9107,29.4445],[80.9096,29.439],[80.903,29.4365],[80.8934,29.4245],[80.877,29.4124],[80.8637,29.4144],[80.8628,29.4107],[80.8541,29.408],[80.8618,29.3965],[80.8601,29.3876],[80.8524,29.3766],[80.8472,29.3754],[80.8369,29.3812],[80.8285,29.3713],[80.8163,29.3648],[80.7763,29.365],[80.7701,29.3572],[80.764,29.3629],[80.764,29.3514],[80.759,29.3463],[80.7645,29.3358],[80.7608,29.3323],[80.778,29.3155],[80.7733,29.3114],[80.7742,29.3018],[80.7679,29.3018],[80.758,29.3088],[80.7359,29.2986],[80.7343,29.292],[80.7474,29.2847],[80.7455,29.2748],[80.7523,29.2738],[80.7584,29.2674],[80.7499,29.2545],[80.7374,29.2475],[80.7408,29.2451],[80.7252,29.236],[80.7085,29.2313],[80.7095,29.2252],[80.7036,29.2168],[80.7084,29.2117],[80.706,29.1921],[80.7022,29.1949],[80.6966,29.1878],[80.6811,29.1916],[80.6722,29.1828],[80.6475,29.1781],[80.631,29.1763],[80.6215,29.1811],[80.6074,29.1704],[80.6005,29.1704],[80.5938,29.163],[80.5956,29.154],[80.5929,29.1479],[80.5779,29.1477],[80.5676,29.1436],[80.5666,29.1351],[80.5739,29.1302],[80.5687,29.1193],[80.5417,29.1078],[80.5284,29.1059],[80.5295,29.0973],[80.5331,29.0896],[80.5607,29.076],[80.5675,29.0622],[80.5743,29.0644],[80.5809,29.0576],[80.5857,29.0592],[80.5894,29.0534],[80.5951,29.0545],[80.5985,29.0481],[80.608,29.0483],[80.6132,29.0576],[80.6187,29.0587],[80.6359,29.0359],[80.6583,29.0221],[80.6721,29.0181],[80.6761,29.0207],[80.6797,29.0154],[80.6937,29.0148],[80.7053,29.0095],[80.7185,29.0102],[80.7224,29.0071],[80.7255,29.0107],[80.7398,29.0108],[80.7544,29.0026],[80.7641,29.0023],[80.764,28.988],[80.7844,28.985],[80.8048,28.9723],[80.8081,28.9672],[80.8055,28.9595],[80.8114,28.955],[80.8071,28.9449],[80.812,28.9427],[80.8127,28.938],[80.8175,28.939],[80.8187,28.9314],[80.8287,28.932],[80.8338,28.9366],[80.8416,28.9502],[80.8386,28.9557],[80.8573,28.9776],[80.8641,28.9754],[80.8679,28.9688],[80.8847,28.966],[80.8871,28.96],[80.8828,28.9459],[80.885,28.9404],[80.8923,28.9395],[80.8966,28.9343],[80.9004,28.9357],[80.8987,28.9424],[80.9032,28.9365],[80.9076,28.9407],[80.9131,28.9309],[80.9231,28.9415],[80.9306,28.9435],[80.9558,28.9357],[80.9698,28.9413],[80.9827,28.9387],[81.0035,28.9566],[81.0225,28.9528],[81.0302,28.9632],[81.043,28.9696],[81.051,28.9783],[81.0661,28.9703],[81.1028,28.9638],[81.1071,28.9778],[81.1211,28.9743],[81.1338,28.981],[81.1374,28.9888],[81.1456,28.9911],[81.1519,29.006],[81.146,29.0188],[81.1466,29.0347],[81.1383,29.0418],[81.1328,29.0597],[81.1231,29.0653],[81.1215,29.0727],[81.1268,29.0744],[81.1303,29.0812],[81.1116,29.0848],[81.1108,29.0979],[81.1037,29.1007],[81.0763,29.1263],[81.0736,29.1341],[81.0671,29.1351],[81.0672,29.1456],[81.0575,29.149],[81.0603,29.1587],[81.0511,29.1625],[81.0509,29.1704],[81.045,29.1752],[81.0472,29.1844],[81.038,29.1893],[81.0317,29.1862],[81.0284,29.1953],[81.0406,29.1996],[81.066,29.1983],[81.0804,29.2078],[81.0882,29.2089],[81.0924,29.215],[81.1033,29.2153],[81.1116,29.2228],[81.1165,29.2365],[81.1112,29.243],[81.0994,29.2474],[81.1017,29.2613],[81.1224,29.2993],[81.1374,29.3048],[81.138,29.3223],[81.1455,29.3494],[81.1499,29.3596],[81.1563,29.3626],[81.1551,29.382],[81.1691,29.3853],[81.1885,29.3978]]]}},{"type":"Feature","properties":{"province":7,"provinceName":"Sudurpaschim","district":"Kailali"},"geometry":{"type":"Polygon","coordinates":[[[80.9827,28.9387],[80.9698,28.9413],[80.9558,28.9357],[80.9306,28.9435],[80.9231,28.9415],[80.9131,28.9309],[80.9082,28.9404],[80.9032,28.9365],[80.8992,28.9426],[80.9004,28.9357],[80.8962,28.9344],[80.8829,28.944],[80.8871,28.9577],[80.8847,28.966],[80.8679,28.9688],[80.8641,28.9754],[80.8573,28.9776],[80.8386,28.9557],[80.8416,28.9502],[80.8338,28.9366],[80.8287,28.932],[80.8187,28.9314],[80.8175,28.939],[80.8127,28.938],[80.812,28.9427],[80.8071,28.9449],[80.8114,28.955],[80.8055,28.9595],[80.8081,28.9672],[80.8048,28.9723],[80.7844,28.985],[80.764,28.988],[80.7632,29.0028],[80.7544,29.0026],[80.7398,29.0108],[80.7255,29.0107],[80.7224,29.0071],[80.7185,29.0102],[80.7053,29.0095],[80.6937,29.0148],[80.6797,29.0154],[80.6761,29.0207],[80.673,29.0181],[80.6655,29.0197],[80.6414,29.0313],[80.6183,29.0589],[80.6132,29.0576],[80.6089,29.0488],[80.6001,29.0477],[80.5948,29.0547],[80.5894,29.0534],[80.5857,29.0592],[80.5809,29.0576],[80.5743,29.0644],[80.5677,29.0621],[80.5628,29.0681],[80.5589,29.0582],[80.5463,29.0493],[80.5486,29.0384],[80.5359,29.0297],[80.5372,29.0139],[80.5205,29.0044],[80.5207,28.9992],[80.5151,28.9967],[80.5028,28.9932],[80.4857,28.9963],[80.4916,28.9847],[80.49,28.9774],[80.4825,28.9576],[80.4698,28.9386],[80.4833,28.9368],[80.4898,28.9242],[80.5066,28.9254],[80.5123,28.9213],[80.5049,28.9121],[80.5052,28.9031],[80.5095,28.8968],[80.5053,28.8872],[80.5071,28.8787],[80.5026,28.8705],[80.5042,28.8639],[80.4982,28.8548],[80.5047,28.8476],[80.5054,28.8406],[80.5097,28.8392],[80.5069,28.8379],[80.5091,28.8327],[80.5134,28.8312],[80.5165,28.8351],[80.52,28.8318],[80.5159,28.8233],[80.5194,28.8191],[80.513,28.8146],[80.5277,28.806],[80.5328,28.7966],[80.5403,28.796],[80.5402,28.7902],[80.5519,28.7778],[80.5503,28.772],[80.5388,28.7712],[80.5375,28.7676],[80.5466,28.7518],[80.5585,28.7532],[80.5523,28.7444],[80.5398,28.7386],[80.5524,28.7337],[80.5612,28.7226],[80.5525,28.7201],[80.55,28.7115],[80.5404,28.716],[80.5423,28.7029],[80.5458,28.7005],[80.5444,28.6963],[80.5921,28.6797],[80.5819,28.6612],[80.5993,28.6559],[80.5914,28.6477],[80.6079,28.6523],[80.6133,28.6392],[80.635,28.6373],[80.6432,28.6432],[80.6529,28.6339],[80.6693,28.6418],[80.6727,28.6279],[80.6813,28.6204],[80.6791,28.6043],[80.6973,28.6034],[80.692,28.587],[80.7163,28.5678],[80.7264,28.5747],[80.7405,28.5658],[80.7401,28.5742],[80.7697,28.5656],[80.7712,28.5496],[80.7912,28.5433],[80.7863,28.5292],[80.7907,28.5243],[80.8172,28.5206],[80.8317,28.5117],[80.8453,28.4997],[80.8462,28.4953],[80.857,28.497],[80.8673,28.4895],[80.8633,28.5041],[80.8776,28.5097],[80.8978,28.5056],[80.9015,28.5004],[80.9103,28.4975],[80.9035,28.4834],[80.9074,28.4657],[80.9174,28.4576],[80.9162,28.4677],[80.9213,28.4637],[80.9193,28.4597],[80.9324,28.4576],[80.9341,28.463],[80.9443,28.4684],[80.947,28.4661],[80.934,28.4585],[80.9535,28.4554],[80.9536,28.4474],[80.9657,28.4494],[80.9688,28.4569],[80.9816,28.4552],[80.9666,28.4447],[80.9698,28.4428],[80.967,28.4377],[80.9809,28.4343],[80.9796,28.4424],[80.9909,28.4416],[81.0015,28.4539],[81.0192,28.4516],[81.0147,28.4382],[81.021,28.4316],[81.0313,28.4385],[81.0355,28.4279],[81.0185,28.4157],[81.024,28.4089],[81.0341,28.3987],[81.0366,28.4133],[81.0477,28.4099],[81.0691,28.3944],[81.0613,28.4098],[81.0703,28.4257],[81.0876,28.4383],[81.0931,28.4577],[81.1107,28.4613],[81.1165,28.4725],[81.1404,28.4914],[81.1545,28.5018],[81.1619,28.5013],[81.1698,28.5241],[81.2056,28.5579],[81.2351,28.5783],[81.2507,28.5943],[81.2623,28.6131],[81.2705,28.6177],[81.2724,28.6295],[81.2895,28.6485],[81.2863,28.6817],[81.2821,28.6963],[81.2682,28.7041],[81.2749,28.7172],[81.2742,28.727],[81.2578,28.7299],[81.2628,28.7458],[81.249,28.7608],[81.2525,28.77],[81.2495,28.7796],[81.2347,28.7857],[81.2276,28.7951],[81.2295,28.7988],[81.2409,28.803],[81.2435,28.8115],[81.2316,28.8167],[81.2343,28.8312],[81.2079,28.8503],[81.2083,28.862],[81.2007,28.8611],[81.2011,28.8465],[81.1969,28.833],[81.2084,28.8252],[81.2053,28.8167],[81.1835,28.825],[81.1758,28.8349],[81.155,28.83],[81.1594,28.8445],[81.1509,28.8526],[81.1451,28.873],[81.1387,28.8722],[81.1306,28.8649],[81.1279,28.8517],[81.1041,28.8447],[81.0909,28.8628],[81.0746,28.8648],[81.0756,28.8751],[81.0731,28.8773],[81.0613,28.8734],[81.0532,28.8768],[81.0409,28.8901],[81.0229,28.9198],[80.9827,28.9387]]]}},{"type":"Feature","properties":{"province":7,"provinceName":"Sudurpaschim","district":"Kanchanpur"},"geometry":{"type":"Polygon","coordinates":[[[80.4874,28.9982],[80.4808,28.9938],[80.4736,28.9965],[80.4798,29.018],[80.4706,29.0187],[80.4698,29.0298],[80.4626,29.0315],[80.4611,29.0375],[80.422,29.0264],[80.4167,29.0328],[80.412,29.032],[80.3941,29.0403],[80.3884,29.0474],[80.3797,29.0433],[80.3625,29.0479],[80.3573,29.0444],[80.3503,29.0539],[80.3266,29.0513],[80.3146,29.0582],[80.2952,29.057],[80.2742,29.0458],[80.2666,29.0522],[80.2564,29.0529],[80.2293,29.0455],[80.2239,29.0514],[80.2253,29.0555],[80.2132,29.0572],[80.2128,29.0673],[80.193,29.086],[80.1876,29.0872],[80.1869,29.1077],[80.1901,29.1126],[80.1851,29.1371],[80.1798,29.1285],[80.1695,29.1257],[80.1656,29.1169],[80.1463,29.1034],[80.1302,29.061],[80.1382,29.0589],[80.1281,29.0317],[80.133,29.0304],[80.1262,29.013],[80.138,29.0096],[80.1373,29.0073],[80.1285,29.006],[80.1196,28.9816],[80.1019,28.9864],[80.0601,28.9164],[80.0664,28.8373],[80.0767,28.8243],[80.1198,28.8288],[80.1726,28.7823],[80.2177,28.7553],[80.2358,28.7593],[80.2432,28.7561],[80.2528,28.7576],[80.2668,28.7435],[80.2647,28.7342],[80.2579,28.7293],[80.278,28.7105],[80.2953,28.7113],[80.319,28.6998],[80.3236,28.6914],[80.3229,28.6812],[80.3276,28.6663],[80.3621,28.6453],[80.3589,28.6406],[80.3624,28.6355],[80.3693,28.6352],[80.373,28.6291],[80.378,28.6283],[80.4201,28.639],[80.4394,28.6353],[80.4443,28.6284],[80.4533,28.6286],[80.466,28.6149],[80.462,28.6137],[80.4735,28.5897],[80.4699,28.5833],[80.4828,28.5853],[80.5015,28.5696],[80.5085,28.5677],[80.5191,28.5519],[80.5245,28.5528],[80.5324,28.5722],[80.5233,28.5768],[80.5052,28.6652],[80.5078,28.6709],[80.5415,28.6906],[80.5559,28.6907],[80.5445,28.6961],[80.5458,28.7005],[80.5423,28.7029],[80.5437,28.7074],[80.5399,28.714],[80.5419,28.7165],[80.5512,28.7119],[80.5525,28.7201],[80.5612,28.7228],[80.5524,28.7337],[80.5398,28.7386],[80.5523,28.7444],[80.5585,28.7532],[80.5466,28.7518],[80.5375,28.7676],[80.5388,28.7712],[80.5503,28.772],[80.5518,28.7781],[80.5402,28.7902],[80.5403,28.796],[80.5328,28.7966],[80.5277,28.806],[80.513,28.8146],[80.5194,28.8191],[80.5159,28.8233],[80.52,28.8318],[80.5165,28.8351],[80.5134,28.8312],[80.5091,28.8327],[80.5069,28.8379],[80.5097,28.8392],[80.5054,28.8406],[80.5047,28.8476],[80.4982,28.8548],[80.5042,28.8639],[80.5026,28.8705],[80.5071,28.8787],[80.5053,28.8872],[80.5095,28.8968],[80.5052,28.9031],[80.5049,28.9121],[80.5123,28.9213],[80.5066,28.9254],[80.4898,28.9242],[80.4833,28.9368],[80.4698,28.9386],[80.4825,28.9576],[80.49,28.9774],[80.4917,28.9842],[80.4854,28.9946],[80.4874,28.9982]]]}}]}