{"type":"FeatureCollection","name":"nepal-provinces","bbox":[80.0601,26.3474,88.2041,30.4672],"features":[{"type":"Feature","properties":{"province":1,"provinceName":"Koshi","pcode":"NP-1"},"geometry":{"type":"Polygon","coordinates":[[[86.5824,28.1105],[86.5908,28.1078],[86.5925,28.1039],[86.6068,28.0999],[86.6104,28.0919],[86.605,28.0873],[86.6116,28.0752],[86.6173,28.0732],[86.6248,28.0746],[86.6372,28.0705],[86.6414,28.0732],[86.6524,28.0746],[86.6604,28.0809],[86.6655,28.0973],[86.6915,28.1084],[86.7099,28.1058],[86.7179,28.1077],[86.7291,28.1034],[86.7407,28.1035],[86.7508,28.0947],[86.7498,28.0858],[86.753,28.0814],[86.7674,28.0745],[86.7574,28.0676],[86.7534,28.0534],[86.7493,28.0503],[86.7496,28.0454],[86.7557,28.0375],[86.7615,28.0348],[86.7762,28.0376],[86.7826,28.0314],[86.7817,28.0271],[86.7925,28.0187],[86.8051,28.0234],[86.8143,28.0188],[86.8216,28.0199],[86.8305,28.015],[86.8386,28.0151],[86.8498,28.0196],[86.8504,28.0242],[86.8545,28.0275],[86.8699,28.025],[86.875,28.0219],[86.8734,28.0135],[86.8754,28.0104],[86.8838,28.0028],[86.8915,27.9995],[86.8924,27.9967],[86.9278,27.9876],[86.9284,27.9841],[86.9354,27.9783],[86.9349,27.9655],[86.9369,27.9618],[86.9524,27.9565],[86.9756,27.9541],[86.9848,27.9493],[86.9947,27.9546],[87.0113,27.9532],[87.0182,27.9575],[87.0259,27.95],[87.0416,27.9502],[87.0559,27.9264],[87.0683,27.9237],[87.0808,27.9154],[87.0803,27.9026],[87.091,27.8893],[87.0913,27.8824],[87.1073,27.8775],[87.1097,27.8747],[87.1107,27.8537],[87.1184,27.8401],[87.1244,27.8391],[87.1288,27.834],[87.143,27.8369],[87.1553,27.8294],[87.1592,27.8242],[87.1744,27.8209],[87.1861,27.822],[87.1957,27.8197],[87.2203,27.8233],[87.2261,27.8225],[87.2282,27.8195],[87.2412,27.8392],[87.2525,27.8428],[87.263,27.8507],[87.2873,27.8443],[87.2904,27.8457],[87.3061,27.8432],[87.307,27.8352],[87.3204,27.8255],[87.3404,27.8297],[87.348,27.8276],[87.3505,27.8302],[87.3578,27.8272],[87.3632,27.8286],[87.3764,27.8451],[87.4044,27.8514],[87.4211,27.8623],[87.4282,27.8586],[87.4285,27.8519],[87.4357,27.846],[87.4343,27.8422],[87.4114,27.8386],[87.4061,27.8338],[87.4252,27.8314],[87.4523,27.8221],[87.4609,27.8252],[87.4773,27.8361],[87.4783,27.8395],[87.4926,27.8462],[87.4956,27.8437],[87.5114,27.8469],[87.5233,27.8433],[87.5347,27.8452],[87.538,27.8427],[87.5498,27.8524],[87.5547,27.8649],[87.565,27.8668],[87.5739,27.8611],[87.5813,27.8618],[87.5889,27.8526],[87.5936,27.8333],[87.5913,27.8269],[87.592,27.8201],[87.6041,27.8209],[87.614,27.8103],[87.6166,27.8114],[87.6194,27.8187],[87.6346,27.8245],[87.6351,27.8324],[87.6384,27.8341],[87.6676,27.8362],[87.6721,27.8346],[87.6723,27.8305],[87.6656,27.8224],[87.6678,27.8198],[87.6663,27.8164],[87.668,27.8066],[87.6879,27.812],[87.7012,27.8119],[87.7067,27.8099],[87.7134,27.8109],[87.7279,27.8051],[87.7389,27.8128],[87.7364,27.8189],[87.7467,27.8353],[87.7565,27.8361],[87.7687,27.8593],[87.7812,27.8657],[87.7796,27.8679],[87.7811,27.8721],[87.7778,27.8768],[87.7872,27.8991],[87.8067,27.9087],[87.8084,27.9142],[87.8158,27.921],[87.8273,27.9199],[87.8298,27.929],[87.8273,27.9364],[87.8342,27.9487],[87.8342,27.9526],[87.8443,27.95],[87.8496,27.9461],[87.8528,27.9483],[87.8596,27.9477],[87.8619,27.9364],[87.8566,27.9285],[87.8629,27.9237],[87.8685,27.9105],[87.8793,27.9146],[87.8905,27.9099],[87.9018,27.9109],[87.9104,27.9167],[87.9348,27.9177],[87.9443,27.9096],[87.9587,27.9086],[87.9688,27.8932],[87.9874,27.8857],[88.005,27.8979],[88.0191,27.8984],[88.0242,27.8964],[88.0289,27.9044],[88.0327,27.9057],[88.0398,27.9041],[88.0455,27.8992],[88.0565,27.8967],[88.0607,27.8883],[88.0669,27.8861],[88.0746,27.8935],[88.0868,27.8953],[88.0921,27.8872],[88.0936,27.8712],[88.0983,27.867],[88.115,27.8682],[88.1291,27.8815],[88.1375,27.8815],[88.142,27.8774],[88.1513,27.8766],[88.1565,27.8705],[88.1668,27.8682],[88.1812,27.8564],[88.1987,27.8541],[88.2006,27.8455],[88.2041,27.8424],[88.2039,27.8372],[88.1972,27.8355],[88.19,27.825],[88.1758,27.82],[88.1761,27.8172],[88.1879,27.8104],[88.1894,27.8013],[88.2,27.7909],[88.1979,27.7862],[88.1839,27.7756],[88.186,27.7659],[88.1793,27.758],[88.1812,27.7468],[88.1728,27.7415],[88.161,27.7406],[88.1589,27.7363],[88.158,27.7172],[88.1501,27.7027],[88.1574,27.6904],[88.1514,27.6838],[88.1472,27.6654],[88.1398,27.6572],[88.1339,27.6551],[88.1227,27.6453],[88.1233,27.6392],[88.1199,27.6295],[88.1221,27.627],[88.1179,27.6207],[88.1163,27.6104],[88.1078,27.602],[88.0955,27.5974],[88.0868,27.5885],[88.0778,27.5718],[88.0837,27.5646],[88.079,27.5587],[88.0718,27.5556],[88.0711,27.5461],[88.0635,27.5398],[88.0618,27.5356],[88.0624,27.5312],[88.0679,27.5293],[88.0698,27.5261],[88.0648,27.5257],[88.06,27.5176],[88.0642,27.5118],[88.0575,27.5044],[88.0495,27.5015],[88.0463,27.4957],[88.0466,27.4782],[88.0511,27.4722],[88.0597,27.4668],[88.0631,27.4609],[88.0697,27.4576],[88.0671,27.4535],[88.0751,27.4452],[88.0708,27.4375],[88.0828,27.4296],[88.0827,27.4264],[88.0697,27.425],[88.0532,27.4127],[88.052,27.4066],[88.0495,27.4051],[88.0509,27.3999],[88.0444,27.3726],[88.052,27.3591],[88.0602,27.3554],[88.0692,27.3356],[88.0625,27.328],[88.0551,27.3242],[88.0511,27.3124],[88.0441,27.3041],[88.0472,27.2931],[88.0407,27.2914],[88.0343,27.2859],[88.0335,27.2497],[88.0302,27.2489],[88.0268,27.2417],[88.0274,27.237],[88.0218,27.2356],[88.0215,27.2247],[88.0148,27.2157],[88.0182,27.2101],[88.0143,27.2035],[88.0186,27.1963],[88.0151,27.1773],[88.022,27.1707],[88.0136,27.1655],[88.01,27.143],[88.0033,27.1399],[88.001,27.1331],[87.9938,27.1305],[87.99,27.119],[87.9942,27.1051],[87.9976,27.1032],[88.006,27.1041],[88.0145,27.0971],[88.0186,27.0881],[88.0237,27.0874],[88.0235,27.0821],[88.0186,27.0767],[88.0189,27.0735],[88.0237,27.0692],[88.0302,27.0507],[88.0376,27.0429],[88.0402,27.0363],[88.0484,27.0364],[88.0621,27.0288],[88.0802,27.035],[88.0858,27.0283],[88.0863,27.0225],[88.0912,27.015],[88.0909,27.008],[88.0943,27.0046],[88.1018,27.0034],[88.1129,26.9913],[88.1191,26.9878],[88.1316,26.9874],[88.1381,26.9846],[88.1263,26.9706],[88.1231,26.95],[88.1314,26.939],[88.1404,26.933],[88.1487,26.9204],[88.139,26.8984],[88.1494,26.8883],[88.1597,26.8848],[88.1646,26.8803],[88.1692,26.8701],[88.1744,26.869],[88.1761,26.8652],[88.1744,26.86],[88.1771,26.8592],[88.1774,26.8532],[88.17,26.8495],[88.1733,26.8449],[88.1702,26.8372],[88.1768,26.8333],[88.1744,26.8275],[88.1815,26.8162],[88.1803,26.8026],[88.1906,26.7714],[88.189,26.7382],[88.1849,26.7272],[88.1846,26.7192],[88.1697,26.6992],[88.1704,26.6837],[88.1667,26.6782],[88.1657,26.6457],[88.1606,26.6398],[88.1631,26.6363],[88.1569,26.6299],[88.1495,26.6293],[88.1446,26.6255],[88.1417,26.6065],[88.1325,26.601],[88.1345,26.5929],[88.1299,26.5814],[88.1325,26.5793],[88.1328,26.5734],[88.131,26.5723],[88.1272,26.5773],[88.1255,26.576],[88.1278,26.574],[88.1256,26.5719],[88.1234,26.5754],[88.1202,26.5743],[88.1217,26.5678],[88.1162,26.5723],[88.1148,26.5711],[88.1142,26.5647],[88.1177,26.5654],[88.1132,26.5616],[88.1161,26.5581],[88.112,26.5567],[88.108,26.5606],[88.1079,26.5575],[88.108,26.5504],[88.1141,26.5449],[88.1007,26.5371],[88.1018,26.5344],[88.1063,26.536],[88.1057,26.5186],[88.0977,26.5161],[88.0991,26.5108],[88.0929,26.5065],[88.0952,26.5043],[88.1011,26.5058],[88.1029,26.494],[88.1083,26.4893],[88.1028,26.4796],[88.1098,26.4746],[88.1067,26.4716],[88.1005,26.4724],[88.1062,26.4679],[88.1058,26.4655],[88.0945,26.4627],[88.0996,26.4514],[88.0984,26.4392],[88.0889,26.4321],[88.0815,26.4201],[88.0724,26.4133],[88.074,26.4077],[88.0626,26.4094],[88.0582,26.4055],[88.058,26.4004],[88.054,26.3987],[88.0499,26.4008],[88.0476,26.3956],[88.0403,26.3936],[88.0391,26.39],[88.0368,26.3917],[88.0336,26.3824],[88.0297,26.3815],[88.031,26.3785],[88.034,26.378],[88.0297,26.3707],[88.0333,26.3669],[88.0326,26.3646],[88.0094,26.3608],[88.0049,26.3663],[87.9978,26.3659],[87.9945,26.3717],[87.9942,26.3922],[87.9683,26.3968],[87.9355,26.4175],[87.9296,26.4177],[87.9286,26.4274],[87.9185,26.4315],[87.9278,26.4395],[87.9274,26.4452],[87.9012,26.4485],[87.9122,26.4575],[87.9026,26.4771],[87.8907,26.4864],[87.8881,26.4762],[87.8659,26.4676],[87.865,26.4639],[87.8607,26.4634],[87.8607,26.456],[87.8651,26.4528],[87.8639,26.4486],[87.8535,26.445],[87.8512,26.4362],[87.8307,26.4398],[87.8322,26.4499],[87.814,26.4615],[87.7952,26.4686],[87.7931,26.4661],[87.7913,26.4689],[87.7887,26.4669],[87.7923,26.4646],[87.789,26.4655],[87.7881,26.4633],[87.7908,26.4607],[87.7848,26.4536],[87.7802,26.4533],[87.7815,26.4504],[87.7764,26.4503],[87.7792,26.4476],[87.7781,26.4426],[87.7803,26.4422],[87.7769,26.4403],[87.7755,26.4356],[87.7803,26.4352],[87.7785,26.4297],[87.775,26.4295],[87.7779,26.4269],[87.773,26.4272],[87.7786,26.4249],[87.7757,26.42],[87.7788,26.4216],[87.7757,26.4192],[87.7735,26.4216],[87.7699,26.4183],[87.7707,26.415],[87.7681,26.4131],[87.7696,26.411],[87.7563,26.4078],[87.75,26.4175],[87.7416,26.4173],[87.7362,26.4075],[87.7254,26.4122],[87.7249,26.4189],[87.7163,26.4227],[87.7137,26.427],[87.701,26.4279],[87.6946,26.4353],[87.6802,26.4351],[87.6808,26.4155],[87.6528,26.4055],[87.6544,26.3932],[87.63,26.3935],[87.6146,26.3898],[87.6092,26.3807],[87.5896,26.3818],[87.5903,26.3923],[87.5761,26.3957],[87.5553,26.4054],[87.55,26.4182],[87.5367,26.4213],[87.5189,26.4306],[87.4687,26.44],[87.4455,26.4327],[87.4303,26.4221],[87.391,26.4187],[87.3786,26.4067],[87.3712,26.4077],[87.3589,26.3879],[87.3558,26.3717],[87.3608,26.3607],[87.3435,26.3474],[87.3244,26.3599],[87.3159,26.3673],[87.3148,26.3711],[87.3038,26.3659],[87.2919,26.3734],[87.2684,26.3735],[87.2668,26.3868],[87.2686,26.4053],[87.2627,26.4092],[87.2587,26.4108],[87.2524,26.4091],[87.2491,26.414],[87.2313,26.4134],[87.2263,26.4057],[87.2212,26.4029],[87.2197,26.4063],[87.2135,26.409],[87.2138,26.4128],[87.1884,26.4139],[87.1915,26.4052],[87.1649,26.4037],[87.1415,26.4146],[87.094,26.45],[87.0823,26.5229],[87.0751,26.5416],[87.0742,26.5855],[87.0471,26.587],[87.0448,26.568],[87.0177,26.5318],[86.9933,26.5228],[86.9818,26.5248],[86.9775,26.5197],[86.9637,26.5235],[86.9618,26.52],[86.9491,26.5206],[86.947,26.5168],[86.9351,26.5165],[86.9311,26.4987],[86.9323,26.4893],[86.9065,26.488],[86.9132,26.4987],[86.9187,26.5011],[86.9196,26.5129],[86.9357,26.5332],[86.9533,26.5369],[86.9593,26.5423],[86.9661,26.5442],[86.9763,26.5577],[86.9948,26.5717],[86.9942,26.5759],[86.985,26.586],[86.9919,26.6056],[86.9813,26.6249],[86.9879,26.6286],[86.9872,26.6324],[86.9912,26.636],[86.994,26.6498],[86.9974,26.6537],[87.0041,26.6551],[87.0087,26.666],[87.016,26.6712],[87.0132,26.6837],[87.017,26.6892],[87.0165,26.6955],[87.0124,26.7105],[87.0068,26.7083],[87.0033,26.71],[86.9983,26.7027],[86.9937,26.7025],[86.993,26.6978],[86.9866,26.7037],[86.9849,26.7151],[86.9763,26.7205],[86.9694,26.7354],[86.9513,26.7318],[86.935,26.7404],[86.9272,26.7496],[86.9303,26.7581],[86.9241,26.7662],[86.9111,26.7589],[86.9109,26.7485],[86.9136,26.7396],[86.9095,26.7384],[86.9089,26.7354],[86.9059,26.7356],[86.9065,26.7317],[86.9035,26.7313],[86.9002,26.7254],[86.8916,26.7194],[86.8875,26.7118],[86.8737,26.7128],[86.869,26.7096],[86.8681,26.7003],[86.864,26.7014],[86.8609,26.6976],[86.8532,26.6961],[86.8536,26.6929],[86.8507,26.6909],[86.8486,26.6934],[86.8445,26.6902],[86.8429,26.6914],[86.8441,26.6961],[86.84,26.7095],[86.8263,26.714],[86.8167,26.7074],[86.8108,26.7086],[86.8087,26.7124],[86.8024,26.7123],[86.7838,26.7013],[86.7782,26.7023],[86.7671,26.6949],[86.7621,26.6949],[86.7556,26.6859],[86.7556,26.6949],[86.7489,26.6968],[86.7394,26.712],[86.7248,26.7093],[86.7207,26.7065],[86.7087,26.7068],[86.7052,26.699],[86.7007,26.6977],[86.6936,26.6893],[86.6872,26.6877],[86.6731,26.6931],[86.6714,26.7012],[86.6673,26.7041],[86.659,26.6912],[86.6513,26.6895],[86.6446,26.6977],[86.6362,26.6982],[86.6336,26.6943],[86.6306,26.694],[86.6297,26.6896],[86.6187,26.6948],[86.6129,26.6887],[86.6077,26.6923],[86.604,26.6996],[86.6001,26.6969],[86.5888,26.6961],[86.5836,26.7078],[86.5857,26.7118],[86.5745,26.7219],[86.5741,26.7331],[86.5763,26.7392],[86.5555,26.7458],[86.5712,26.7677],[86.5751,26.7679],[86.5796,26.7754],[86.5803,26.7841],[86.5739,26.7843],[86.569,26.7806],[86.5663,26.7907],[86.56,26.7899],[86.552,26.7849],[86.5506,26.7816],[86.5456,26.7839],[86.541,26.7827],[86.5387,26.784],[86.5406,26.7874],[86.5369,26.7869],[86.5325,26.7909],[86.5381,26.7955],[86.538,26.7999],[86.543,26.7979],[86.5483,26.8031],[86.5472,26.8059],[86.5559,26.8145],[86.554,26.8241],[86.557,26.8303],[86.5539,26.8313],[86.5544,26.8349],[86.5459,26.8362],[86.5421,26.8351],[86.5396,26.8312],[86.522,26.8312],[86.5232,26.8345],[86.5201,26.8429],[86.5149,26.8401],[86.5141,26.8462],[86.5078,26.8479],[86.507,26.8559],[86.4985,26.8563],[86.4904,26.8691],[86.4823,26.8707],[86.4835,26.8749],[86.4798,26.8826],[86.4819,26.8882],[86.4595,26.887],[86.4473,26.8913],[86.4209,26.906],[86.4098,26.9068],[86.4058,26.9095],[86.3916,26.9076],[86.3873,26.9091],[86.3851,26.908],[86.3847,26.9012],[86.3794,26.8968],[86.3763,26.8832],[86.3717,26.8796],[86.3721,26.8752],[86.3684,26.8722],[86.3432,26.8798],[86.3164,26.8787],[86.3128,26.8824],[86.3096,26.8814],[86.301,26.8855],[86.2899,26.8864],[86.2736,26.8822],[86.2706,26.8778],[86.2593,26.8724],[86.2492,26.8635],[86.2434,26.8661],[86.2298,26.8803],[86.2025,26.8888],[86.1969,26.8937],[86.1894,26.8943],[86.1879,26.8997],[86.1808,26.8997],[86.1709,26.9133],[86.1631,26.914],[86.1592,26.9171],[86.1598,26.9296],[86.1609,26.9257],[86.1734,26.9196],[86.1892,26.9061],[86.1943,26.9039],[86.2023,26.9052],[86.206,26.8997],[86.2183,26.8959],[86.2201,26.8903],[86.2248,26.8886],[86.2264,26.8918],[86.2245,26.8999],[86.2266,26.9035],[86.2385,26.903],[86.2442,26.9052],[86.2486,26.9148],[86.2558,26.911],[86.2604,26.9125],[86.264,26.9254],[86.2808,26.9345],[86.2845,26.948],[86.2989,26.952],[86.3164,26.9629],[86.3549,26.9641],[86.3675,26.9796],[86.3706,26.9951],[86.369,27],[86.3755,27.0032],[86.3765,27.007],[86.3744,27.0153],[86.3778,27.0203],[86.3764,27.023],[86.382,27.0288],[86.3817,27.0311],[86.385,27.0312],[86.3809,27.0347],[86.3696,27.037],[86.3664,27.0423],[86.3657,27.0537],[86.3535,27.0613],[86.3532,27.0665],[86.35,27.0642],[86.3484,27.0659],[86.3494,27.0702],[86.3532,27.0695],[86.3539,27.0735],[86.3576,27.075],[86.3559,27.0759],[86.3576,27.0811],[86.3607,27.0837],[86.3594,27.0939],[86.365,27.0992],[86.3585,27.0998],[86.3573,27.104],[86.3436,27.1062],[86.3345,27.0995],[86.3255,27.0988],[86.3136,27.1026],[86.3088,27.1086],[86.3286,27.1106],[86.3369,27.1259],[86.339,27.1262],[86.3366,27.1302],[86.3375,27.1338],[86.3403,27.1335],[86.339,27.1377],[86.3433,27.1406],[86.3454,27.147],[86.3474,27.1435],[86.3579,27.143],[86.3615,27.1391],[86.3659,27.1418],[86.3703,27.1403],[86.3724,27.1462],[86.3767,27.1476],[86.3728,27.1507],[86.3761,27.1546],[86.3761,27.1587],[86.3815,27.1637],[86.3805,27.1652],[86.3873,27.1731],[86.3869,27.1759],[86.3922,27.1796],[86.3866,27.1821],[86.3814,27.193],[86.3711,27.1922],[86.3605,27.2011],[86.3459,27.2025],[86.3423,27.21],[86.3455,27.2194],[86.3434,27.2287],[86.3183,27.2311],[86.3114,27.233],[86.3085,27.2369],[86.2973,27.2381],[86.2903,27.2454],[86.2837,27.2456],[86.278,27.2507],[86.269,27.2533],[86.2687,27.2608],[86.2639,27.2572],[86.2598,27.2578],[86.2552,27.25],[86.2456,27.2469],[86.2416,27.2407],[86.2325,27.2371],[86.2239,27.2396],[86.2059,27.25],[86.2075,27.2501],[86.2071,27.2547],[86.2135,27.2606],[86.216,27.2684],[86.2186,27.2677],[86.2213,27.2724],[86.2254,27.274],[86.2259,27.2771],[86.2291,27.2773],[86.2364,27.2852],[86.243,27.2885],[86.2378,27.2959],[86.2396,27.3058],[86.236,27.3074],[86.2337,27.3143],[86.2313,27.3153],[86.2313,27.3196],[86.222,27.3219],[86.2247,27.327],[86.2196,27.3281],[86.218,27.3333],[86.2204,27.3367],[86.2195,27.353],[86.2242,27.3597],[86.2214,27.3619],[86.2272,27.371],[86.2244,27.3818],[86.2282,27.3839],[86.2301,27.3976],[86.2387,27.4043],[86.2369,27.4081],[86.2397,27.4094],[86.2443,27.4187],[86.2506,27.4203],[86.2503,27.4242],[86.2544,27.4283],[86.2536,27.4322],[86.2587,27.4362],[86.2566,27.4407],[86.2661,27.4559],[86.2942,27.4699],[86.2974,27.4787],[86.3078,27.4826],[86.3218,27.4985],[86.327,27.4994],[86.3286,27.5048],[86.3356,27.5106],[86.3407,27.5198],[86.3573,27.5246],[86.36,27.5293],[86.3609,27.5395],[86.3722,27.5497],[86.3716,27.5579],[86.379,27.5681],[86.3906,27.5725],[86.4009,27.5832],[86.4164,27.5869],[86.4229,27.5988],[86.4326,27.604],[86.4372,27.61],[86.4721,27.6168],[86.4865,27.617],[86.4949,27.6135],[86.4979,27.6186],[86.5026,27.6206],[86.5096,27.6403],[86.5138,27.6422],[86.5159,27.6478],[86.52,27.6467],[86.5286,27.6501],[86.5312,27.6553],[86.5295,27.6599],[86.5354,27.6625],[86.5408,27.6708],[86.539,27.6783],[86.5432,27.6925],[86.5427,27.7013],[86.5534,27.7106],[86.5537,27.7173],[86.5594,27.7285],[86.5607,27.7382],[86.5657,27.7447],[86.5653,27.7491],[86.5752,27.7543],[86.5685,27.7623],[86.5664,27.7693],[86.5681,27.7855],[86.5712,27.7908],[86.5712,27.7951],[86.568,27.7993],[86.5695,27.8037],[86.5448,27.8109],[86.5426,27.8157],[86.5565,27.8569],[86.5534,27.8759],[86.557,27.8853],[86.5541,27.8978],[86.5569,27.9087],[86.5497,27.9307],[86.5421,27.9346],[86.5361,27.9419],[86.5241,27.9402],[86.5146,27.967],[86.5226,27.9741],[86.5179,27.9775],[86.5152,27.9845],[86.5183,27.9904],[86.5177,28.002],[86.5222,28.005],[86.5236,28.0191],[86.5339,28.0269],[86.5328,28.0317],[86.5358,28.0379],[86.5361,28.047],[86.5389,28.0506],[86.5513,28.0505],[86.5582,28.0565],[86.5606,28.0632],[86.5678,28.0687],[86.561,28.0776],[86.5621,28.0825],[86.5693,28.0916],[86.564,28.1025],[86.5648,28.1069],[86.5707,28.1116],[86.5746,28.1104],[86.578,28.1127],[86.5824,28.1105]]]}},{"type":"Feature","properties":{"province":2,"provinceName":"Madhesh","pcode":"NP-2"},"geometry":{"type":"Polygon","coordinates":[[[84.5674,27.4629],[84.5752,27.4586],[84.578,27.4537],[84.5874,27.4562],[84.5932,27.453],[84.5995,27.4542],[84.6034,27.4509],[84.609,27.4541],[84.6122,27.4518],[84.6241,27.4517],[84.625,27.4495],[84.6304,27.4506],[84.6371,27.4442],[84.6449,27.4429],[84.6458,27.436],[84.6502,27.4288],[84.6639,27.4328],[84.6651,27.4294],[84.6729,27.4288],[84.6928,27.4323],[84.7212,27.431],[84.7282,27.4444],[84.7369,27.444],[84.7367,27.4418],[84.7416,27.4402],[84.7455,27.4418],[84.7575,27.4355],[84.7766,27.4386],[84.7848,27.4347],[84.7931,27.4375],[84.7994,27.435],[84.802,27.4299],[84.8115,27.4241],[84.8123,27.4157],[84.8187,27.419],[84.8278,27.4193],[84.8319,27.416],[84.8359,27.4175],[84.8498,27.4084],[84.8535,27.4037],[84.8539,27.3984],[84.8792,27.3973],[84.884,27.3878],[84.8921,27.3891],[84.8991,27.3851],[84.9035,27.3744],[84.9103,27.3771],[84.9239,27.3704],[84.9284,27.3639],[84.9431,27.3655],[84.9432,27.3629],[84.9476,27.3622],[84.947,27.36],[84.9516,27.362],[84.9535,27.3667],[84.9558,27.3664],[84.9586,27.3637],[84.956,27.3612],[84.9589,27.3589],[84.9664,27.3634],[84.9678,27.3583],[84.9745,27.3549],[84.9796,27.3558],[84.9837,27.3619],[84.9905,27.3614],[85.0011,27.3653],[85.0031,27.3555],[85.0062,27.3526],[85.0154,27.3551],[85.0237,27.3518],[85.0232,27.3565],[85.0268,27.3584],[85.0342,27.3603],[85.0387,27.3571],[85.0584,27.3654],[85.0637,27.3602],[85.0677,27.3624],[85.0695,27.3601],[85.0727,27.3641],[85.0873,27.3615],[85.0936,27.3563],[85.0943,27.3399],[85.0971,27.3322],[85.1063,27.3198],[85.1194,27.3172],[85.1231,27.3019],[85.1277,27.3009],[85.1286,27.2926],[85.139,27.2899],[85.1416,27.2854],[85.147,27.2827],[85.1475,27.2727],[85.1582,27.2618],[85.1695,27.2601],[85.1745,27.2541],[85.1832,27.2543],[85.1804,27.2487],[85.1951,27.2448],[85.1993,27.2453],[85.2047,27.25],[85.2114,27.2449],[85.2174,27.2465],[85.2222,27.2437],[85.2269,27.2452],[85.2338,27.2431],[85.2389,27.2474],[85.2447,27.2485],[85.2538,27.2447],[85.2556,27.238],[85.2603,27.2339],[85.2592,27.2304],[85.2635,27.2265],[85.2691,27.2259],[85.2742,27.229],[85.2818,27.2285],[85.2827,27.2309],[85.2953,27.2326],[85.3063,27.2296],[85.3093,27.2316],[85.3399,27.2195],[85.351,27.2219],[85.3619,27.2105],[85.3648,27.2125],[85.3751,27.2097],[85.3788,27.2118],[85.3874,27.2071],[85.3957,27.2101],[85.3995,27.2059],[85.3995,27.1974],[85.4115,27.1967],[85.4205,27.1898],[85.4289,27.1928],[85.4388,27.187],[85.4504,27.1865],[85.4517,27.1802],[85.4556,27.1774],[85.4552,27.1681],[85.4595,27.1658],[85.469,27.1659],[85.4748,27.1615],[85.4885,27.1641],[85.4963,27.1696],[85.4974,27.1734],[85.5032,27.1755],[85.5057,27.1723],[85.5018,27.1674],[85.5062,27.1631],[85.4954,27.1619],[85.4918,27.1543],[85.4985,27.1457],[85.5033,27.1432],[85.5304,27.1401],[85.5389,27.1485],[85.5482,27.1436],[85.5491,27.1403],[85.5539,27.1402],[85.5516,27.142],[85.552,27.1454],[85.5558,27.1465],[85.5613,27.1436],[85.5712,27.1432],[85.5732,27.1368],[85.583,27.1436],[85.597,27.1403],[85.6023,27.1433],[85.6073,27.1393],[85.6151,27.1414],[85.6224,27.1385],[85.6251,27.1404],[85.632,27.1371],[85.6357,27.141],[85.6491,27.1443],[85.6528,27.1503],[85.6584,27.1521],[85.6583,27.1548],[85.6647,27.1559],[85.6734,27.1662],[85.684,27.169],[85.6882,27.1761],[85.6924,27.1775],[85.6972,27.1838],[85.7012,27.186],[85.706,27.1845],[85.7191,27.1875],[85.7259,27.1949],[85.7455,27.1872],[85.7498,27.188],[85.7717,27.1819],[85.775,27.1785],[85.7904,27.1735],[85.7955,27.1684],[85.8116,27.1613],[85.8182,27.161],[85.8276,27.1681],[85.833,27.1669],[85.8459,27.1596],[85.8421,27.1523],[85.8371,27.1496],[85.8381,27.1466],[85.856,27.1376],[85.8643,27.1271],[85.8853,27.1461],[85.9164,27.1294],[85.9403,27.1212],[85.9382,27.1099],[85.9464,27.0918],[85.9533,27.0875],[85.9523,27.0837],[85.9578,27.084],[85.9643,27.0795],[85.9655,27.0729],[85.9684,27.0727],[85.9732,27.0506],[85.9938,27.0246],[86.0145,27.0184],[86.0499,27.0211],[86.0511,27.0188],[86.0576,27.0179],[86.089,27.0189],[86.1024,27.017],[86.1427,26.999],[86.1897,26.9822],[86.1896,26.9771],[86.1939,26.9782],[86.1949,26.9747],[86.201,26.9702],[86.2126,26.9652],[86.2208,26.9574],[86.2211,26.954],[86.2235,26.9548],[86.2301,26.9488],[86.2369,26.9499],[86.2432,26.94],[86.2578,26.9321],[86.2603,26.928],[86.2592,26.9229],[86.2618,26.9149],[86.2562,26.911],[86.2486,26.9148],[86.2443,26.9053],[86.24,26.9033],[86.2266,26.9035],[86.2245,26.8999],[86.2264,26.8918],[86.2248,26.8886],[86.2201,26.8903],[86.2183,26.8959],[86.206,26.8997],[86.2023,26.9052],[86.1943,26.9039],[86.1892,26.9061],[86.1734,26.9196],[86.1609,26.9257],[86.1598,26.9296],[86.1583,26.9186],[86.1631,26.914],[86.1709,26.9133],[86.1803,26.9001],[86.1879,26.8997],[86.1894,26.8943],[86.1969,26.8937],[86.2025,26.8888],[86.2298,26.8803],[86.2446,26.8651],[86.2493,26.8635],[86.2593,26.8724],[86.2706,26.8778],[86.2736,26.8822],[86.2899,26.8864],[86.301,26.8855],[86.3096,26.8814],[86.3128,26.8824],[86.3164,26.8787],[86.3432,26.8798],[86.3684,26.8722],[86.3721,26.8752],[86.3717,26.8796],[86.3763,26.8832],[86.3794,26.8968],[86.3847,26.9012],[86.3851,26.908],[86.3873,26.9091],[86.3916,26.9076],[86.4058,26.9095],[86.4098,26.9068],[86.4209,26.906],[86.4473,26.8913],[86.4595,26.887],[86.4819,26.8882],[86.4798,26.8826],[86.4835,26.8749],[86.4823,26.8707],[86.4904,26.8691],[86.4985,26.8563],[86.507,26.8559],[86.5078,26.8479],[86.5141,26.8462],[86.5149,26.8401],[86.5201,26.8429],[86.5232,26.8345],[86.522,26.8312],[86.5396,26.8312],[86.5421,26.8351],[86.5491,26.8364],[86.5542,26.8351],[86.5539,26.8313],[86.5569,26.8306],[86.554,26.8241],[86.5559,26.8145],[86.5472,26.8059],[86.5483,26.8031],[86.543,26.7979],[86.538,26.7999],[86.5381,26.7955],[86.5325,26.7909],[86.5369,26.7869],[86.5406,26.7874],[86.5387,26.784],[86.541,26.7827],[86.5456,26.7839],[86.5506,26.7816],[86.552,26.7849],[86.56,26.7899],[86.5663,26.7907],[86.569,26.7806],[86.5739,26.7843],[86.5803,26.7841],[86.5796,26.7754],[86.5751,26.7679],[86.5712,26.7677],[86.5555,26.7458],[86.5763,26.7392],[86.5741,26.7331],[86.5745,26.7219],[86.5857,26.7118],[86.5836,26.7078],[86.5892,26.6959],[86.6001,26.6969],[86.604,26.6996],[86.6077,26.6923],[86.6132,26.6887],[86.6187,26.6948],[86.6297,26.6896],[86.6306,26.694],[86.6336,26.6943],[86.6362,26.6982],[86.6441,26.6979],[86.6519,26.6894],[86.659,26.6912],[86.6673,26.7041],[86.6714,26.7012],[86.6731,26.6931],[86.6872,26.6877],[86.6936,26.6893],[86.7007,26.6977],[86.7052,26.699],[86.7087,26.7068],[86.7207,26.7065],[86.7248,26.7093],[86.7394,26.712],[86.7489,26.6968],[86.7556,26.6949],[86.7556,26.6859],[86.7621,26.6949],[86.7671,26.6949],[86.7782,26.7023],[86.7838,26.7013],[86.8024,26.7123],[86.8087,26.7124],[86.8108,26.7086],[86.8167,26.7074],[86.8263,26.714],[86.84,26.7095],[86.8441,26.6961],[86.8429,26.6914],[86.8445,26.6902],[86.8486,26.6934],[86.8507,26.6909],[86.8536,26.6929],[86.8532,26.6961],[86.8609,26.6976],[86.864,26.7014],[86.8681,26.7003],[86.869,26.7096],[86.8737,26.7128],[86.8875,26.7118],[86.8916,26.7194],[86.9002,26.7254],[86.9035,26.7313],[86.9065,26.7317],[86.9059,26.7356],[86.9089,26.7354],[86.9095,26.7384],[86.9136,26.7396],[86.9109,26.7485],[86.9111,26.7589],[86.9245,26.766],[86.9303,26.7581],[86.9272,26.7496],[86.935,26.7404],[86.9513,26.7318],[86.9694,26.7354],[86.9763,26.7205],[86.9849,26.7151],[86.9866,26.7037],[86.993,26.6978],[86.9937,26.7025],[86.9983,26.7027],[87.0033,26.71],[87.0068,26.7083],[87.0125,26.7103],[87.017,26.6899],[87.0132,26.6837],[87.0159,26.6707],[87.0087,26.666],[87.0041,26.6551],[86.9974,26.6537],[86.994,26.6498],[86.9912,26.636],[86.9872,26.6324],[86.9879,26.6286],[86.9813,26.6249],[86.9919,26.6056],[86.985,26.586],[86.9942,26.5759],[86.9948,26.5717],[86.9763,26.5577],[86.9661,26.5442],[86.9593,26.5423],[86.9533,26.5369],[86.9361,26.5334],[86.9289,26.5262],[86.9192,26.5121],[86.9187,26.5011],[86.9132,26.4987],[86.9065,26.488],[86.8941,26.4858],[86.8926,26.4814],[86.8959,26.476],[86.8964,26.4617],[86.887,26.461],[86.8817,26.4567],[86.8776,26.4573],[86.8783,26.4551],[86.8754,26.4537],[86.8639,26.4574],[86.8585,26.4482],[86.8483,26.4479],[86.8493,26.4416],[86.847,26.4423],[86.845,26.4398],[86.8404,26.4422],[86.8359,26.4387],[86.7687,26.459],[86.765,26.4555],[86.7665,26.4509],[86.7628,26.4512],[86.7627,26.4478],[86.756,26.4461],[86.7555,26.4417],[86.7464,26.4346],[86.7495,26.4333],[86.7496,26.4284],[86.7431,26.4242],[86.7404,26.4254],[86.7395,26.423],[86.7352,26.4241],[86.7321,26.4221],[86.7329,26.4256],[86.7289,26.4246],[86.7225,26.4345],[86.7022,26.437],[86.6959,26.4508],[86.6424,26.463],[86.6401,26.4659],[86.636,26.4641],[86.6326,26.4683],[86.6323,26.4663],[86.6298,26.4667],[86.6324,26.4691],[86.6288,26.4687],[86.6285,26.4711],[86.6319,26.4775],[86.6303,26.4786],[86.6294,26.4767],[86.6284,26.4804],[86.6241,26.4813],[86.6234,26.4839],[86.5723,26.4964],[86.5667,26.5008],[86.5638,26.5093],[86.557,26.5158],[86.5577,26.5217],[86.5533,26.5243],[86.5528,26.5302],[86.5442,26.5382],[86.5262,26.5432],[86.5181,26.5389],[86.5002,26.5418],[86.4579,26.5678],[86.4328,26.5726],[86.3973,26.5848],[86.3993,26.5932],[86.3594,26.6038],[86.3433,26.6057],[86.3413,26.6082],[86.3472,26.6164],[86.3349,26.6188],[86.3102,26.6197],[86.2952,26.6129],[86.2784,26.617],[86.2556,26.6145],[86.2545,26.6168],[86.2501,26.612],[86.2507,26.6083],[86.2462,26.608],[86.2456,26.6025],[86.2425,26.6031],[86.2371,26.5979],[86.2368,26.5905],[86.2337,26.5928],[86.2196,26.5881],[86.2075,26.5964],[86.2039,26.5941],[86.203,26.5969],[86.1997,26.5929],[86.198,26.5941],[86.1979,26.6074],[86.1925,26.6115],[86.1963,26.6115],[86.1946,26.6144],[86.1762,26.6136],[86.1739,26.6168],[86.17,26.614],[86.1632,26.6144],[86.1574,26.6096],[86.1481,26.6084],[86.1448,26.6047],[86.1384,26.6062],[86.1433,26.6163],[86.1407,26.6287],[86.1217,26.6297],[86.0763,26.6494],[86.0703,26.6576],[86.0293,26.6664],[86.0211,26.6608],[86.0142,26.6593],[86.0121,26.6536],[86.0082,26.656],[86.0021,26.6546],[85.9782,26.6579],[85.9699,26.6516],[85.9628,26.6512],[85.9556,26.6436],[85.9548,26.6371],[85.9579,26.6303],[85.9539,26.624],[85.9485,26.6209],[85.9503,26.6132],[85.9426,26.6129],[85.9403,26.6159],[85.935,26.6132],[85.9308,26.6162],[85.9295,26.6093],[85.9162,26.6086],[85.9154,26.6042],[85.9027,26.6001],[85.903,26.5947],[85.894,26.5941],[85.8901,26.5829],[85.8818,26.5835],[85.8755,26.5786],[85.873,26.5794],[85.8705,26.5746],[85.8608,26.5686],[85.8584,26.5717],[85.8516,26.5685],[85.8506,26.5766],[85.8601,26.5895],[85.8533,26.6082],[85.8335,26.611],[85.8329,26.6013],[85.8198,26.6024],[85.8056,26.6146],[85.8037,26.624],[85.7716,26.6296],[85.762,26.6359],[85.7506,26.6386],[85.7391,26.6503],[85.7365,26.6502],[85.7375,26.6524],[85.7345,26.6552],[85.7373,26.6574],[85.7387,26.6638],[85.7323,26.6653],[85.7331,26.6671],[85.7277,26.6701],[85.7288,26.6736],[85.7258,26.6738],[85.7277,26.6849],[85.7256,26.6869],[85.7276,26.6947],[85.7258,26.6995],[85.7287,26.7059],[85.7272,26.7095],[85.7302,26.7175],[85.7282,26.7206],[85.7318,26.7249],[85.7305,26.7294],[85.7337,26.7303],[85.7321,26.7343],[85.7364,26.7371],[85.731,26.7497],[85.7374,26.7777],[85.7367,26.7956],[85.7308,26.8025],[85.731,26.8078],[85.723,26.8203],[85.7066,26.8319],[85.6817,26.8434],[85.6446,26.853],[85.6367,26.8719],[85.6257,26.8733],[85.6092,26.857],[85.5874,26.8469],[85.5886,26.8523],[85.586,26.8579],[85.5804,26.8561],[85.5804,26.8593],[85.5776,26.8608],[85.568,26.8407],[85.5599,26.8437],[85.5557,26.834],[85.5452,26.8381],[85.5221,26.8141],[85.5097,26.8165],[85.5,26.8118],[85.4981,26.7967],[85.4821,26.8021],[85.4793,26.7917],[85.4665,26.7886],[85.4559,26.7812],[85.4351,26.7898],[85.4317,26.7861],[85.4277,26.7856],[85.4201,26.7901],[85.41,26.791],[85.3992,26.7776],[85.3865,26.7739],[85.3775,26.7604],[85.3721,26.7579],[85.3638,26.7628],[85.3575,26.76],[85.3368,26.7412],[85.3253,26.7445],[85.3213,26.7488],[85.3089,26.7519],[85.2625,26.7549],[85.2425,26.7616],[85.2337,26.762],[85.214,26.7576],[85.1993,26.7697],[85.1939,26.7815],[85.197,26.7841],[85.1956,26.7903],[85.1888,26.7906],[85.1891,26.7948],[85.1829,26.7951],[85.1816,26.7978],[85.1847,26.8006],[85.179,26.8094],[85.1792,26.8149],[85.1934,26.8309],[85.1951,26.8627],[85.1921,26.8698],[85.1695,26.8682],[85.1422,26.8709],[85.1364,26.8675],[85.1134,26.8722],[85.1017,26.8708],[85.0983,26.8668],[85.0925,26.8688],[85.0889,26.8671],[85.0879,26.8643],[85.0916,26.8593],[85.0866,26.8552],[85.0894,26.8526],[85.0805,26.8585],[85.0804,26.8555],[85.0687,26.8537],[85.0662,26.8494],[85.0638,26.8536],[85.0669,26.8566],[85.0645,26.8576],[85.063,26.8536],[85.0598,26.8557],[85.0596,26.8489],[85.0242,26.8546],[85.031,26.859],[85.0288,26.8662],[85.0324,26.8674],[85.0301,26.8704],[85.0315,26.875],[85.0383,26.8748],[85.0397,26.8778],[85.0439,26.8743],[85.0453,26.8794],[85.0481,26.8783],[85.0547,26.8814],[85.0506,26.8849],[85.0529,26.8829],[85.056,26.8845],[85.0574,26.8812],[85.0624,26.8867],[85.0604,26.885],[85.054,26.8859],[85.0554,26.8888],[85.0061,26.8948],[84.9949,26.9026],[84.998,26.9064],[85.0044,26.9031],[85.0017,26.9119],[84.9699,26.9159],[84.9729,26.9168],[84.9741,26.9217],[84.9716,26.9247],[84.9741,26.9259],[84.9725,26.9289],[84.9788,26.9318],[84.9804,26.9356],[84.977,26.9393],[84.9805,26.94],[84.9645,26.9602],[84.9555,26.9595],[84.9324,26.9683],[84.9127,26.9676],[84.9016,26.9696],[84.8982,26.9727],[84.8933,26.9697],[84.8908,26.9772],[84.8669,26.9839],[84.8612,26.9889],[84.858,26.9865],[84.8595,26.9904],[84.8571,26.9926],[84.8599,26.9923],[84.86,26.9974],[84.8523,26.998],[84.8569,27.008],[84.8278,27.0207],[84.8189,27.0205],[84.8156,27.0179],[84.8139,27.0203],[84.8146,27.0156],[84.8112,27.018],[84.8091,27.0144],[84.8131,27.0136],[84.8119,27.0106],[84.8089,27.0103],[84.8105,27.0075],[84.8035,27.0041],[84.8023,27.0004],[84.7993,27.0039],[84.7957,26.9955],[84.7927,26.9971],[84.7931,26.9994],[84.7917,26.9969],[84.7885,26.9983],[84.791,27.0087],[84.788,27.0107],[84.7864,27.0078],[84.7848,27.0139],[84.7752,27.0176],[84.7672,27.013],[84.7627,27.0049],[84.7588,27.0026],[84.7319,27.0147],[84.7234,27.0141],[84.7162,27.0212],[84.7118,27.0212],[84.7036,27.0268],[84.6841,27.0313],[84.6449,27.0462],[84.6453,27.0507],[84.6485,27.0511],[84.6479,27.0584],[84.6451,27.0594],[84.6475,27.0637],[84.6456,27.0657],[84.6496,27.0709],[84.6485,27.0753],[84.651,27.0745],[84.6519,27.0771],[84.6552,27.0774],[84.6552,27.0805],[84.6604,27.0793],[84.6561,27.082],[84.6573,27.0841],[84.66,27.0823],[84.667,27.0861],[84.6654,27.089],[84.6682,27.0874],[84.6687,27.0903],[84.6725,27.0907],[84.6666,27.0923],[84.6669,27.0944],[84.6697,27.0933],[84.6721,27.0979],[84.6769,27.0965],[84.677,27.1085],[84.673,27.107],[84.672,27.1099],[84.6748,27.1138],[84.6791,27.1149],[84.6775,27.1225],[84.6811,27.1272],[84.6814,27.1323],[84.6795,27.1331],[84.6857,27.1432],[84.6853,27.1501],[84.6825,27.1518],[84.6889,27.1583],[84.6791,27.1623],[84.6795,27.1662],[84.6831,27.1686],[84.6774,27.1707],[84.6859,27.1777],[84.6837,27.1798],[84.6875,27.1803],[84.6859,27.1841],[84.6835,27.1832],[84.6837,27.1856],[84.6814,27.1854],[84.6857,27.1959],[84.6827,27.2004],[84.6894,27.2087],[84.6868,27.2127],[84.6931,27.2148],[84.6918,27.2231],[84.6874,27.2262],[84.6841,27.2364],[84.6452,27.306],[84.6245,27.3361],[84.6202,27.3376],[84.6099,27.3352],[84.5679,27.3472],[84.5357,27.3499],[84.4922,27.3572],[84.488,27.3583],[84.486,27.3648],[84.4901,27.3713],[84.4977,27.3765],[84.5039,27.3763],[84.5062,27.3809],[84.522,27.3838],[84.5326,27.3808],[84.5346,27.3837],[84.5418,27.3856],[84.538,27.3912],[84.5367,27.401],[84.5396,27.4036],[84.5489,27.4041],[84.5484,27.4079],[84.5346,27.4142],[84.5439,27.4192],[84.5505,27.4178],[84.55,27.4265],[84.5538,27.4375],[84.5584,27.4421],[84.5599,27.4586],[84.5638,27.4628],[84.5674,27.4629]]]}},{"type":"Feature","properties":{"province":3,"provinceName":"Bagmati","pcode":"NP-3"},"geometry":{"type":"Polygon","coordinates":[[[85.7143,28.3857],[85.7186,28.3769],[85.7267,28.3729],[85.7212,28.3671],[85.7223,28.3593],[85.7244,28.3535],[85.7286,28.3505],[85.7308,28.3424],[85.7346,28.3391],[85.7299,28.3286],[85.7374,28.3242],[85.7396,28.3191],[85.7387,28.2992],[85.7354,28.2911],[85.7405,28.2845],[85.7418,28.2759],[85.7453,28.2715],[85.7453,28.2567],[85.7507,28.2489],[85.7512,28.238],[85.7566,28.2347],[85.7593,28.2287],[85.7663,28.2271],[85.7764,28.2179],[85.7787,28.2084],[85.7845,28.2083],[85.8023,28.1962],[85.818,28.2031],[85.8204,28.1937],[85.8313,28.1848],[85.8508,28.1839],[85.8536,28.167],[85.8617,28.1611],[85.8641,28.1511],[85.8743,28.1442],[85.8716,28.1352],[85.8725,28.1235],[85.8799,28.1176],[85.8912,28.1164],[85.9004,28.1088],[85.9014,28.0978],[85.9056,28.089],[85.903,28.078],[85.8987,28.0741],[85.899,28.0672],[85.9031,28.0614],[85.9032,28.0537],[85.9172,28.0491],[85.9382,28.0239],[85.9442,28.0229],[85.9562,28.0143],[85.9668,28.0019],[85.9763,28.001],[85.9795,27.9965],[85.9806,27.9877],[85.9625,27.968],[85.9602,27.9565],[85.9506,27.9418],[85.9699,27.9323],[85.9907,27.9174],[86.0038,27.9109],[86.0161,27.9149],[86.0255,27.9074],[86.042,27.9039],[86.0497,27.9063],[86.0674,27.8995],[86.0718,27.9054],[86.0689,27.9108],[86.0774,27.9106],[86.0928,27.9198],[86.1064,27.9246],[86.1263,27.9274],[86.1286,27.9335],[86.126,27.9414],[86.1177,27.9453],[86.1095,27.9556],[86.1118,27.9612],[86.1059,27.984],[86.0982,27.9986],[86.0844,28.0137],[86.0817,28.0201],[86.0928,28.033],[86.0898,28.0402],[86.0914,28.043],[86.0899,28.0491],[86.092,28.0574],[86.0972,28.0612],[86.0888,28.0766],[86.0851,28.0907],[86.0945,28.0976],[86.1065,28.0928],[86.1202,28.0912],[86.1326,28.0999],[86.1352,28.1058],[86.1347,28.1164],[86.1429,28.1175],[86.145,28.1264],[86.1547,28.1302],[86.1626,28.1378],[86.1679,28.1377],[86.1805,28.1433],[86.1813,28.1491],[86.1782,28.1546],[86.1788,28.161],[86.1762,28.168],[86.1891,28.1739],[86.195,28.1665],[86.1945,28.1602],[86.1997,28.1561],[86.1979,28.1511],[86.1996,28.138],[86.2085,28.1321],[86.2222,28.1114],[86.2209,28.1088],[86.2249,28.0955],[86.2112,28.0948],[86.2065,28.0843],[86.212,28.0721],[86.2142,28.0588],[86.2193,28.0509],[86.2178,28.0461],[86.22,28.04],[86.2272,28.0328],[86.2276,28.0284],[86.2233,28.0226],[86.2224,28.0098],[86.2288,27.9813],[86.2358,27.9738],[86.2514,27.9748],[86.2688,27.9802],[86.2834,27.9769],[86.2916,27.978],[86.299,27.9728],[86.3021,27.9674],[86.302,27.961],[86.3064,27.9553],[86.3098,27.956],[86.3151,27.9497],[86.3212,27.9476],[86.3377,27.9648],[86.3379,27.9598],[86.3419,27.9533],[86.34,27.9492],[86.3503,27.9373],[86.3607,27.9412],[86.3837,27.9376],[86.3933,27.9256],[86.3995,27.9239],[86.4078,27.9164],[86.4132,27.9063],[86.4316,27.9093],[86.4449,27.9055],[86.4484,27.912],[86.458,27.9148],[86.4619,27.9221],[86.4723,27.9298],[86.4724,27.9346],[86.4688,27.9411],[86.4718,27.9459],[86.4959,27.9522],[86.5001,27.957],[86.518,27.9564],[86.5246,27.9397],[86.5361,27.9419],[86.5511,27.9286],[86.5522,27.9189],[86.5571,27.9077],[86.5541,27.8981],[86.557,27.8853],[86.5534,27.8759],[86.5569,27.8608],[86.5426,27.8157],[86.5448,27.8109],[86.5695,27.8037],[86.568,27.7993],[86.5712,27.7951],[86.5712,27.7908],[86.5681,27.7855],[86.5664,27.7693],[86.5685,27.7623],[86.5752,27.7543],[86.5653,27.7491],[86.5657,27.7447],[86.5607,27.7382],[86.5594,27.7285],[86.5537,27.7173],[86.5534,27.7106],[86.5427,27.7013],[86.5432,27.6925],[86.539,27.6783],[86.5408,27.6708],[86.5354,27.6625],[86.5295,27.6599],[86.5312,27.6553],[86.5286,27.6501],[86.52,27.6467],[86.5159,27.6478],[86.5138,27.6422],[86.5094,27.6399],[86.5023,27.6201],[86.4979,27.6186],[86.4949,27.6135],[86.4865,27.617],[86.4721,27.6168],[86.4372,27.61],[86.4326,27.604],[86.4229,27.5988],[86.4164,27.5869],[86.4009,27.5832],[86.3906,27.5725],[86.379,27.5681],[86.3716,27.5579],[86.3722,27.5497],[86.3609,27.5395],[86.36,27.5293],[86.3573,27.5246],[86.3407,27.5198],[86.3356,27.5106],[86.3286,27.5048],[86.327,27.4994],[86.3218,27.4985],[86.3078,27.4826],[86.2974,27.4787],[86.2942,27.4699],[86.2661,27.4559],[86.2566,27.4407],[86.2587,27.4362],[86.2536,27.4322],[86.2544,27.4283],[86.2503,27.4242],[86.2506,27.4203],[86.2443,27.4187],[86.2397,27.4094],[86.2369,27.4081],[86.2387,27.4043],[86.2301,27.3976],[86.2282,27.3839],[86.2244,27.3818],[86.2272,27.371],[86.2214,27.3619],[86.2242,27.3597],[86.2195,27.353],[86.2204,27.3367],[86.218,27.3333],[86.2196,27.3281],[86.2247,27.327],[86.222,27.3219],[86.2313,27.3196],[86.2313,27.3153],[86.2337,27.3143],[86.236,27.3074],[86.2396,27.3058],[86.2378,27.2959],[86.243,27.2885],[86.2364,27.2852],[86.2291,27.2773],[86.2259,27.2771],[86.2254,27.274],[86.2213,27.2724],[86.2186,27.2677],[86.216,27.2684],[86.2135,27.2606],[86.2071,27.2547],[86.2075,27.2501],[86.2059,27.25],[86.2239,27.2396],[86.2325,27.2371],[86.2416,27.2407],[86.2456,27.2469],[86.2552,27.25],[86.2598,27.2578],[86.2639,27.2572],[86.2687,27.2608],[86.269,27.2533],[86.278,27.2507],[86.2837,27.2456],[86.2903,27.2454],[86.2973,27.2381],[86.3085,27.2369],[86.3114,27.233],[86.3183,27.2311],[86.3434,27.2287],[86.3455,27.2194],[86.3423,27.21],[86.3459,27.2025],[86.3605,27.2011],[86.3711,27.1922],[86.3814,27.193],[86.3866,27.1821],[86.3922,27.1796],[86.3869,27.1759],[86.3873,27.1731],[86.3805,27.1652],[86.3815,27.1637],[86.3761,27.1587],[86.3761,27.1546],[86.3728,27.1507],[86.3767,27.1476],[86.3724,27.1462],[86.3703,27.1403],[86.3659,27.1418],[86.3615,27.1391],[86.3579,27.143],[86.3474,27.1435],[86.3454,27.147],[86.3433,27.1406],[86.339,27.1377],[86.3403,27.1335],[86.3375,27.1338],[86.3366,27.1302],[86.339,27.1262],[86.3369,27.1259],[86.3286,27.1106],[86.3088,27.1086],[86.3136,27.1026],[86.3255,27.0988],[86.3345,27.0995],[86.3436,27.1062],[86.3573,27.104],[86.3585,27.0998],[86.365,27.0992],[86.3594,27.0939],[86.3607,27.0837],[86.3576,27.0811],[86.3559,27.0762],[86.3576,27.075],[86.3539,27.0735],[86.3532,27.0695],[86.3494,27.0702],[86.3484,27.0659],[86.35,27.0642],[86.3532,27.0665],[86.3535,27.0613],[86.3657,27.0537],[86.3664,27.0423],[86.3696,27.037],[86.3809,27.0347],[86.385,27.0308],[86.3817,27.0311],[86.382,27.0288],[86.3764,27.023],[86.3778,27.0203],[86.3744,27.0153],[86.3765,27.007],[86.3755,27.0032],[86.369,27],[86.3706,26.9951],[86.3675,26.9796],[86.3554,26.9643],[86.3164,26.9629],[86.2989,26.952],[86.2858,26.9488],[86.2805,26.9341],[86.2654,26.9268],[86.262,26.9188],[86.2596,26.9212],[86.2603,26.928],[86.2578,26.9321],[86.2432,26.94],[86.2369,26.9499],[86.229,26.9492],[86.224,26.9545],[86.2211,26.954],[86.2208,26.9574],[86.2126,26.9652],[86.201,26.9702],[86.1949,26.9747],[86.1939,26.9782],[86.1896,26.9771],[86.1899,26.9821],[86.1427,26.999],[86.1082,27.0151],[86.0915,27.0188],[86.0576,27.0179],[86.0511,27.0188],[86.0499,27.0211],[86.0145,27.0184],[85.9938,27.0246],[85.9732,27.0506],[85.9684,27.0727],[85.9655,27.0729],[85.9643,27.0795],[85.9578,27.084],[85.9523,27.0837],[85.9533,27.0875],[85.9464,27.0918],[85.9382,27.1099],[85.9403,27.1212],[85.9164,27.1294],[85.8853,27.1461],[85.8648,27.1269],[85.8571,27.1338],[85.856,27.1376],[85.8381,27.1466],[85.8371,27.1496],[85.8421,27.1523],[85.8459,27.1596],[85.833,27.1669],[85.8276,27.1681],[85.8182,27.161],[85.8116,27.1613],[85.7955,27.1684],[85.7904,27.1735],[85.775,27.1785],[85.7717,27.1819],[85.7498,27.188],[85.7455,27.1872],[85.727,27.1948],[85.7191,27.1875],[85.706,27.1845],[85.7012,27.186],[85.6972,27.1838],[85.6924,27.1775],[85.6882,27.1761],[85.684,27.169],[85.6734,27.1662],[85.6647,27.1559],[85.6583,27.1548],[85.6584,27.1521],[85.6528,27.1503],[85.6491,27.1443],[85.6357,27.141],[85.632,27.1371],[85.6251,27.1404],[85.6224,27.1385],[85.6151,27.1414],[85.6073,27.1393],[85.6023,27.1433],[85.597,27.1403],[85.583,27.1436],[85.5732,27.1368],[85.5712,27.1432],[85.5613,27.1436],[85.5558,27.1465],[85.552,27.1454],[85.5516,27.142],[85.5539,27.1402],[85.5491,27.1403],[85.5482,27.1436],[85.5389,27.1485],[85.5304,27.1401],[85.5029,27.1433],[85.4918,27.1543],[85.4954,27.1619],[85.5062,27.1631],[85.5018,27.1674],[85.5057,27.1723],[85.5032,27.1755],[85.4974,27.1734],[85.4963,27.1696],[85.4885,27.1641],[85.4748,27.1615],[85.469,27.1659],[85.4595,27.1658],[85.4552,27.1681],[85.4556,27.1774],[85.4517,27.1802],[85.4504,27.1865],[85.4388,27.187],[85.4289,27.1928],[85.4205,27.1898],[85.4115,27.1967],[85.3995,27.1974],[85.3995,27.2059],[85.3957,27.2101],[85.3874,27.2071],[85.3788,27.2118],[85.3751,27.2097],[85.3648,27.2125],[85.3619,27.2105],[85.351,27.2219],[85.3399,27.2195],[85.3093,27.2316],[85.3063,27.2296],[85.2953,27.2326],[85.2827,27.2309],[85.2818,27.2285],[85.2742,27.229],[85.2691,27.2259],[85.2635,27.2265],[85.2592,27.2304],[85.2603,27.2339],[85.2556,27.238],[85.2538,27.2447],[85.2447,27.2485],[85.2389,27.2474],[85.2338,27.2431],[85.2269,27.2452],[85.2222,27.2437],[85.2174,27.2465],[85.2114,27.2449],[85.2047,27.25],[85.1993,27.2453],[85.1951,27.2448],[85.1804,27.2487],[85.1832,27.2543],[85.1745,27.2541],[85.1695,27.2601],[85.1582,27.2618],[85.1475,27.2727],[85.147,27.2827],[85.1416,27.2854],[85.139,27.2899],[85.1286,27.2926],[85.1277,27.3009],[85.1231,27.3019],[85.119,27.3176],[85.1061,27.32],[85.0967,27.3331],[85.0936,27.3563],[85.0888,27.3609],[85.0727,27.3641],[85.0695,27.3601],[85.0677,27.3624],[85.0637,27.3602],[85.0584,27.3654],[85.0387,27.3571],[85.0342,27.3603],[85.0268,27.3584],[85.0232,27.3565],[85.0237,27.3518],[85.0154,27.3551],[85.0062,27.3526],[85.0031,27.3555],[85.0011,27.3653],[84.9905,27.3614],[84.9837,27.3619],[84.9796,27.3558],[84.9745,27.3549],[84.9678,27.3583],[84.9664,27.3634],[84.9589,27.3589],[84.956,27.3612],[84.9586,27.3637],[84.9558,27.3664],[84.9535,27.3667],[84.9516,27.362],[84.9474,27.36],[84.9474,27.3624],[84.9432,27.3629],[84.9431,27.3655],[84.9284,27.3639],[84.9239,27.3704],[84.9163,27.3725],[84.9109,27.3769],[84.903,27.3747],[84.8991,27.3851],[84.8921,27.3891],[84.884,27.3878],[84.8792,27.3973],[84.8539,27.3984],[84.8535,27.4037],[84.8498,27.4084],[84.8359,27.4175],[84.8319,27.416],[84.8278,27.4193],[84.8187,27.419],[84.8123,27.4157],[84.8115,27.4241],[84.802,27.4299],[84.7994,27.435],[84.7931,27.4375],[84.7848,27.4347],[84.7766,27.4386],[84.7575,27.4355],[84.7455,27.4418],[84.7416,27.4402],[84.7367,27.4418],[84.7369,27.444],[84.7282,27.4444],[84.7212,27.431],[84.6928,27.4323],[84.6729,27.4288],[84.6651,27.4294],[84.6639,27.4328],[84.6502,27.4288],[84.6458,27.436],[84.6449,27.4429],[84.6371,27.4442],[84.6304,27.4506],[84.625,27.4495],[84.6241,27.4517],[84.6122,27.4518],[84.609,27.4541],[84.6034,27.4509],[84.5995,27.4542],[84.5932,27.453],[84.5874,27.4562],[84.578,27.4537],[84.5752,27.4586],[84.5638,27.4628],[84.5599,27.4586],[84.5584,27.4421],[84.5538,27.4375],[84.55,27.4265],[84.5505,27.4178],[84.5439,27.4192],[84.5346,27.4142],[84.5484,27.4079],[84.5489,27.4041],[84.5396,27.4036],[84.5367,27.401],[84.538,27.3912],[84.5418,27.3856],[84.5346,27.3837],[84.5326,27.3808],[84.522,27.3838],[84.5062,27.3809],[84.5039,27.3763],[84.4977,27.3765],[84.4899,27.3711],[84.486,27.3659],[84.488,27.3583],[84.4781,27.3623],[84.473,27.3548],[84.4684,27.3564],[84.4667,27.3596],[84.4486,27.3635],[84.4433,27.37],[84.4264,27.3718],[84.4125,27.3683],[84.3985,27.3701],[84.3944,27.3679],[84.3903,27.3719],[84.375,27.3764],[84.3583,27.3732],[84.3347,27.3772],[84.3028,27.3902],[84.297,27.3842],[84.294,27.3847],[84.2846,27.3963],[84.2785,27.3954],[84.2777,27.401],[84.2813,27.4065],[84.2802,27.4157],[84.2757,27.4211],[84.2745,27.4289],[84.2608,27.4385],[84.2616,27.4456],[84.2564,27.4519],[84.2462,27.4545],[84.2413,27.4523],[84.2338,27.4561],[84.223,27.4474],[84.2217,27.4402],[84.2105,27.4425],[84.2087,27.4464],[84.2099,27.4561],[84.206,27.4594],[84.211,27.4652],[84.2079,27.4695],[84.1966,27.4731],[84.1932,27.469],[84.1908,27.4719],[84.1737,27.4755],[84.1734,27.4787],[84.1657,27.4836],[84.151,27.4857],[84.1465,27.4967],[84.1521,27.5007],[84.1504,27.5028],[84.1532,27.5165],[84.148,27.5186],[84.1263,27.5109],[84.1196,27.5135],[84.1191,27.5189],[84.113,27.5192],[84.1107,27.5216],[84.1,27.517],[84.1018,27.5101],[84.0976,27.4894],[84.0853,27.4828],[84.0807,27.4839],[84.076,27.4806],[84.0728,27.4816],[84.0688,27.4695],[84.0606,27.461],[84.0639,27.4557],[84.0568,27.4492],[84.0542,27.4426],[84.0336,27.4414],[84.0333,27.4389],[84.0278,27.4379],[84.0293,27.4334],[84.0244,27.433],[84.0207,27.4359],[84.0179,27.4346],[84.014,27.4387],[84.0113,27.4374],[84.0099,27.4402],[84.0074,27.4395],[84.0076,27.442],[84.0004,27.4404],[83.9983,27.446],[83.9861,27.4437],[83.9795,27.4391],[83.9799,27.4423],[83.9748,27.4418],[83.9682,27.4464],[83.9647,27.4438],[83.948,27.441],[83.9453,27.4433],[83.9457,27.4467],[83.9333,27.4494],[83.941,27.4544],[83.9467,27.4656],[83.9408,27.4913],[83.9656,27.5036],[83.9702,27.508],[83.9716,27.5152],[83.967,27.523],[83.9564,27.5274],[83.9536,27.5269],[83.949,27.5189],[83.944,27.5155],[83.9333,27.5128],[83.9277,27.5145],[83.9238,27.5183],[83.9242,27.5247],[83.9208,27.5328],[83.9218,27.5404],[83.9265,27.5444],[83.9344,27.5451],[83.95,27.5399],[83.9565,27.5428],[83.9598,27.5482],[83.9725,27.5504],[83.9874,27.5437],[84.0076,27.5446],[84.0179,27.539],[84.0333,27.537],[84.0409,27.5403],[84.0461,27.552],[84.0527,27.5563],[84.0665,27.5511],[84.0778,27.5594],[84.1094,27.5515],[84.1168,27.5531],[84.1215,27.5562],[84.1219,27.5599],[84.1277,27.5658],[84.1304,27.5755],[84.1377,27.5847],[84.1664,27.6067],[84.1785,27.6189],[84.2088,27.6386],[84.2513,27.6537],[84.26,27.6509],[84.2734,27.6629],[84.2945,27.6681],[84.3161,27.6801],[84.3251,27.6863],[84.3275,27.6938],[84.3458,27.7021],[84.3524,27.7026],[84.3617,27.6984],[84.3674,27.6882],[84.381,27.6811],[84.4321,27.7048],[84.4333,27.7112],[84.4242,27.7411],[84.4392,27.7426],[84.453,27.7592],[84.4601,27.759],[84.4701,27.7517],[84.4741,27.7539],[84.4695,27.767],[84.4636,27.7728],[84.4529,27.7778],[84.4415,27.7782],[84.4331,27.7873],[84.4343,27.8121],[84.4424,27.8164],[84.4472,27.8227],[84.4671,27.8187],[84.4675,27.8239],[84.4723,27.824],[84.5189,27.8158],[84.5225,27.8211],[84.5241,27.8321],[84.5419,27.8335],[84.5478,27.8315],[84.5573,27.8356],[84.5609,27.8577],[84.5756,27.8612],[84.5795,27.8646],[84.579,27.8704],[84.5827,27.8742],[84.5929,27.8796],[84.5982,27.8761],[84.6054,27.8753],[84.6103,27.8713],[84.6157,27.8727],[84.6171,27.8769],[84.6239,27.8803],[84.6293,27.8775],[84.6307,27.8708],[84.636,27.8687],[84.6372,27.8605],[84.6505,27.8598],[84.6521,27.8583],[84.6491,27.8535],[84.6626,27.8493],[84.6662,27.8404],[84.6633,27.8287],[84.6693,27.8234],[84.6702,27.8183],[84.6872,27.8101],[84.7099,27.8063],[84.7101,27.8023],[84.713,27.8003],[84.7209,27.8035],[84.734,27.7954],[84.7392,27.7988],[84.7407,27.8037],[84.756,27.8062],[84.7588,27.8139],[84.7648,27.818],[84.7712,27.8154],[84.7707,27.8115],[84.7761,27.8082],[84.7841,27.8132],[84.7759,27.824],[84.7753,27.8292],[84.7781,27.8351],[84.7697,27.8436],[84.7702,27.8515],[84.7675,27.8535],[84.7673,27.8591],[84.7582,27.8615],[84.7556,27.8733],[84.7481,27.88],[84.7514,27.8859],[84.7379,27.8926],[84.7398,27.8968],[84.7354,27.9068],[84.7373,27.9152],[84.7342,27.9256],[84.7388,27.9287],[84.7362,27.9333],[84.7416,27.9364],[84.7433,27.9472],[84.7485,27.9543],[84.7481,27.9599],[84.7594,27.9632],[84.7629,27.967],[84.7719,27.9673],[84.7769,27.9712],[84.7734,27.9765],[84.7795,27.9776],[84.7808,27.9812],[84.7863,27.9831],[84.7923,27.9978],[84.7991,27.9979],[84.7996,28.0021],[84.806,28.0002],[84.8135,28.0027],[84.8155,28.0091],[84.8117,28.0166],[84.815,28.0211],[84.8158,28.0282],[84.8117,28.0378],[84.8206,28.0475],[84.823,28.0627],[84.8292,28.0727],[84.834,28.0894],[84.8395,28.0947],[84.8393,28.1039],[84.8447,28.1105],[84.8459,28.1161],[84.8569,28.1224],[84.8612,28.1199],[84.8716,28.1203],[84.8832,28.1126],[84.8875,28.1054],[84.8947,28.0998],[84.9026,28.1065],[84.9203,28.1032],[84.9238,28.1064],[84.9223,28.1149],[84.931,28.1261],[84.9385,28.1263],[84.945,28.1224],[84.9591,28.1265],[84.9605,28.1359],[84.9564,28.1433],[84.9601,28.147],[84.9595,28.1553],[84.963,28.1594],[84.9641,28.1687],[84.9679,28.1743],[84.9672,28.1796],[84.9761,28.1901],[84.9643,28.2125],[84.9714,28.2221],[84.9793,28.2265],[84.9938,28.2445],[85.0009,28.241],[85.0049,28.2478],[85.0033,28.2526],[85.0302,28.2622],[85.034,28.2791],[85.0402,28.2917],[85.0351,28.3032],[85.0434,28.3117],[85.0489,28.3257],[85.0552,28.3268],[85.0706,28.3397],[85.0828,28.3457],[85.0974,28.3445],[85.1102,28.3464],[85.123,28.3356],[85.1309,28.3379],[85.1426,28.3303],[85.1691,28.3314],[85.1841,28.3241],[85.2006,28.3392],[85.2047,28.3405],[85.2437,28.3176],[85.2494,28.303],[85.257,28.2943],[85.2727,28.2972],[85.2758,28.2936],[85.2752,28.2876],[85.2948,28.2873],[85.3004,28.2906],[85.3058,28.2897],[85.3426,28.3038],[85.3505,28.3015],[85.3505,28.2883],[85.3724,28.2856],[85.3778,28.2826],[85.3798,28.2784],[85.3942,28.2883],[85.4004,28.2985],[85.4141,28.3078],[85.4164,28.3159],[85.4154,28.3236],[85.4177,28.3269],[85.4325,28.3301],[85.4396,28.3346],[85.4603,28.3368],[85.4897,28.331],[85.5088,28.3338],[85.5283,28.3281],[85.5501,28.3149],[85.564,28.3096],[85.5782,28.3102],[85.5827,28.3061],[85.5943,28.3085],[85.6029,28.3042],[85.5989,28.2988],[85.6009,28.2812],[85.6059,28.2644],[85.611,28.2567],[85.6377,28.2737],[85.6474,28.2896],[85.663,28.3028],[85.6636,28.3057],[85.6561,28.3173],[85.6667,28.3315],[85.6681,28.3478],[85.6785,28.3505],[85.6885,28.3467],[85.6862,28.3823],[85.6976,28.3855],[85.7143,28.3857]]]}},{"type":"Feature","properties":{"province":4,"provinceName":"Gandaki","pcode":"NP-4"},"geometry":{"type":"Polygon","coordinates":[[[83.9657,29.331],[83.978,29.3286],[84.0009,29.3151],[84.0034,29.3109],[84.002,29.307],[83.9917,29.3033],[83.9899,29.3004],[84.0006,29.2948],[84.013,29.2942],[84.0179,29.2889],[84.0256,29.2891],[84.0286,29.2856],[84.0324,29.2933],[84.046,29.3008],[84.0552,29.2974],[84.0587,29.2902],[84.0656,29.2897],[84.0709,29.2852],[84.0819,29.288],[84.0878,29.2945],[84.0905,29.2945],[84.1017,29.2905],[84.1167,29.2802],[84.1223,29.2797],[84.1196,29.277],[84.124,29.2735],[84.1239,29.2705],[84.1207,29.265],[84.1145,29.263],[84.117,29.2587],[84.1139,29.2535],[84.1158,29.2518],[84.1145,29.2481],[84.1185,29.2441],[84.1301,29.2431],[84.1433,29.2361],[84.1595,29.2417],[84.181,29.2376],[84.184,29.241],[84.1939,29.2441],[84.2032,29.24],[84.2051,29.2366],[84.2007,29.23],[84.1997,29.2207],[84.2019,29.2139],[84.1905,29.2057],[84.1797,29.2067],[84.1665,29.1948],[84.1688,29.1896],[84.1644,29.1852],[84.1714,29.1721],[84.1681,29.1641],[84.1697,29.1574],[84.1755,29.1497],[84.1769,29.1308],[84.2031,29.1239],[84.2038,29.1037],[84.1981,29.099],[84.1976,29.0923],[84.1883,29.0807],[84.1918,29.0469],[84.1986,29.0465],[84.2112,29.0536],[84.2237,29.0534],[84.2381,29.0445],[84.2444,29.0442],[84.25,29.0372],[84.25,29.0126],[84.245,29.0071],[84.2416,28.9973],[84.2432,28.9922],[84.2404,28.9876],[84.244,28.9764],[84.2415,28.969],[84.2375,28.9683],[84.2374,28.9641],[84.2338,28.9602],[84.2226,28.9156],[84.2276,28.9035],[84.228,28.8939],[84.256,28.8902],[84.2604,28.8955],[84.2677,28.8977],[84.274,28.893],[84.2762,28.8866],[84.2861,28.8826],[84.2895,28.8771],[84.3104,28.8694],[84.3178,28.8697],[84.323,28.8674],[84.3258,28.8626],[84.3355,28.8646],[84.3373,28.8685],[84.3453,28.8729],[84.3592,28.8593],[84.3714,28.8608],[84.3774,28.8643],[84.4111,28.8535],[84.4103,28.8437],[84.4015,28.8372],[84.4028,28.8301],[84.4106,28.8286],[84.421,28.8315],[84.4296,28.8235],[84.4375,28.8208],[84.4318,28.8132],[84.4341,28.8017],[84.4475,28.7933],[84.4461,28.7865],[84.4482,28.7831],[84.4387,28.7693],[84.4541,28.7647],[84.4626,28.7512],[84.467,28.752],[84.4774,28.747],[84.4825,28.747],[84.4855,28.7414],[84.494,28.7346],[84.5044,28.7442],[84.5121,28.7451],[84.5169,28.7485],[84.5274,28.7421],[84.5359,28.7453],[84.5426,28.7441],[84.5589,28.7521],[84.5594,28.7469],[84.5695,28.7414],[84.5739,28.7351],[84.5876,28.7344],[84.5945,28.7365],[84.608,28.7333],[84.6175,28.7366],[84.6285,28.7364],[84.6457,28.7251],[84.6467,28.7198],[84.6529,28.7143],[84.6528,28.7023],[84.6637,28.6987],[84.6687,28.6941],[84.6711,28.6899],[84.6705,28.6833],[84.6782,28.6789],[84.6904,28.6787],[84.6986,28.6717],[84.7071,28.671],[84.6994,28.6534],[84.704,28.6473],[84.697,28.6363],[84.716,28.6329],[84.7229,28.6283],[84.7274,28.6205],[84.7394,28.6166],[84.7491,28.6182],[84.7575,28.6134],[84.7829,28.6094],[84.8593,28.5705],[84.8686,28.5812],[84.8883,28.5825],[84.8925,28.5886],[84.9015,28.5898],[84.9032,28.5932],[84.9094,28.588],[84.915,28.5895],[84.9216,28.5951],[84.9471,28.5947],[84.9511,28.58],[84.9859,28.5914],[84.9951,28.5997],[84.9882,28.6052],[84.9909,28.6126],[85.0026,28.6229],[85.0111,28.637],[85.0194,28.6393],[85.0252,28.6488],[85.0331,28.656],[85.0426,28.6579],[85.0434,28.6683],[85.0543,28.6699],[85.0559,28.6803],[85.0606,28.6823],[85.0735,28.6784],[85.0862,28.6708],[85.091,28.6715],[85.0966,28.6782],[85.1171,28.6866],[85.1347,28.6758],[85.1373,28.6664],[85.1479,28.6609],[85.1474,28.6564],[85.1566,28.6486],[85.1594,28.6428],[85.1834,28.6443],[85.1907,28.6411],[85.1873,28.6318],[85.2003,28.6266],[85.1996,28.6207],[85.1912,28.6048],[85.1759,28.5973],[85.1775,28.592],[85.1835,28.5876],[85.1836,28.5791],[85.1938,28.5689],[85.187,28.5612],[85.1912,28.5471],[85.1888,28.5334],[85.1687,28.5323],[85.1684,28.5214],[85.1592,28.5094],[85.1593,28.4978],[85.1551,28.4904],[85.1468,28.4855],[85.1267,28.4877],[85.1207,28.4854],[85.1155,28.4795],[85.1149,28.4712],[85.1017,28.4567],[85.105,28.4477],[85.1167,28.4426],[85.1149,28.4332],[85.1197,28.4156],[85.1181,28.4087],[85.1289,28.3922],[85.1242,28.3858],[85.1241,28.3725],[85.1174,28.367],[85.1102,28.3464],[85.0974,28.3445],[85.0828,28.3457],[85.0696,28.3391],[85.0552,28.3268],[85.0489,28.3257],[85.0434,28.3117],[85.0349,28.3026],[85.0402,28.2917],[85.034,28.2791],[85.0302,28.2622],[85.0033,28.2526],[85.0049,28.2478],[85.0009,28.241],[84.9938,28.2445],[84.9793,28.2265],[84.9669,28.2172],[84.9643,28.2125],[84.9761,28.1901],[84.9672,28.1796],[84.9679,28.1743],[84.9641,28.1687],[84.963,28.1594],[84.9595,28.1553],[84.9601,28.147],[84.9564,28.1433],[84.9605,28.1359],[84.9591,28.1265],[84.945,28.1224],[84.9385,28.1263],[84.931,28.1261],[84.9223,28.1149],[84.9238,28.1064],[84.9203,28.1032],[84.9026,28.1065],[84.8947,28.0998],[84.8875,28.1054],[84.8832,28.1126],[84.8716,28.1203],[84.8612,28.1199],[84.8569,28.1224],[84.8459,28.1161],[84.8447,28.1105],[84.8393,28.1039],[84.8395,28.0947],[84.834,28.0894],[84.8292,28.0727],[84.823,28.0627],[84.8206,28.0475],[84.8117,28.0378],[84.8158,28.0282],[84.815,28.0211],[84.8117,28.0166],[84.8155,28.0091],[84.8135,28.0027],[84.806,28.0002],[84.7996,28.0021],[84.7991,27.9979],[84.7923,27.9978],[84.7863,27.9831],[84.7808,27.9812],[84.7795,27.9776],[84.7734,27.9765],[84.7769,27.9712],[84.7719,27.9673],[84.7629,27.967],[84.7594,27.9632],[84.7481,27.9599],[84.7485,27.9543],[84.7433,27.9472],[84.7416,27.9364],[84.7362,27.9333],[84.7388,27.9287],[84.7342,27.9256],[84.7373,27.9152],[84.7354,27.9068],[84.7398,27.8968],[84.7379,27.8926],[84.7514,27.8859],[84.7481,27.88],[84.7556,27.8733],[84.7582,27.8615],[84.7673,27.8591],[84.7675,27.8535],[84.7702,27.8515],[84.7697,27.8436],[84.7781,27.8351],[84.7753,27.8292],[84.7759,27.824],[84.7846,27.8136],[84.7761,27.8082],[84.7707,27.8115],[84.7712,27.8154],[84.7648,27.818],[84.7588,27.8139],[84.756,27.8062],[84.7407,27.8037],[84.7392,27.7988],[84.734,27.7954],[84.7209,27.8035],[84.713,27.8003],[84.7101,27.8023],[84.7099,27.8063],[84.6872,27.8101],[84.6702,27.8183],[84.6693,27.8234],[84.6633,27.8287],[84.6662,27.8404],[84.6626,27.8493],[84.6491,27.8535],[84.6521,27.8583],[84.6505,27.8598],[84.6372,27.8605],[84.636,27.8687],[84.6307,27.8708],[84.6293,27.8775],[84.6239,27.8803],[84.6171,27.8769],[84.6157,27.8727],[84.6103,27.8713],[84.6054,27.8753],[84.5982,27.8761],[84.5929,27.8796],[84.5827,27.8742],[84.5791,27.8707],[84.5795,27.8646],[84.5756,27.8612],[84.5609,27.8577],[84.5573,27.8356],[84.5478,27.8315],[84.5419,27.8335],[84.5241,27.8321],[84.5225,27.8211],[84.5189,27.8158],[84.4723,27.824],[84.4675,27.8239],[84.4671,27.8187],[84.4472,27.8227],[84.4424,27.8164],[84.4343,27.8121],[84.4331,27.7873],[84.4415,27.7782],[84.4529,27.7778],[84.4636,27.7728],[84.4695,27.767],[84.4741,27.7539],[84.4701,27.7517],[84.4601,27.759],[84.453,27.7592],[84.4392,27.7426],[84.4242,27.7411],[84.4333,27.7112],[84.4321,27.7048],[84.381,27.6811],[84.3674,27.6882],[84.3617,27.6984],[84.3524,27.7026],[84.3458,27.7021],[84.3275,27.6938],[84.3251,27.6863],[84.3161,27.6801],[84.2945,27.6681],[84.2734,27.6629],[84.26,27.6509],[84.2513,27.6537],[84.2088,27.6386],[84.1785,27.6189],[84.1664,27.6067],[84.1377,27.5847],[84.1304,27.5755],[84.1277,27.5658],[84.1219,27.5599],[84.1215,27.5562],[84.1168,27.5531],[84.1094,27.5515],[84.0778,27.5594],[84.0665,27.5511],[84.0527,27.5563],[84.0461,27.552],[84.0409,27.5403],[84.0333,27.537],[84.0179,27.539],[84.0076,27.5446],[83.9874,27.5437],[83.9725,27.5504],[83.9598,27.5482],[83.9565,27.5428],[83.95,27.5399],[83.9344,27.5451],[83.9265,27.5444],[83.9218,27.5404],[83.9208,27.5328],[83.9242,27.5247],[83.9238,27.5183],[83.9277,27.5145],[83.9333,27.5128],[83.944,27.5155],[83.949,27.5189],[83.9536,27.5269],[83.9564,27.5274],[83.9682,27.5218],[83.9715,27.5159],[83.9711,27.5104],[83.9639,27.5024],[83.9408,27.4913],[83.9467,27.4656],[83.9384,27.4516],[83.9155,27.4412],[83.8976,27.4376],[83.8898,27.4463],[83.8892,27.4555],[83.8919,27.4615],[83.8857,27.4639],[83.8887,27.4722],[83.8872,27.4809],[83.8768,27.4891],[83.8857,27.4959],[83.8889,27.4955],[83.8937,27.4991],[83.8998,27.4986],[83.8892,27.5082],[83.8829,27.5075],[83.8778,27.5102],[83.8802,27.5199],[83.8848,27.5231],[83.8845,27.5277],[83.8725,27.5411],[83.8573,27.5483],[83.8527,27.5588],[83.8491,27.5602],[83.8437,27.556],[83.8439,27.549],[83.8382,27.5448],[83.8394,27.5513],[83.8337,27.5655],[83.8436,27.5721],[83.8382,27.5856],[83.8236,27.5925],[83.8102,27.5885],[83.8115,27.5952],[83.8031,27.596],[83.792,27.6062],[83.8017,27.6117],[83.7995,27.6202],[83.8073,27.6207],[83.8031,27.6294],[83.812,27.6354],[83.8124,27.6398],[83.8086,27.6474],[83.812,27.6482],[83.8147,27.6531],[83.8119,27.6553],[83.8139,27.6622],[83.7846,27.6668],[83.7703,27.6664],[83.7648,27.661],[83.7617,27.6627],[83.7603,27.6672],[83.7468,27.6666],[83.7429,27.6695],[83.7352,27.6691],[83.7272,27.6723],[83.7173,27.6625],[83.7101,27.6589],[83.7054,27.662],[83.6974,27.6613],[83.7014,27.6762],[83.7067,27.6826],[83.6918,27.698],[83.6912,27.7089],[83.6852,27.7175],[83.6791,27.7184],[83.6843,27.7207],[83.6972,27.7158],[83.7163,27.7155],[83.7306,27.7089],[83.7344,27.714],[83.7415,27.7148],[83.7532,27.7208],[83.7844,27.7249],[83.8035,27.7211],[83.8225,27.7104],[83.8273,27.7139],[83.8359,27.7138],[83.8483,27.7093],[83.8509,27.7118],[83.8468,27.7155],[83.8462,27.7271],[83.8439,27.7303],[83.847,27.7348],[83.8777,27.733],[83.8788,27.7357],[83.882,27.7333],[83.8859,27.7348],[83.8908,27.73],[83.8985,27.7299],[83.9009,27.7318],[83.9052,27.7305],[83.9066,27.7355],[83.9103,27.734],[83.9087,27.7313],[83.9262,27.7266],[83.9304,27.7341],[83.9525,27.7473],[83.992,27.749],[83.9964,27.7513],[83.9944,27.7534],[83.9949,27.7613],[84.0013,27.7745],[84.0024,27.7884],[84.0145,27.801],[84.0172,27.8115],[84.0222,27.8151],[84.0222,27.8178],[84.0288,27.8203],[84.0271,27.8351],[84.0223,27.8407],[84.0246,27.8483],[84.0306,27.8562],[84.0215,27.8617],[84.0174,27.8579],[84.0237,27.8545],[84.0234,27.851],[84.0024,27.8545],[83.9964,27.8661],[83.9805,27.8659],[83.9736,27.8724],[83.9702,27.8701],[83.9601,27.8728],[83.9509,27.8692],[83.9413,27.8779],[83.9268,27.868],[83.9221,27.8714],[83.9128,27.8725],[83.9159,27.8776],[83.9122,27.8801],[83.8945,27.8859],[83.8829,27.8822],[83.8825,27.8872],[83.8796,27.8882],[83.8632,27.8821],[83.8633,27.8762],[83.8598,27.8732],[83.8538,27.8742],[83.8531,27.8811],[83.8473,27.8814],[83.8457,27.8793],[83.8495,27.8729],[83.8476,27.8683],[83.838,27.8696],[83.823,27.8776],[83.8185,27.8741],[83.8093,27.873],[83.7994,27.8823],[83.7906,27.8853],[83.778,27.9024],[83.7643,27.9098],[83.7582,27.909],[83.7592,27.9029],[83.7528,27.9069],[83.7462,27.9075],[83.7447,27.9042],[83.7496,27.9012],[83.7451,27.8999],[83.7372,27.9043],[83.7356,27.9085],[83.7253,27.9135],[83.721,27.9201],[83.7132,27.9164],[83.7042,27.9183],[83.7002,27.9168],[83.6915,27.9237],[83.6851,27.9162],[83.6816,27.9197],[83.6842,27.9237],[83.6777,27.9273],[83.6679,27.9196],[83.6573,27.9025],[83.6511,27.9022],[83.6468,27.8984],[83.6433,27.9022],[83.6362,27.8992],[83.6335,27.91],[83.6355,27.914],[83.623,27.9175],[83.6285,27.9257],[83.6227,27.9261],[83.6185,27.9304],[83.6132,27.9251],[83.6026,27.9232],[83.595,27.931],[83.5768,27.93],[83.5755,27.9315],[83.5784,27.9373],[83.573,27.9429],[83.568,27.9347],[83.5619,27.9347],[83.5505,27.9279],[83.5399,27.9279],[83.5387,27.9371],[83.533,27.939],[83.5326,27.9319],[83.5261,27.9239],[83.524,27.9251],[83.5244,27.9307],[83.5175,27.9379],[83.5111,27.9406],[83.5049,27.9369],[83.5118,27.9328],[83.5082,27.9286],[83.5,27.9268],[83.4925,27.929],[83.4859,27.9225],[83.47,27.9282],[83.4625,27.9342],[83.455,27.9327],[83.4509,27.9283],[83.4423,27.9325],[83.4423,27.935],[83.4473,27.9386],[83.4455,27.9446],[83.4636,27.9537],[83.469,27.9645],[83.4849,27.9815],[83.5024,27.9767],[83.5132,27.9673],[83.5239,27.9637],[83.5288,27.9663],[83.5331,27.9646],[83.5364,27.9684],[83.5477,27.9708],[83.552,27.9766],[83.5608,27.9735],[83.5705,27.9758],[83.5796,27.9742],[83.5811,27.9792],[83.5872,27.9787],[83.5862,27.9873],[83.5971,27.9901],[83.6053,27.997],[83.607,28.0116],[83.6008,28.015],[83.598,28.021],[83.5932,28.0214],[83.5921,28.0258],[83.5863,28.0259],[83.5805,28.0338],[83.5725,28.0325],[83.5636,28.0356],[83.5661,28.0405],[83.5612,28.0436],[83.566,28.0581],[83.5629,28.064],[83.5695,28.0648],[83.5746,28.0735],[83.5827,28.0774],[83.5784,28.0816],[83.5776,28.0871],[83.5647,28.0926],[83.5671,28.1006],[83.5572,28.1064],[83.5563,28.117],[83.5463,28.1207],[83.534,28.1164],[83.5274,28.1207],[83.5191,28.1213],[83.5124,28.1268],[83.5078,28.1258],[83.5017,28.1173],[83.4881,28.1131],[83.4845,28.1171],[83.4761,28.1189],[83.4803,28.13],[83.4757,28.1322],[83.4639,28.1298],[83.4598,28.1323],[83.4531,28.1262],[83.4483,28.1249],[83.4408,28.1308],[83.4253,28.1251],[83.4218,28.1286],[83.4202,28.137],[83.4156,28.1376],[83.4133,28.1439],[83.3968,28.1557],[83.3925,28.1668],[83.3862,28.1637],[83.3773,28.1743],[83.3726,28.1762],[83.3719,28.1826],[83.3662,28.1862],[83.3647,28.192],[83.3575,28.1973],[83.3402,28.1899],[83.332,28.1889],[83.3185,28.1902],[83.3083,28.1977],[83.2999,28.1927],[83.2895,28.1925],[83.2825,28.1896],[83.2801,28.1909],[83.2759,28.1874],[83.2696,28.1982],[83.2612,28.1999],[83.2538,28.214],[83.2358,28.2217],[83.2353,28.2256],[83.2278,28.2325],[83.2281,28.235],[83.2179,28.2435],[83.2171,28.2486],[83.2076,28.252],[83.2057,28.2558],[83.1918,28.2645],[83.1868,28.2706],[83.1698,28.2578],[83.1637,28.267],[83.1575,28.2707],[83.1371,28.2513],[83.1328,28.25],[83.1297,28.2506],[83.1264,28.2576],[83.1115,28.2516],[83.0955,28.2568],[83.099,28.277],[83.0946,28.2775],[83.0875,28.2887],[83.0808,28.2913],[83.0781,28.2973],[83.0718,28.3013],[83.0689,28.3132],[83.0636,28.3175],[83.0532,28.3188],[83.0467,28.3245],[83.0352,28.3216],[83.0205,28.3254],[83.0149,28.3327],[83.0062,28.3325],[82.996,28.3508],[82.982,28.3593],[82.9691,28.3575],[82.9567,28.36],[82.9587,28.3643],[82.9571,28.3715],[82.9499,28.3786],[82.9524,28.3839],[82.9442,28.3937],[82.9456,28.3983],[82.9398,28.3986],[82.9384,28.402],[82.9181,28.4026],[82.9212,28.409],[82.9205,28.4173],[82.9142,28.4273],[82.9163,28.4341],[82.9026,28.4472],[82.8964,28.4474],[82.8883,28.4523],[82.8889,28.4558],[82.8806,28.4735],[82.8812,28.4762],[82.8881,28.4794],[82.9059,28.4753],[82.9138,28.4783],[82.9137,28.4805],[82.8963,28.4941],[82.8903,28.5065],[82.8793,28.5153],[82.8966,28.5153],[82.9156,28.527],[82.9133,28.5297],[82.9156,28.5554],[82.9182,28.5643],[82.9228,28.5671],[82.9345,28.5657],[82.945,28.558],[82.954,28.5557],[82.957,28.5516],[82.9659,28.55],[82.9758,28.5422],[82.9793,28.5461],[82.9875,28.5639],[82.9874,28.5707],[82.9804,28.5755],[82.9746,28.5751],[82.9642,28.5818],[82.9546,28.598],[82.9584,28.6104],[82.969,28.6153],[82.9789,28.6288],[82.9849,28.6307],[83,28.6234],[83.0211,28.6216],[83.0267,28.6263],[83.0375,28.6256],[83.0448,28.6298],[83.0595,28.62],[83.0828,28.6255],[83.0863,28.6307],[83.0983,28.635],[83.1179,28.6314],[83.1172,28.6434],[83.1252,28.6539],[83.127,28.6639],[83.1212,28.6689],[83.1209,28.6732],[83.1246,28.6766],[83.1351,28.6736],[83.1417,28.6758],[83.1485,28.6819],[83.1443,28.6898],[83.1454,28.6932],[83.1519,28.6957],[83.1545,28.701],[83.1519,28.7043],[83.1529,28.7122],[83.1462,28.7254],[83.1481,28.7307],[83.1446,28.7338],[83.1449,28.7428],[83.1474,28.747],[83.1885,28.7435],[83.2119,28.7318],[83.2313,28.7428],[83.2392,28.7395],[83.2414,28.7348],[83.25,28.7303],[83.2789,28.7218],[83.3006,28.7319],[83.3287,28.738],[83.364,28.734],[83.3764,28.7444],[83.3797,28.7539],[83.3854,28.7564],[83.3905,28.763],[83.4125,28.7605],[83.4385,28.7687],[83.4481,28.7688],[83.4577,28.7732],[83.4632,28.78],[83.4855,28.7828],[83.489,28.7905],[83.4901,28.802],[83.4872,28.8121],[83.4821,28.8171],[83.4817,28.8241],[83.4856,28.8319],[83.4824,28.838],[83.4837,28.8446],[83.4864,28.8457],[83.4945,28.8463],[83.5,28.8425],[83.504,28.8463],[83.5038,28.8509],[83.5082,28.8564],[83.5081,28.8651],[83.5015,28.8771],[83.5092,28.8855],[83.5173,28.8899],[83.5296,28.9038],[83.5307,28.9086],[83.5417,28.9147],[83.5581,28.933],[83.5607,28.9448],[83.5696,28.9436],[83.5769,28.9538],[83.5817,28.9556],[83.5847,28.9612],[83.5837,28.9649],[83.5892,28.9712],[83.5891,28.9772],[83.5941,28.9836],[83.6013,28.9856],[83.6066,28.9801],[83.6113,28.9802],[83.6171,28.9876],[83.6165,28.9986],[83.619,29.0064],[83.614,29.0147],[83.6186,29.0191],[83.6161,29.0226],[83.6175,29.0272],[83.6146,29.036],[83.6211,29.0457],[83.6217,29.0597],[83.6336,29.0629],[83.6316,29.0715],[83.6328,29.081],[83.6182,29.0925],[83.6177,29.0983],[83.6227,29.0978],[83.6309,29.1068],[83.652,29.1044],[83.6546,29.1087],[83.6527,29.1132],[83.6537,29.1195],[83.6627,29.1246],[83.6825,29.1234],[83.6814,29.1316],[83.677,29.137],[83.6779,29.1489],[83.6649,29.1567],[83.6641,29.1649],[83.6682,29.1697],[83.6595,29.1761],[83.6656,29.184],[83.6602,29.1874],[83.6581,29.2041],[83.6771,29.2077],[83.6863,29.2131],[83.7133,29.2445],[83.7239,29.2415],[83.7327,29.2449],[83.7427,29.2454],[83.7642,29.2399],[83.7697,29.2408],[83.7732,29.2468],[83.7802,29.2476],[83.7835,29.2443],[83.7994,29.25],[83.7993,29.2535],[83.8044,29.2563],[83.796,29.2734],[83.7966,29.2774],[83.7994,29.2818],[83.804,29.2818],[83.8099,29.2858],[83.813,29.2908],[83.8101,29.2946],[83.8145,29.2982],[83.8148,29.302],[83.8252,29.3028],[83.8312,29.2983],[83.8371,29.3009],[83.8403,29.2983],[83.8499,29.2975],[83.8563,29.3016],[83.8588,29.3098],[83.8726,29.3123],[83.8895,29.3201],[83.9001,29.3188],[83.9069,29.3257],[83.9224,29.3231],[83.9296,29.3184],[83.9357,29.3197],[83.9432,29.3163],[83.9489,29.3165],[83.9657,29.331]]]}},{"type":"Feature","properties":{"province":5,"provinceName":"Lumbini","pcode":"NP-5"},"geometry":{"type":"Polygon","coordinates":[[[82.6726,28.8523],[82.6804,28.8547],[82.6874,28.8613],[82.6976,28.8646],[82.7066,28.8545],[82.714,28.8514],[82.7257,28.8497],[82.7283,28.8462],[82.738,28.8479],[82.7437,28.8457],[82.75,28.8324],[82.7614,28.8197],[82.7678,28.8085],[82.7837,28.8242],[82.7953,28.8198],[82.8013,28.8206],[82.819,28.8312],[82.8376,28.8316],[82.8457,28.8264],[82.8565,28.8321],[82.8661,28.8318],[82.8695,28.8341],[82.8879,28.826],[82.8948,28.8266],[82.8979,28.8246],[82.9067,28.8322],[82.9195,28.8313],[82.9318,28.827],[82.9492,28.8289],[82.9526,28.8237],[82.9583,28.821],[82.9678,28.8203],[82.9678,28.8165],[82.9756,28.8094],[82.9778,28.8033],[82.9829,28.8006],[82.999,28.8039],[83.0071,28.7995],[83.0143,28.7989],[83.0243,28.7906],[83.0381,28.7927],[83.0476,28.7864],[83.0671,28.7838],[83.0701,28.7799],[83.0812,28.7861],[83.0837,28.7794],[83.1002,28.7665],[83.1043,28.7602],[83.1045,28.7535],[83.114,28.7473],[83.1156,28.7435],[83.135,28.748],[83.1474,28.747],[83.1449,28.7428],[83.1446,28.7338],[83.1481,28.7307],[83.1462,28.7254],[83.1529,28.7122],[83.1519,28.7043],[83.1545,28.701],[83.1519,28.6957],[83.1454,28.6932],[83.1443,28.6898],[83.1485,28.6819],[83.1417,28.6758],[83.1351,28.6736],[83.1246,28.6766],[83.1209,28.6732],[83.1212,28.6689],[83.127,28.6639],[83.1252,28.6539],[83.1172,28.6434],[83.1179,28.6314],[83.0983,28.635],[83.0863,28.6307],[83.0828,28.6255],[83.0595,28.62],[83.0448,28.6298],[83.0375,28.6256],[83.0267,28.6263],[83.0211,28.6216],[83,28.6234],[82.9849,28.6307],[82.9789,28.6288],[82.969,28.6153],[82.9584,28.6104],[82.9546,28.598],[82.9642,28.5818],[82.9746,28.5751],[82.9804,28.5755],[82.9874,28.5707],[82.9875,28.5639],[82.9822,28.5503],[82.9758,28.5422],[82.9659,28.55],[82.9576,28.5513],[82.954,28.5557],[82.945,28.558],[82.9345,28.5657],[82.9257,28.5675],[82.9184,28.5645],[82.9138,28.5427],[82.9155,28.5377],[82.9133,28.5297],[82.916,28.5275],[82.8966,28.5153],[82.8793,28.5153],[82.8903,28.5065],[82.8963,28.4941],[82.9141,28.4791],[82.9059,28.4753],[82.8887,28.4795],[82.8812,28.4762],[82.8848,28.4611],[82.8889,28.4558],[82.8885,28.4521],[82.8964,28.4474],[82.9026,28.4472],[82.9163,28.4341],[82.9142,28.4273],[82.9205,28.4173],[82.9212,28.409],[82.9181,28.4026],[82.9384,28.402],[82.9398,28.3986],[82.9456,28.3983],[82.9442,28.3937],[82.9524,28.3839],[82.9499,28.3786],[82.9571,28.3715],[82.9587,28.3643],[82.9567,28.36],[82.9691,28.3575],[82.982,28.3593],[82.996,28.3508],[83.0062,28.3325],[83.0149,28.3327],[83.0205,28.3254],[83.0352,28.3216],[83.0462,28.3246],[83.0532,28.3188],[83.0636,28.3175],[83.0709,28.3111],[83.0718,28.3013],[83.0781,28.2973],[83.0808,28.2913],[83.0875,28.2887],[83.0946,28.2775],[83.0989,28.2772],[83.0955,28.2568],[83.1115,28.2516],[83.1264,28.2576],[83.1297,28.2506],[83.1328,28.25],[83.1371,28.2513],[83.1575,28.2707],[83.1637,28.267],[83.1698,28.2578],[83.1868,28.2706],[83.1918,28.2645],[83.2057,28.2558],[83.2076,28.252],[83.2171,28.2486],[83.2179,28.2435],[83.2281,28.235],[83.2278,28.2325],[83.2353,28.2256],[83.2358,28.2217],[83.2538,28.214],[83.2612,28.1999],[83.2696,28.1982],[83.2759,28.1874],[83.2801,28.1909],[83.2825,28.1896],[83.2895,28.1925],[83.2999,28.1927],[83.3083,28.1977],[83.3185,28.1902],[83.332,28.1889],[83.3402,28.1899],[83.3575,28.1973],[83.3647,28.192],[83.3662,28.1862],[83.3719,28.1826],[83.3726,28.1762],[83.3773,28.1743],[83.3862,28.1637],[83.3925,28.1668],[83.3968,28.1557],[83.4133,28.1439],[83.4156,28.1376],[83.4202,28.137],[83.4218,28.1286],[83.4253,28.1251],[83.4408,28.1308],[83.4483,28.1249],[83.4531,28.1262],[83.4598,28.1323],[83.4639,28.1298],[83.4757,28.1322],[83.4803,28.13],[83.4761,28.1189],[83.4845,28.1171],[83.4881,28.1131],[83.5017,28.1173],[83.5078,28.1258],[83.5124,28.1268],[83.5191,28.1213],[83.5274,28.1207],[83.534,28.1164],[83.5463,28.1207],[83.5563,28.117],[83.5572,28.1064],[83.5671,28.1006],[83.5647,28.0926],[83.5776,28.0871],[83.5784,28.0816],[83.5827,28.0774],[83.5746,28.0735],[83.5695,28.0648],[83.5629,28.064],[83.566,28.0581],[83.5612,28.0436],[83.5661,28.0405],[83.5636,28.0356],[83.5725,28.0325],[83.5805,28.0338],[83.5863,28.0259],[83.5921,28.0258],[83.5932,28.0214],[83.598,28.021],[83.6008,28.015],[83.607,28.0116],[83.6053,27.997],[83.5971,27.9901],[83.5862,27.9873],[83.5872,27.9787],[83.5811,27.9792],[83.5796,27.9742],[83.5705,27.9758],[83.5608,27.9735],[83.552,27.9766],[83.5477,27.9708],[83.5364,27.9684],[83.5331,27.9646],[83.5288,27.9663],[83.5239,27.9637],[83.5132,27.9673],[83.5024,27.9767],[83.4849,27.9815],[83.469,27.9645],[83.4636,27.9537],[83.4455,27.9446],[83.4473,27.9386],[83.4423,27.935],[83.4423,27.9325],[83.4509,27.9283],[83.455,27.9327],[83.4625,27.9342],[83.47,27.9282],[83.4859,27.9225],[83.4925,27.929],[83.5,27.9268],[83.5082,27.9286],[83.5118,27.9328],[83.5049,27.9369],[83.5111,27.9406],[83.5175,27.9379],[83.5244,27.9307],[83.524,27.9251],[83.5261,27.9239],[83.5326,27.9319],[83.533,27.939],[83.5387,27.9371],[83.5399,27.9279],[83.5505,27.9279],[83.5619,27.9347],[83.568,27.9347],[83.573,27.9429],[83.5784,27.9373],[83.5755,27.9315],[83.5768,27.93],[83.595,27.931],[83.6026,27.9232],[83.6132,27.9251],[83.6185,27.9304],[83.6227,27.9261],[83.6285,27.9257],[83.623,27.9175],[83.6355,27.914],[83.6335,27.91],[83.6362,27.8992],[83.6433,27.9022],[83.6468,27.8984],[83.6511,27.9022],[83.6573,27.9025],[83.6679,27.9196],[83.6777,27.9273],[83.684,27.924],[83.6816,27.9197],[83.6851,27.9162],[83.6915,27.9237],[83.7002,27.9168],[83.7042,27.9183],[83.7132,27.9164],[83.721,27.9201],[83.7253,27.9135],[83.7356,27.9085],[83.7372,27.9043],[83.7451,27.8999],[83.7496,27.9012],[83.7447,27.9042],[83.7462,27.9075],[83.7528,27.9069],[83.7592,27.9029],[83.7582,27.909],[83.7643,27.9098],[83.778,27.9024],[83.7906,27.8853],[83.7994,27.8823],[83.8093,27.873],[83.8185,27.8741],[83.823,27.8776],[83.838,27.8696],[83.8476,27.8683],[83.8495,27.8729],[83.8457,27.8793],[83.8473,27.8814],[83.8531,27.8811],[83.8538,27.8742],[83.8598,27.8732],[83.8633,27.8762],[83.8632,27.8821],[83.8796,27.8882],[83.8825,27.8872],[83.8829,27.8822],[83.8945,27.8859],[83.9122,27.8801],[83.9159,27.8776],[83.9128,27.8725],[83.9221,27.8714],[83.9268,27.868],[83.9413,27.8779],[83.9509,27.8692],[83.9601,27.8728],[83.9702,27.8701],[83.9736,27.8724],[83.9805,27.8659],[83.9964,27.8661],[84.0024,27.8545],[84.0234,27.851],[84.0237,27.8545],[84.0174,27.8579],[84.0215,27.8617],[84.0306,27.8562],[84.0246,27.8483],[84.0223,27.8407],[84.0271,27.8351],[84.0288,27.8203],[84.0222,27.8178],[84.0222,27.8151],[84.0172,27.8115],[84.0145,27.801],[84.0024,27.7884],[84.0013,27.7745],[83.9949,27.7613],[83.9944,27.7534],[83.9964,27.7513],[83.992,27.749],[83.9525,27.7473],[83.9304,27.7341],[83.9262,27.7266],[83.9087,27.7313],[83.9103,27.734],[83.9066,27.7355],[83.9052,27.7305],[83.9009,27.7318],[83.8985,27.7299],[83.8908,27.73],[83.8859,27.7348],[83.882,27.7333],[83.8788,27.7357],[83.8777,27.733],[83.847,27.7348],[83.8439,27.7303],[83.8462,27.7271],[83.8468,27.7155],[83.8509,27.7118],[83.8483,27.7093],[83.8359,27.7138],[83.8273,27.7139],[83.8225,27.7104],[83.8035,27.7211],[83.7844,27.7249],[83.7532,27.7208],[83.7415,27.7148],[83.7344,27.714],[83.7306,27.7089],[83.7163,27.7155],[83.6972,27.7158],[83.6843,27.7207],[83.6791,27.7184],[83.6852,27.7175],[83.6912,27.7089],[83.6918,27.698],[83.7067,27.6826],[83.7014,27.6762],[83.6974,27.6613],[83.7054,27.662],[83.7101,27.6589],[83.7173,27.6625],[83.7272,27.6723],[83.7352,27.6691],[83.7429,27.6695],[83.7468,27.6666],[83.7603,27.6672],[83.7617,27.6627],[83.7648,27.661],[83.7703,27.6664],[83.7846,27.6668],[83.8139,27.6622],[83.8119,27.6553],[83.8147,27.6531],[83.812,27.6482],[83.8086,27.6474],[83.8124,27.6398],[83.812,27.6354],[83.8031,27.6294],[83.8073,27.6207],[83.7994,27.6201],[83.802,27.6123],[83.7925,27.607],[83.7926,27.6049],[83.8031,27.596],[83.8115,27.5952],[83.8102,27.5885],[83.8236,27.5925],[83.838,27.5858],[83.8436,27.5724],[83.8337,27.5655],[83.8394,27.5513],[83.8382,27.5448],[83.8439,27.549],[83.8454,27.558],[83.8491,27.5602],[83.8527,27.5588],[83.8573,27.5483],[83.8725,27.5411],[83.8845,27.5277],[83.8848,27.5231],[83.8805,27.5203],[83.8785,27.5155],[83.8785,27.5093],[83.8892,27.5082],[83.8998,27.4986],[83.8928,27.4988],[83.8768,27.4895],[83.8801,27.4847],[83.8872,27.4809],[83.8887,27.4722],[83.8857,27.4639],[83.8919,27.4615],[83.8892,27.4555],[83.8898,27.4463],[83.8976,27.4376],[83.8822,27.4343],[83.8694,27.427],[83.8776,27.4057],[83.8749,27.3922],[83.9078,27.3884],[83.9064,27.3775],[83.8942,27.3675],[83.8899,27.3582],[83.8647,27.3465],[83.8321,27.3701],[83.6167,27.4694],[83.3908,27.4795],[83.3944,27.4763],[83.3907,27.4705],[83.3976,27.4695],[83.4,27.4654],[83.4046,27.4662],[83.4018,27.4634],[83.404,27.4574],[83.3993,27.4475],[83.386,27.4422],[83.3884,27.4391],[83.3862,27.4364],[83.394,27.4294],[83.3975,27.4225],[83.4114,27.4148],[83.4115,27.4123],[83.4082,27.4113],[83.4076,27.4053],[83.3987,27.3959],[83.3871,27.3905],[83.3871,27.3858],[83.3901,27.3835],[83.3885,27.3808],[83.3899,27.3753],[83.3842,27.3705],[83.3768,27.3698],[83.3744,27.3647],[83.3758,27.3571],[83.3717,27.358],[83.36,27.3506],[83.3611,27.343],[83.3576,27.3444],[83.3537,27.3427],[83.3545,27.3398],[83.3467,27.3383],[83.3453,27.3349],[83.3396,27.3326],[83.3201,27.3372],[83.3175,27.3327],[83.3196,27.33],[83.3101,27.3334],[83.3068,27.3312],[83.3025,27.3343],[83.2936,27.3348],[83.2946,27.3362],[83.2739,27.3539],[83.2676,27.3654],[83.2743,27.3834],[83.2421,27.4064],[83.2197,27.4171],[83.1899,27.4542],[83.1665,27.4575],[83.0361,27.4487],[82.9562,27.4678],[82.9467,27.4769],[82.9415,27.4912],[82.9314,27.501],[82.8723,27.4984],[82.8344,27.5019],[82.8039,27.4963],[82.7873,27.5],[82.7374,27.5025],[82.737,27.5081],[82.7396,27.5084],[82.7387,27.5179],[82.7451,27.5165],[82.744,27.521],[82.7491,27.5194],[82.7514,27.5227],[82.7495,27.523],[82.7505,27.5266],[82.7484,27.5257],[82.7471,27.5288],[82.7493,27.5313],[82.7463,27.5296],[82.747,27.5321],[82.744,27.5319],[82.7465,27.5342],[82.7425,27.5368],[82.7451,27.5413],[82.7432,27.5425],[82.7439,27.5461],[82.7398,27.5464],[82.743,27.5498],[82.7401,27.5519],[82.7491,27.5549],[82.7455,27.5607],[82.7533,27.5651],[82.7497,27.5718],[82.7544,27.5847],[82.7579,27.587],[82.7526,27.5931],[82.7469,27.5951],[82.7474,27.6001],[82.7369,27.6095],[82.7381,27.6118],[82.735,27.6188],[82.7386,27.6215],[82.7327,27.6239],[82.7386,27.6257],[82.7356,27.6284],[82.7402,27.6318],[82.737,27.6354],[82.7395,27.6373],[82.7382,27.643],[82.7355,27.6424],[82.7348,27.6463],[82.7302,27.6452],[82.7334,27.6486],[82.7279,27.6579],[82.7223,27.6571],[82.7223,27.6615],[82.7137,27.6649],[82.7179,27.6681],[82.7151,27.6702],[82.7179,27.6724],[82.7168,27.6813],[82.7202,27.6873],[82.7119,27.6952],[82.7078,27.7027],[82.71,27.7217],[82.7071,27.7164],[82.704,27.7161],[82.7012,27.7218],[82.6912,27.7149],[82.6826,27.7136],[82.6685,27.7155],[82.6662,27.7219],[82.6572,27.7131],[82.6405,27.7089],[82.6297,27.7113],[82.6208,27.7021],[82.607,27.7058],[82.602,27.704],[82.5956,27.6968],[82.5869,27.6984],[82.5431,27.6856],[82.5182,27.6903],[82.4944,27.684],[82.4921,27.6811],[82.4859,27.6806],[82.4838,27.6826],[82.4751,27.6763],[82.4507,27.6785],[82.4292,27.6881],[82.4011,27.7046],[82.3841,27.7204],[82.3691,27.7425],[82.3385,27.7547],[82.3058,27.7725],[82.2547,27.81],[82.2324,27.8206],[82.2102,27.843],[82.179,27.8546],[82.1559,27.8661],[82.1519,27.8578],[82.1252,27.8649],[82.1159,27.8776],[82.0933,27.8945],[82.092,27.8993],[82.0729,27.9225],[82.0644,27.9216],[81.9931,27.9291],[81.97,27.9288],[81.94,27.8936],[81.9399,27.8878],[81.9319,27.8825],[81.9271,27.8754],[81.928,27.8596],[81.9031,27.8535],[81.8868,27.8571],[81.8754,27.8693],[81.8419,27.8909],[81.8347,27.8979],[81.823,27.9033],[81.8068,27.9033],[81.7002,27.9881],[81.6453,27.9937],[81.6298,28.0015],[81.6262,28.0013],[81.6189,28.0103],[81.5852,28.0265],[81.5491,28.0491],[81.4802,28.0824],[81.4816,28.11],[81.4858,28.1182],[81.4695,28.1271],[81.4517,28.1408],[81.4519,28.1506],[81.4465,28.1618],[81.4167,28.1742],[81.3917,28.1737],[81.3765,28.1769],[81.3758,28.173],[81.3687,28.1653],[81.3702,28.1609],[81.3789,28.1586],[81.3802,28.1554],[81.3731,28.1423],[81.3362,28.1401],[81.3198,28.1335],[81.3172,28.1369],[81.3201,28.1451],[81.3297,28.1482],[81.3219,28.1602],[81.3124,28.1555],[81.3112,28.161],[81.3049,28.1629],[81.3036,28.166],[81.3062,28.1684],[81.323,28.1687],[81.3265,28.175],[81.3201,28.1823],[81.3224,28.1972],[81.3014,28.2198],[81.2937,28.2228],[81.2879,28.2284],[81.2345,28.2889],[81.2363,28.3246],[81.2213,28.3448],[81.2152,28.3582],[81.2024,28.3625],[81.0911,28.382],[81.0816,28.3849],[81.0691,28.3944],[81.0688,28.3995],[81.0611,28.4074],[81.0613,28.4098],[81.0703,28.4257],[81.0876,28.4383],[81.0923,28.4568],[81.0963,28.4597],[81.1107,28.4613],[81.1165,28.4725],[81.1317,28.4821],[81.1404,28.4914],[81.1489,28.4957],[81.1472,28.4962],[81.1545,28.5018],[81.1619,28.5013],[81.1698,28.5241],[81.2056,28.5579],[81.2351,28.5783],[81.2507,28.5943],[81.2623,28.6131],[81.2705,28.6177],[81.2724,28.6295],[81.2837,28.6392],[81.2895,28.6485],[81.287,28.6731],[81.302,28.6738],[81.3037,28.6705],[81.3091,28.6729],[81.3229,28.6675],[81.3235,28.6634],[81.318,28.6523],[81.312,28.651],[81.3187,28.6363],[81.3417,28.6288],[81.3473,28.6246],[81.3663,28.6234],[81.3811,28.6122],[81.4027,28.6068],[81.4033,28.6019],[81.4116,28.5955],[81.4186,28.5955],[81.4264,28.5877],[81.4235,28.5812],[81.4262,28.5775],[81.4325,28.5772],[81.4351,28.5635],[81.4397,28.5594],[81.4474,28.554],[81.4544,28.5523],[81.4679,28.5534],[81.4709,28.5483],[81.4741,28.5485],[81.4779,28.5397],[81.4882,28.5389],[81.4929,28.5323],[81.4991,28.5335],[81.5079,28.5282],[81.514,28.5241],[81.5135,28.52],[81.518,28.5135],[81.5323,28.5091],[81.5379,28.504],[81.5412,28.5],[81.5406,28.4945],[81.5548,28.4932],[81.5591,28.4949],[81.5744,28.4832],[81.5764,28.4783],[81.6018,28.4629],[81.6097,28.4535],[81.6136,28.4544],[81.6224,28.4462],[81.6281,28.4444],[81.6334,28.4362],[81.6448,28.4302],[81.6502,28.4226],[81.6602,28.4153],[81.6716,28.4132],[81.6761,28.4175],[81.6849,28.4113],[81.69,28.4105],[81.6973,28.3994],[81.7184,28.384],[81.7262,28.383],[81.7347,28.3773],[81.7543,28.3741],[81.7595,28.3699],[81.7685,28.37],[81.7534,28.3436],[81.7535,28.3321],[81.7453,28.3189],[81.7469,28.3131],[81.7556,28.3073],[81.763,28.3091],[81.7692,28.3006],[81.7752,28.2974],[81.789,28.2946],[81.7954,28.2737],[81.7999,28.2735],[81.8103,28.2829],[81.8168,28.2785],[81.8454,28.2719],[81.8665,28.2497],[81.8627,28.2386],[81.8786,28.239],[81.8847,28.2434],[81.8904,28.2367],[81.898,28.2333],[81.9109,28.2322],[81.9162,28.2281],[81.9234,28.2268],[81.9227,28.2202],[81.9288,28.2157],[81.9285,28.2093],[81.9384,28.2072],[81.9403,28.2016],[81.9484,28.1991],[81.9538,28.194],[81.9645,28.1943],[81.9671,28.1844],[81.9725,28.1822],[81.9755,28.1848],[81.9797,28.1827],[81.9817,28.1781],[81.9866,28.177],[81.9889,28.1722],[82.0003,28.1632],[82.0094,28.1509],[82.0139,28.1541],[82.0129,28.1605],[82.0168,28.1639],[82.0146,28.1699],[82.02,28.1817],[82.0311,28.1876],[82.0309,28.194],[82.0249,28.2011],[82.0321,28.2133],[82.0387,28.2149],[82.0375,28.2174],[82.0412,28.2212],[82.044,28.2301],[82.0481,28.2319],[82.0561,28.242],[82.0705,28.2369],[82.0831,28.2485],[82.0933,28.249],[82.0955,28.2546],[82.1026,28.2589],[82.1102,28.2582],[82.1195,28.2514],[82.1264,28.2542],[82.1347,28.2514],[82.1441,28.2421],[82.1456,28.237],[82.1509,28.2391],[82.1548,28.2379],[82.1553,28.241],[82.1627,28.2416],[82.1722,28.2515],[82.1777,28.2489],[82.1919,28.2482],[82.2005,28.2428],[82.2203,28.2494],[82.2352,28.2397],[82.2455,28.2378],[82.2583,28.2397],[82.2599,28.2434],[82.2667,28.2435],[82.2779,28.2484],[82.2891,28.2456],[82.302,28.2459],[82.3042,28.2323],[82.3121,28.2315],[82.3143,28.2233],[82.3289,28.2251],[82.3394,28.2234],[82.3476,28.2167],[82.349,28.2085],[82.3568,28.2054],[82.369,28.1897],[82.38,28.1844],[82.3949,28.189],[82.3987,28.1828],[82.3956,28.1743],[82.3987,28.1688],[82.4033,28.1762],[82.4011,28.18],[82.4054,28.1849],[82.4025,28.1924],[82.4087,28.2205],[82.4167,28.2245],[82.4203,28.2294],[82.426,28.2279],[82.4295,28.2299],[82.429,28.2393],[82.4392,28.2465],[82.4297,28.252],[82.4152,28.2537],[82.4054,28.2621],[82.3974,28.2769],[82.3973,28.2826],[82.3855,28.2915],[82.3844,28.2969],[82.3784,28.3041],[82.378,28.315],[82.3654,28.3194],[82.3687,28.3234],[82.3692,28.3298],[82.3662,28.3297],[82.3649,28.3402],[82.3812,28.3516],[82.378,28.3586],[82.3847,28.3646],[82.3855,28.3727],[82.377,28.3772],[82.3654,28.3883],[82.3644,28.3944],[82.3675,28.403],[82.3629,28.408],[82.3551,28.4103],[82.3558,28.4148],[82.3522,28.4216],[82.3531,28.4238],[82.3695,28.4255],[82.3781,28.4298],[82.3788,28.4363],[82.3757,28.4483],[82.3879,28.4573],[82.3978,28.4606],[82.3979,28.4683],[82.4027,28.4702],[82.4075,28.4781],[82.4076,28.4865],[82.4136,28.4925],[82.4094,28.5037],[82.4139,28.513],[82.419,28.5177],[82.4201,28.5286],[82.4311,28.5245],[82.436,28.5262],[82.4462,28.5228],[82.4647,28.5211],[82.4687,28.5256],[82.4815,28.5303],[82.4949,28.5399],[82.4942,28.5526],[82.5017,28.5539],[82.5109,28.5511],[82.5185,28.5545],[82.5232,28.5538],[82.531,28.5581],[82.5369,28.5704],[82.5455,28.5725],[82.5551,28.5814],[82.5688,28.5777],[82.574,28.5784],[82.5825,28.586],[82.581,28.5897],[82.5831,28.5916],[82.5829,28.5997],[82.5806,28.6021],[82.5825,28.6123],[82.5806,28.6142],[82.5706,28.6096],[82.5631,28.61],[82.5477,28.6183],[82.5489,28.6222],[82.5534,28.6251],[82.5499,28.627],[82.546,28.6265],[82.5457,28.6228],[82.5418,28.6206],[82.5102,28.6276],[82.509,28.6304],[82.4877,28.6405],[82.4928,28.651],[82.4918,28.6592],[82.4962,28.6624],[82.5017,28.6623],[82.5033,28.6676],[82.5075,28.6619],[82.5152,28.6593],[82.5211,28.6606],[82.5411,28.6468],[82.5566,28.6439],[82.5626,28.6464],[82.5808,28.6646],[82.5886,28.6638],[82.6011,28.6692],[82.6021,28.6842],[82.6178,28.6897],[82.6143,28.6957],[82.6171,28.7103],[82.6073,28.7152],[82.6033,28.7428],[82.5974,28.7437],[82.59,28.7398],[82.5764,28.7404],[82.5679,28.7438],[82.5691,28.7564],[82.5656,28.7586],[82.5666,28.7648],[82.5638,28.7679],[82.5679,28.7669],[82.569,28.7706],[82.5837,28.7808],[82.5889,28.782],[82.5917,28.7903],[82.5981,28.7919],[82.6152,28.8073],[82.621,28.8082],[82.6218,28.8124],[82.6156,28.8265],[82.628,28.8391],[82.6266,28.8467],[82.6318,28.8533],[82.6387,28.8551],[82.645,28.8664],[82.6505,28.8691],[82.658,28.8666],[82.6604,28.86],[82.6675,28.8537],[82.6726,28.8523]]]}},{"type":"Feature","properties":{"province":6,"provinceName":"Karnali","pcode":"NP-6"},"geometry":{"type":"Polygon","coordinates":[[[81.6281,30.4459],[81.6357,30.4452],[81.641,30.4406],[81.6482,30.4399],[81.6741,30.4276],[81.696,30.4241],[81.7162,30.4118],[81.7287,30.4114],[81.7335,30.3983],[81.753,30.3888],[81.764,30.3891],[81.7759,30.3844],[81.7923,30.389],[81.7993,30.3867],[81.8108,30.3873],[81.8282,30.3751],[81.8426,30.3766],[81.8519,30.3732],[81.8517,30.3765],[81.8557,30.3794],[81.8695,30.3774],[81.8799,30.3695],[81.884,30.3608],[81.8907,30.3608],[81.8939,30.3575],[81.906,30.3533],[81.9112,30.3538],[81.9163,30.35],[81.9214,30.3512],[81.9412,30.3475],[81.9469,30.3499],[81.9479,30.3571],[81.9512,30.359],[81.9641,30.3508],[81.964,30.3462],[81.9586,30.3412],[81.9711,30.3379],[81.9763,30.3301],[81.9837,30.3297],[81.9885,30.3257],[81.9903,30.3208],[81.9957,30.3223],[82,30.3207],[82.006,30.3283],[82.014,30.3292],[82.013,30.342],[82.0181,30.3442],[82.0233,30.3445],[82.0326,30.3376],[82.0428,30.3411],[82.0579,30.3326],[82.0584,30.34],[82.0622,30.3454],[82.0672,30.3473],[82.0678,30.3554],[82.0754,30.3588],[82.0873,30.3592],[82.0963,30.35],[82.1016,30.3481],[82.1068,30.3496],[82.1131,30.3442],[82.1126,30.3352],[82.1155,30.3293],[82.1206,30.3269],[82.123,30.3219],[82.1198,30.3196],[82.1302,30.3022],[82.1184,30.2944],[82.1183,30.2861],[82.1144,30.2785],[82.1113,30.2773],[82.1181,30.2723],[82.1173,30.2642],[82.12,30.2625],[82.1199,30.2586],[82.1093,30.2551],[82.107,30.2443],[82.1003,30.2392],[82.1113,30.226],[82.1289,30.2261],[82.1352,30.2193],[82.1329,30.2145],[82.134,30.2077],[82.1415,30.2026],[82.141,30.1989],[82.1611,30.1892],[82.1806,30.1925],[82.1863,30.1909],[82.1891,30.185],[82.1858,30.1803],[82.1884,30.1726],[82.1833,30.1656],[82.1839,30.1609],[82.1949,30.16],[82.2074,30.1539],[82.1996,30.143],[82.2006,30.1362],[82.1888,30.1338],[82.1812,30.1294],[82.1785,30.122],[82.1727,30.122],[82.1734,30.1177],[82.181,30.1173],[82.1884,30.111],[82.1813,30.1024],[82.1836,30.096],[82.1791,30.0891],[82.1706,30.0863],[82.1677,30.0814],[82.1738,30.0652],[82.1904,30.0698],[82.2127,30.0661],[82.222,30.0683],[82.2331,30.0649],[82.2352,30.0694],[82.2479,30.0753],[82.2536,30.0725],[82.2545,30.0681],[82.2571,30.069],[82.2676,30.0621],[82.2832,30.0612],[82.2871,30.0473],[82.3004,30.0379],[82.3118,30.0376],[82.3173,30.0402],[82.3219,30.0495],[82.3359,30.047],[82.3455,30.0368],[82.3467,30.0289],[82.3512,30.0249],[82.3564,30.0258],[82.3614,30.0217],[82.3649,30.0104],[82.3743,30.0156],[82.3798,30.0112],[82.3776,30.0168],[82.3795,30.0203],[82.378,30.0265],[82.3843,30.027],[82.3889,30.0205],[82.3968,30.0243],[82.4045,30.0145],[82.4084,30.0153],[82.4106,30.011],[82.4227,30.0042],[82.4256,29.9958],[82.4341,29.989],[82.4405,29.9887],[82.4582,29.9769],[82.4593,29.9799],[82.4651,29.9821],[82.4669,29.9788],[82.4781,29.9737],[82.4792,29.9695],[82.4762,29.9648],[82.5012,29.946],[82.5163,29.9523],[82.5317,29.9712],[82.5513,29.9632],[82.5539,29.9596],[82.565,29.9552],[82.5653,29.9426],[82.5687,29.9323],[82.5816,29.9216],[82.5867,29.9213],[82.6039,29.8895],[82.6211,29.8795],[82.6397,29.8749],[82.6445,29.87],[82.6425,29.8629],[82.6334,29.8568],[82.6337,29.8496],[82.6237,29.8473],[82.6209,29.8423],[82.6229,29.8373],[82.6418,29.8339],[82.6505,29.8383],[82.6577,29.8383],[82.6626,29.8423],[82.6679,29.841],[82.6719,29.844],[82.6778,29.8432],[82.6861,29.8469],[82.6882,29.852],[82.6992,29.8553],[82.7125,29.8388],[82.7241,29.8388],[82.7286,29.8353],[82.7321,29.8222],[82.7391,29.8135],[82.7311,29.8087],[82.7301,29.8029],[82.7219,29.8002],[82.7123,29.7928],[82.7025,29.7948],[82.696,29.7911],[82.698,29.7815],[82.6884,29.7735],[82.692,29.7631],[82.6954,29.7611],[82.7005,29.7619],[82.7129,29.7689],[82.721,29.7661],[82.7255,29.7705],[82.7468,29.7695],[82.7542,29.7656],[82.7605,29.7601],[82.7634,29.7475],[82.7687,29.7424],[82.7681,29.7335],[82.7649,29.7312],[82.7996,29.719],[82.8098,29.7217],[82.8199,29.7211],[82.8234,29.7138],[82.8169,29.7056],[82.8176,29.7023],[82.8206,29.6962],[82.8284,29.6899],[82.836,29.6894],[82.8406,29.6918],[82.8627,29.6846],[82.8707,29.6864],[82.8788,29.692],[82.8882,29.6927],[82.8899,29.6997],[82.8935,29.7016],[82.901,29.7026],[82.9104,29.7004],[82.9171,29.7064],[82.9215,29.706],[82.9287,29.7006],[82.9375,29.7055],[82.9445,29.6953],[82.9504,29.6916],[82.9429,29.6741],[82.9488,29.6732],[82.9493,29.6689],[82.9577,29.6626],[82.967,29.6625],[82.9751,29.6671],[82.987,29.6684],[82.9939,29.6633],[83.0025,29.6646],[83.0106,29.6726],[83.0158,29.6649],[83.016,29.6605],[83.0231,29.6577],[83.023,29.6507],[83.0355,29.6542],[83.0406,29.6475],[83.0454,29.6308],[83.0566,29.6267],[83.0675,29.6261],[83.0674,29.6165],[83.0713,29.61],[83.0836,29.6067],[83.0877,29.6027],[83.0943,29.6054],[83.0915,29.6084],[83.0922,29.612],[83.1032,29.6143],[83.1074,29.6184],[83.1185,29.6164],[83.1189,29.625],[83.1224,29.6286],[83.1334,29.6179],[83.1377,29.6225],[83.144,29.6248],[83.1476,29.6225],[83.1521,29.6238],[83.1672,29.616],[83.1613,29.5963],[83.166,29.5943],[83.1698,29.5958],[83.1777,29.5922],[83.1826,29.5932],[83.1903,29.5972],[83.1883,29.6056],[83.1897,29.6083],[83.1989,29.6111],[83.2009,29.6062],[83.2075,29.6075],[83.2201,29.6055],[83.2165,29.5893],[83.2318,29.5813],[83.234,29.5778],[83.2632,29.5776],[83.2635,29.5736],[83.2712,29.5684],[83.2808,29.5682],[83.286,29.5629],[83.2842,29.5575],[83.2809,29.5579],[83.2762,29.5545],[83.2574,29.5568],[83.2609,29.551],[83.2562,29.5446],[83.2579,29.5392],[83.2658,29.5331],[83.267,29.5262],[83.2708,29.5223],[83.2695,29.5074],[83.2741,29.5076],[83.2768,29.503],[83.2841,29.4987],[83.2955,29.5044],[83.3044,29.4997],[83.3179,29.5089],[83.3225,29.5045],[83.3314,29.5036],[83.3341,29.5],[83.3474,29.4943],[83.3493,29.4924],[83.3475,29.4891],[83.35,29.4847],[83.3497,29.4785],[83.3441,29.475],[83.3461,29.4688],[83.3444,29.4658],[83.3537,29.4587],[83.3558,29.4514],[83.3683,29.45],[83.3652,29.4464],[83.3664,29.4399],[83.3728,29.4343],[83.3735,29.4285],[83.3792,29.4273],[83.3832,29.4232],[83.4164,29.4208],[83.418,29.4104],[83.4283,29.4024],[83.4225,29.3974],[83.4246,29.3844],[83.4139,29.3803],[83.4176,29.3753],[83.4152,29.3669],[83.4194,29.3641],[83.4172,29.359],[83.4193,29.3562],[83.4256,29.3563],[83.4312,29.3496],[83.4411,29.3495],[83.4454,29.3432],[83.447,29.3397],[83.4445,29.3357],[83.4486,29.3291],[83.4414,29.3169],[83.4402,29.3091],[83.4463,29.3065],[83.4457,29.2998],[83.4535,29.2975],[83.4526,29.2938],[83.4578,29.2909],[83.4571,29.2864],[83.4622,29.2859],[83.4647,29.2766],[83.4715,29.2735],[83.4808,29.281],[83.4897,29.28],[83.4892,29.2763],[83.4956,29.2736],[83.4936,29.2648],[83.5048,29.2595],[83.5063,29.2555],[83.5169,29.2558],[83.5177,29.249],[83.5216,29.245],[83.5198,29.2405],[83.5249,29.2382],[83.5172,29.228],[83.5201,29.227],[83.5199,29.2204],[83.5223,29.2171],[83.5325,29.2133],[83.5326,29.2087],[83.5384,29.2036],[83.5541,29.2],[83.5576,29.204],[83.5653,29.206],[83.5741,29.2025],[83.5714,29.1934],[83.572,29.1904],[83.5781,29.1874],[83.5781,29.1801],[83.5922,29.1741],[83.6123,29.1807],[83.6168,29.1713],[83.6249,29.1683],[83.6355,29.1584],[83.6443,29.1616],[83.646,29.167],[83.6517,29.1684],[83.6595,29.1761],[83.6682,29.1697],[83.6641,29.1649],[83.6654,29.1557],[83.6743,29.1528],[83.6785,29.1472],[83.677,29.137],[83.6814,29.1316],[83.6825,29.1234],[83.6627,29.1246],[83.6537,29.1195],[83.6527,29.1132],[83.6546,29.1087],[83.652,29.1044],[83.6309,29.1068],[83.6227,29.0978],[83.6177,29.0983],[83.6182,29.0925],[83.6328,29.081],[83.6316,29.0715],[83.6336,29.0629],[83.6217,29.0597],[83.6211,29.0457],[83.6146,29.036],[83.6175,29.0272],[83.6161,29.0226],[83.6186,29.0191],[83.614,29.0147],[83.619,29.0064],[83.6165,28.9986],[83.6171,28.9876],[83.6113,28.9802],[83.6066,28.9801],[83.6013,28.9856],[83.5941,28.9836],[83.5891,28.9772],[83.5892,28.9712],[83.5837,28.9649],[83.5847,28.9612],[83.5817,28.9556],[83.5769,28.9538],[83.5696,28.9436],[83.5607,28.9448],[83.5581,28.933],[83.5417,28.9147],[83.5307,28.9086],[83.5296,28.9038],[83.5173,28.8899],[83.5092,28.8855],[83.5015,28.8771],[83.5081,28.8651],[83.5082,28.8564],[83.5038,28.8509],[83.504,28.8463],[83.5,28.8425],[83.4945,28.8463],[83.4864,28.8457],[83.4837,28.8446],[83.4824,28.838],[83.4856,28.8319],[83.4817,28.8241],[83.4821,28.8171],[83.4872,28.8121],[83.4901,28.802],[83.489,28.7905],[83.4855,28.7828],[83.4632,28.78],[83.4577,28.7732],[83.4481,28.7688],[83.4385,28.7687],[83.4125,28.7605],[83.3905,28.763],[83.3854,28.7564],[83.3797,28.7539],[83.3764,28.7444],[83.364,28.734],[83.3287,28.738],[83.3006,28.7319],[83.2789,28.7218],[83.25,28.7303],[83.2414,28.7348],[83.2392,28.7395],[83.2313,28.7428],[83.2119,28.7318],[83.1885,28.7435],[83.1571,28.7476],[83.1429,28.7463],[83.135,28.748],[83.1168,28.7431],[83.1045,28.7535],[83.1043,28.7602],[83.1002,28.7665],[83.0837,28.7794],[83.0812,28.7861],[83.0701,28.7799],[83.0671,28.7838],[83.0476,28.7864],[83.0381,28.7927],[83.0243,28.7906],[83.0143,28.7989],[83.0071,28.7995],[82.999,28.8039],[82.9829,28.8006],[82.9778,28.8033],[82.9756,28.8094],[82.9678,28.8165],[82.9678,28.8203],[82.9583,28.821],[82.9526,28.8237],[82.9492,28.8289],[82.9318,28.827],[82.9195,28.8313],[82.9067,28.8322],[82.8979,28.8246],[82.8948,28.8266],[82.8879,28.826],[82.8695,28.8341],[82.8661,28.8318],[82.8565,28.8321],[82.8457,28.8264],[82.8376,28.8316],[82.819,28.8312],[82.8013,28.8206],[82.7953,28.8198],[82.7837,28.8242],[82.7678,28.8085],[82.7614,28.8197],[82.75,28.8324],[82.7437,28.8457],[82.738,28.8479],[82.7283,28.8462],[82.7257,28.8497],[82.714,28.8514],[82.7066,28.8545],[82.6976,28.8646],[82.6874,28.8613],[82.6804,28.8547],[82.6714,28.8523],[82.6604,28.86],[82.658,28.8666],[82.6505,28.8691],[82.6461,28.8671],[82.6387,28.8551],[82.6318,28.8533],[82.6266,28.8467],[82.628,28.8391],[82.6156,28.8265],[82.6218,28.8124],[82.621,28.8082],[82.6152,28.8073],[82.5981,28.7919],[82.5917,28.7903],[82.5889,28.782],[82.5837,28.7808],[82.569,28.7706],[82.5679,28.7669],[82.5638,28.7679],[82.5666,28.7648],[82.5656,28.7586],[82.5691,28.7564],[82.5679,28.7438],[82.5764,28.7404],[82.59,28.7398],[82.5974,28.7437],[82.6033,28.7428],[82.6073,28.7152],[82.6173,28.7097],[82.6143,28.6957],[82.6178,28.6897],[82.6021,28.6842],[82.6011,28.6692],[82.5886,28.6638],[82.5808,28.6646],[82.5626,28.6464],[82.5566,28.6439],[82.5411,28.6468],[82.5211,28.6606],[82.5152,28.6593],[82.5075,28.6619],[82.5033,28.6676],[82.5017,28.6623],[82.4962,28.6624],[82.4918,28.6592],[82.4928,28.651],[82.4877,28.6405],[82.509,28.6304],[82.5102,28.6276],[82.5418,28.6206],[82.5457,28.6228],[82.546,28.6265],[82.5499,28.627],[82.5534,28.6251],[82.5489,28.6222],[82.5477,28.6183],[82.5631,28.61],[82.5706,28.6096],[82.5806,28.6142],[82.5825,28.6123],[82.5806,28.6024],[82.5829,28.5997],[82.5831,28.5916],[82.581,28.5897],[82.5825,28.586],[82.574,28.5784],[82.5688,28.5777],[82.5551,28.5814],[82.5455,28.5725],[82.5369,28.5704],[82.531,28.5581],[82.5232,28.5538],[82.5185,28.5545],[82.5109,28.5511],[82.5017,28.5539],[82.4942,28.5526],[82.4949,28.5399],[82.4815,28.5303],[82.4687,28.5256],[82.4647,28.5211],[82.4462,28.5228],[82.436,28.5262],[82.4311,28.5245],[82.4201,28.5286],[82.419,28.5177],[82.4139,28.513],[82.4094,28.5037],[82.4136,28.4925],[82.4076,28.4865],[82.4075,28.4781],[82.4027,28.4702],[82.3979,28.4683],[82.3978,28.4606],[82.3879,28.4573],[82.3757,28.4483],[82.3788,28.4363],[82.3781,28.4298],[82.3695,28.4255],[82.3531,28.4238],[82.3522,28.4216],[82.3558,28.4148],[82.3551,28.4103],[82.3629,28.408],[82.3675,28.403],[82.3644,28.3944],[82.3654,28.3883],[82.377,28.3772],[82.3855,28.3727],[82.3847,28.3646],[82.378,28.3586],[82.3812,28.3516],[82.3649,28.3402],[82.3662,28.3297],[82.3692,28.3298],[82.3687,28.3234],[82.3654,28.3194],[82.378,28.315],[82.3784,28.3041],[82.3844,28.2969],[82.3855,28.2915],[82.3973,28.2826],[82.3974,28.2769],[82.4054,28.2621],[82.4152,28.2537],[82.4297,28.252],[82.4392,28.2465],[82.429,28.2393],[82.4295,28.2299],[82.426,28.2279],[82.4203,28.2294],[82.4167,28.2245],[82.4087,28.2205],[82.4025,28.1924],[82.4054,28.1849],[82.4011,28.18],[82.4033,28.1762],[82.3987,28.1688],[82.3956,28.1743],[82.3987,28.1828],[82.3949,28.189],[82.38,28.1844],[82.369,28.1897],[82.3568,28.2054],[82.349,28.2085],[82.3476,28.2167],[82.3394,28.2234],[82.3289,28.2251],[82.3143,28.2233],[82.3121,28.2315],[82.3042,28.2323],[82.302,28.2459],[82.2891,28.2456],[82.2779,28.2484],[82.2667,28.2435],[82.2599,28.2434],[82.2583,28.2397],[82.2455,28.2378],[82.2352,28.2397],[82.2203,28.2494],[82.2005,28.2428],[82.1919,28.2482],[82.1777,28.2489],[82.1722,28.2515],[82.1627,28.2416],[82.1553,28.241],[82.1548,28.2379],[82.1509,28.2391],[82.1456,28.237],[82.1441,28.2421],[82.1347,28.2514],[82.1282,28.2542],[82.1195,28.2514],[82.1102,28.2582],[82.1026,28.2589],[82.0955,28.2546],[82.0933,28.249],[82.0831,28.2485],[82.0705,28.2369],[82.0561,28.242],[82.0481,28.2319],[82.044,28.2301],[82.0412,28.2212],[82.0375,28.2174],[82.0387,28.2149],[82.0328,28.214],[82.0249,28.2011],[82.0309,28.194],[82.0311,28.1876],[82.02,28.1817],[82.0146,28.1699],[82.0168,28.1639],[82.0129,28.1605],[82.0139,28.1541],[82.0094,28.1509],[82.0003,28.1632],[81.9889,28.1722],[81.9866,28.177],[81.9817,28.1781],[81.9797,28.1827],[81.9755,28.1848],[81.9725,28.1822],[81.9671,28.1844],[81.9645,28.1943],[81.9538,28.194],[81.9484,28.1991],[81.9403,28.2016],[81.9384,28.2072],[81.9285,28.2093],[81.9288,28.2157],[81.9227,28.2202],[81.9234,28.2268],[81.9162,28.2281],[81.9109,28.2322],[81.898,28.2333],[81.8904,28.2367],[81.8847,28.2434],[81.8786,28.239],[81.8627,28.2386],[81.8665,28.2497],[81.8454,28.2719],[81.8168,28.2785],[81.8103,28.2829],[81.7999,28.2735],[81.7954,28.2737],[81.789,28.2946],[81.7752,28.2974],[81.7692,28.3006],[81.763,28.3091],[81.7556,28.3073],[81.7469,28.3131],[81.7453,28.3189],[81.7535,28.3321],[81.7534,28.3436],[81.7685,28.37],[81.7595,28.3699],[81.7543,28.3741],[81.7347,28.3773],[81.7262,28.383],[81.7184,28.384],[81.6973,28.3994],[81.69,28.4105],[81.6849,28.4113],[81.6761,28.4175],[81.6716,28.4132],[81.6602,28.4153],[81.6502,28.4226],[81.6448,28.4302],[81.6334,28.4362],[81.6281,28.4444],[81.6224,28.4462],[81.6136,28.4544],[81.6097,28.4535],[81.6018,28.4629],[81.5764,28.4783],[81.5744,28.4832],[81.5591,28.4949],[81.5548,28.4932],[81.5406,28.4945],[81.5412,28.5],[81.5379,28.504],[81.5323,28.5091],[81.518,28.5135],[81.5135,28.52],[81.514,28.5241],[81.5079,28.5282],[81.4991,28.5335],[81.4929,28.5323],[81.4882,28.5389],[81.4779,28.5397],[81.4741,28.5485],[81.4709,28.5483],[81.4679,28.5534],[81.4544,28.5523],[81.4474,28.554],[81.4397,28.5594],[81.4351,28.5635],[81.4325,28.5772],[81.4262,28.5775],[81.4235,28.5812],[81.4264,28.5877],[81.4186,28.5955],[81.4116,28.5955],[81.4033,28.6019],[81.4027,28.6068],[81.3811,28.6122],[81.3663,28.6234],[81.3473,28.6246],[81.3417,28.6288],[81.3178,28.6369],[81.318,28.6404],[81.312,28.651],[81.318,28.6523],[81.3235,28.6634],[81.3229,28.6675],[81.3091,28.6729],[81.3037,28.6705],[81.302,28.6738],[81.2871,28.6732],[81.2829,28.695],[81.2682,28.7041],[81.2749,28.7172],[81.2742,28.727],[81.2578,28.7299],[81.2628,28.7458],[81.2613,28.7501],[81.2525,28.7549],[81.249,28.7608],[81.2525,28.77],[81.2495,28.7796],[81.2347,28.7857],[81.2276,28.7951],[81.2295,28.7988],[81.2409,28.803],[81.244,28.8103],[81.2316,28.8167],[81.2312,28.8254],[81.2355,28.8294],[81.2343,28.8312],[81.226,28.8388],[81.2135,28.844],[81.2079,28.8503],[81.2072,28.8543],[81.2102,28.8575],[81.2083,28.862],[81.204,28.8636],[81.2007,28.8611],[81.2011,28.8465],[81.1969,28.833],[81.2084,28.8252],[81.2088,28.8203],[81.2053,28.8167],[81.1835,28.825],[81.1758,28.8349],[81.1671,28.8348],[81.1581,28.8285],[81.155,28.83],[81.1594,28.8445],[81.1509,28.8526],[81.1451,28.873],[81.1387,28.8722],[81.1306,28.8649],[81.1279,28.8517],[81.1097,28.8485],[81.1041,28.8447],[81.0909,28.8628],[81.0746,28.8648],[81.0756,28.8751],[81.0731,28.8773],[81.0613,28.8734],[81.0532,28.8768],[81.0471,28.8862],[81.0409,28.8901],[81.0321,28.908],[81.0229,28.9198],[81.0092,28.9275],[80.9989,28.9291],[80.9827,28.9387],[81.0035,28.9566],[81.0093,28.9575],[81.0225,28.9528],[81.0302,28.9632],[81.043,28.9696],[81.051,28.9783],[81.0661,28.9703],[81.0907,28.9678],[81.1014,28.9637],[81.1072,28.966],[81.1186,28.9645],[81.1284,28.9574],[81.1343,28.9487],[81.1444,28.945],[81.1485,28.9382],[81.1578,28.9331],[81.1705,28.9214],[81.1861,28.9148],[81.1965,28.916],[81.2059,28.908],[81.2379,28.9058],[81.2437,28.9146],[81.2474,28.9151],[81.2535,28.9136],[81.2617,28.9039],[81.2668,28.9024],[81.2736,28.9066],[81.2775,28.9162],[81.2852,28.9215],[81.3038,28.9257],[81.3116,28.92],[81.3178,28.9203],[81.3259,28.908],[81.3343,28.9088],[81.3383,28.9069],[81.3391,28.8993],[81.3441,28.8926],[81.3585,28.8897],[81.3766,28.8929],[81.3891,28.8998],[81.3961,28.9084],[81.405,28.9089],[81.4159,28.9141],[81.4263,28.9093],[81.4335,28.9106],[81.4424,28.9003],[81.4667,28.8936],[81.4687,28.8873],[81.4642,28.8805],[81.464,28.875],[81.4692,28.8618],[81.465,28.8527],[81.476,28.849],[81.4835,28.8427],[81.4923,28.8409],[81.5,28.8212],[81.5119,28.8092],[81.524,28.8035],[81.5249,28.7991],[81.5202,28.7957],[81.5172,28.7803],[81.5199,28.7768],[81.5296,28.7745],[81.5368,28.761],[81.5218,28.7494],[81.5554,28.7499],[81.58,28.7554],[81.5831,28.7591],[81.5816,28.78],[81.5588,28.7973],[81.5536,28.8158],[81.5451,28.831],[81.5396,28.8363],[81.5397,28.8423],[81.5336,28.8562],[81.5239,28.8699],[81.5171,28.8741],[81.5106,28.8899],[81.5022,28.8894],[81.4934,28.8941],[81.485,28.9027],[81.4682,28.9289],[81.4577,28.931],[81.4531,28.9389],[81.4462,28.9405],[81.4457,28.9585],[81.4439,28.9601],[81.4389,28.9566],[81.4327,28.9584],[81.43,28.9645],[81.4243,28.969],[81.4269,28.9802],[81.4167,28.9946],[81.4119,28.9969],[81.4191,29.0006],[81.4208,29.0042],[81.4167,29.0137],[81.4196,29.0213],[81.4273,29.0229],[81.4345,29.0375],[81.4412,29.0399],[81.4459,29.0537],[81.4611,29.0646],[81.4686,29.067],[81.4711,29.0781],[81.5024,29.0911],[81.5117,29.0907],[81.5199,29.0965],[81.5253,29.1042],[81.5385,29.1067],[81.5553,29.1211],[81.5673,29.1261],[81.5542,29.1285],[81.5371,29.1368],[81.5351,29.1465],[81.5264,29.1527],[81.5008,29.1517],[81.4971,29.1599],[81.497,29.1688],[81.4891,29.1729],[81.4925,29.185],[81.4865,29.1927],[81.4839,29.2005],[81.4875,29.2108],[81.4883,29.2254],[81.4966,29.2363],[81.5014,29.2388],[81.497,29.2448],[81.495,29.2522],[81.4965,29.2571],[81.493,29.2616],[81.4794,29.264],[81.4698,29.2718],[81.4856,29.2796],[81.4925,29.2906],[81.5018,29.2973],[81.5097,29.3146],[81.517,29.312],[81.5199,29.3149],[81.5257,29.3151],[81.5307,29.3261],[81.55,29.3393],[81.5522,29.3495],[81.5602,29.3579],[81.5628,29.3514],[81.5688,29.3478],[81.5728,29.3504],[81.575,29.3607],[81.5781,29.3628],[81.6102,29.3672],[81.6155,29.3707],[81.6274,29.3688],[81.6293,29.3661],[81.6365,29.3644],[81.6401,29.3615],[81.6413,29.3553],[81.6455,29.3555],[81.6437,29.3344],[81.6502,29.3211],[81.6718,29.3169],[81.6801,29.3214],[81.6847,29.3195],[81.6927,29.3205],[81.6957,29.3254],[81.705,29.3306],[81.7317,29.3352],[81.7415,29.3339],[81.7473,29.3389],[81.7492,29.3466],[81.7541,29.3518],[81.752,29.3541],[81.7515,29.3665],[81.7629,29.3866],[81.7683,29.3857],[81.7706,29.3922],[81.7912,29.389],[81.7923,29.396],[81.7996,29.4066],[81.8008,29.4291],[81.8069,29.4382],[81.805,29.4473],[81.81,29.4563],[81.806,29.4744],[81.792,29.4935],[81.7899,29.5],[81.7643,29.5053],[81.771,29.5093],[81.7824,29.5091],[81.7791,29.5173],[81.7875,29.5284],[81.7943,29.5298],[81.7922,29.5405],[81.7994,29.5521],[81.8004,29.5766],[81.7915,29.5901],[81.7919,29.5962],[81.7797,29.5997],[81.7756,29.6058],[81.7387,29.6066],[81.7298,29.615],[81.7221,29.6167],[81.7217,29.6211],[81.7176,29.6208],[81.7115,29.6271],[81.7113,29.6323],[81.7043,29.6377],[81.7044,29.6419],[81.7012,29.6419],[81.7054,29.6454],[81.7021,29.6475],[81.704,29.6555],[81.6989,29.6783],[81.71,29.6989],[81.7158,29.7223],[81.7288,29.7341],[81.7286,29.7479],[81.7346,29.7592],[81.732,29.7692],[81.738,29.7769],[81.7414,29.7922],[81.7548,29.7987],[81.7591,29.797],[81.7663,29.8018],[81.7755,29.7981],[81.7822,29.8071],[81.781,29.8144],[81.7846,29.8222],[81.7852,29.8305],[81.7848,29.8374],[81.7826,29.8393],[81.7959,29.8484],[81.7934,29.8538],[81.7971,29.8604],[81.799,29.8788],[81.7982,29.8904],[81.7955,29.8955],[81.8004,29.8965],[81.8014,29.9006],[81.7905,29.9096],[81.7838,29.9087],[81.7818,29.9111],[81.7712,29.9095],[81.7636,29.9124],[81.7568,29.9085],[81.7444,29.9073],[81.7352,29.9079],[81.7287,29.9123],[81.7178,29.9094],[81.7125,29.9145],[81.7115,29.9269],[81.6993,29.9315],[81.6997,29.9415],[81.6896,29.9491],[81.6725,29.9407],[81.6672,29.9403],[81.6549,29.9428],[81.6474,29.9482],[81.6284,29.9384],[81.6204,29.9385],[81.6147,29.9432],[81.6077,29.9371],[81.6045,29.9302],[81.5928,29.9307],[81.5867,29.9369],[81.572,29.9335],[81.5614,29.9261],[81.5573,29.9272],[81.5513,29.9232],[81.544,29.9271],[81.5365,29.9276],[81.5305,29.9242],[81.5186,29.9228],[81.5138,29.9162],[81.5187,29.9043],[81.5057,29.8928],[81.4945,29.8872],[81.4816,29.8921],[81.4725,29.8898],[81.4582,29.9012],[81.4634,29.9133],[81.4619,29.9181],[81.4645,29.921],[81.4614,29.9308],[81.4566,29.9348],[81.4604,29.9426],[81.4546,29.949],[81.4548,29.9515],[81.4659,29.9579],[81.4705,29.9637],[81.4718,29.9751],[81.4624,29.9861],[81.4649,29.9956],[81.4563,30.0024],[81.4463,30.003],[81.4378,30.008],[81.432,30.0076],[81.4144,30.0186],[81.4066,30.0197],[81.4031,30.0228],[81.4013,30.0181],[81.3857,30.0136],[81.3837,30.0072],[81.3784,30.0065],[81.3766,30.01],[81.3699,30.011],[81.3588,30.0106],[81.3482,30.0188],[81.3335,30.0241],[81.3202,30.0257],[81.3164,30.0327],[81.308,30.0311],[81.2928,30.035],[81.2864,30.0376],[81.2831,30.0435],[81.2737,30.0453],[81.2732,30.0515],[81.2764,30.0591],[81.2803,30.0607],[81.2815,30.0661],[81.2892,30.0698],[81.2913,30.0744],[81.2877,30.0785],[81.2907,30.0833],[81.2889,30.0883],[81.291,30.0948],[81.287,30.1052],[81.29,30.1067],[81.2923,30.1126],[81.287,30.1158],[81.2843,30.123],[81.2805,30.1247],[81.2741,30.1334],[81.2644,30.1376],[81.258,30.1466],[81.2598,30.1513],[81.2748,30.1554],[81.2886,30.155],[81.2935,30.158],[81.3062,30.1596],[81.3066,30.1643],[81.3106,30.1619],[81.3113,30.1568],[81.3185,30.152],[81.3339,30.1533],[81.3359,30.1604],[81.3524,30.1781],[81.372,30.1866],[81.3763,30.1967],[81.3982,30.209],[81.397,30.2144],[81.3988,30.2186],[81.3921,30.2334],[81.3982,30.2425],[81.3938,30.2506],[81.4102,30.2611],[81.4184,30.2817],[81.417,30.2842],[81.4014,30.2816],[81.4054,30.2856],[81.4037,30.2931],[81.4121,30.2951],[81.4187,30.3026],[81.4251,30.3051],[81.4165,30.3165],[81.4077,30.316],[81.3982,30.3235],[81.4077,30.3369],[81.4043,30.3441],[81.4078,30.3532],[81.4014,30.3574],[81.4016,30.3647],[81.3971,30.3682],[81.4006,30.3712],[81.4219,30.3706],[81.4311,30.3834],[81.4225,30.3854],[81.4218,30.3892],[81.4184,30.389],[81.4137,30.3937],[81.4025,30.3963],[81.4068,30.4055],[81.4047,30.4104],[81.4084,30.414],[81.4098,30.4211],[81.4295,30.422],[81.4357,30.4129],[81.4404,30.4187],[81.4468,30.416],[81.4572,30.4069],[81.469,30.4037],[81.4775,30.3892],[81.4909,30.3814],[81.5084,30.3808],[81.5367,30.3714],[81.5485,30.3722],[81.5536,30.3699],[81.5574,30.3741],[81.5516,30.381],[81.5526,30.403],[81.555,30.4066],[81.5613,30.4075],[81.5597,30.4201],[81.5625,30.428],[81.5666,30.4299],[81.5761,30.4267],[81.5844,30.4232],[81.5911,30.4168],[81.6086,30.4122],[81.6238,30.4244],[81.6197,30.446],[81.6281,30.4459]]]}},{"type":"Feature","properties":{"province":7,"provinceName":"Sudurpaschim","pcode":"NP-7"},"geometry":{"type":"Polygon","coordinates":[[[80.6061,30.467],[80.6087,30.4672],[80.6112,30.4593],[80.6153,30.4549],[80.6268,30.4583],[80.6397,30.4464],[80.6443,30.4464],[80.6607,30.4386],[80.6701,30.4295],[80.6791,30.4256],[80.6792,30.4195],[80.6884,30.4164],[80.6921,30.4102],[80.7019,30.4091],[80.7059,30.4128],[80.7105,30.4132],[80.7196,30.4087],[80.7295,30.3984],[80.7362,30.3967],[80.7515,30.3819],[80.7528,30.3756],[80.764,30.3687],[80.7674,30.3688],[80.7788,30.358],[80.7814,30.3519],[80.789,30.3496],[80.7876,30.3416],[80.7936,30.3353],[80.8041,30.3295],[80.8055,30.3201],[80.8218,30.3186],[80.8278,30.3114],[80.8357,30.3096],[80.8492,30.3142],[80.866,30.3103],[80.8748,30.3031],[80.8758,30.2986],[80.8872,30.2963],[80.8892,30.2984],[80.9098,30.3007],[80.9114,30.2987],[80.9098,30.2937],[80.9174,30.2846],[80.9291,30.2802],[80.9334,30.2755],[80.9328,30.2727],[80.928,30.2701],[80.9284,30.2658],[80.9379,30.2594],[80.9421,30.2635],[80.9538,30.2672],[80.9847,30.2687],[80.9888,30.2656],[80.9977,30.2641],[81.0243,30.2461],[81.0358,30.2343],[81.0306,30.233],[81.0281,30.2293],[81.0275,30.2269],[81.0316,30.2244],[81.0306,30.2202],[81.0416,30.2155],[81.0469,30.2102],[81.045,30.2046],[81.036,30.2016],[81.0353,30.197],[81.0442,30.1937],[81.0456,30.1806],[81.0536,30.1788],[81.0587,30.1699],[81.0633,30.1678],[81.0659,30.1587],[81.0788,30.1551],[81.0849,30.1482],[81.0846,30.1358],[81.08,30.125],[81.0863,30.1169],[81.0862,30.1066],[81.083,30.1004],[81.1001,30.1],[81.1105,30.0862],[81.109,30.0778],[81.1027,30.0751],[81.1007,30.0648],[81.0926,30.0542],[81.1082,30.0446],[81.1131,30.0352],[81.1199,30.0342],[81.1238,30.0288],[81.1257,30.0202],[81.1352,30.016],[81.1461,30.0162],[81.1509,30.0116],[81.1654,30.0105],[81.1728,30.0145],[81.18,30.0151],[81.1858,30.0108],[81.1964,30.0228],[81.206,30.022],[81.216,30.014],[81.2192,30.0073],[81.2335,30.0077],[81.2417,30.0126],[81.247,30.0111],[81.2554,30.0197],[81.255,30.0237],[81.2392,30.0319],[81.252,30.0387],[81.2638,30.0399],[81.2657,30.0434],[81.2737,30.0453],[81.2831,30.0435],[81.2864,30.0376],[81.2928,30.035],[81.308,30.0311],[81.3164,30.0327],[81.3204,30.0256],[81.3335,30.0241],[81.3482,30.0188],[81.3588,30.0106],[81.3766,30.01],[81.3784,30.0065],[81.3837,30.0072],[81.3854,30.0133],[81.392,30.0169],[81.4013,30.0181],[81.4031,30.0228],[81.4066,30.0197],[81.4144,30.0186],[81.4231,30.0116],[81.432,30.0076],[81.442,30.007],[81.4463,30.003],[81.4563,30.0024],[81.465,29.9954],[81.4624,29.9861],[81.4718,29.9751],[81.4705,29.9637],[81.4659,29.9579],[81.4548,29.9515],[81.4546,29.949],[81.4604,29.9426],[81.4566,29.9348],[81.4614,29.9308],[81.4645,29.921],[81.4619,29.9181],[81.4634,29.9133],[81.4582,29.9012],[81.4725,29.8898],[81.4816,29.8921],[81.4945,29.8872],[81.5057,29.8928],[81.5187,29.9043],[81.5138,29.9162],[81.5186,29.9228],[81.5305,29.9242],[81.5365,29.9276],[81.544,29.9271],[81.5513,29.9232],[81.5573,29.9272],[81.5614,29.9261],[81.572,29.9335],[81.5867,29.9369],[81.5928,29.9307],[81.6045,29.9302],[81.6077,29.9371],[81.6147,29.9432],[81.6204,29.9385],[81.6284,29.9384],[81.6474,29.9482],[81.6549,29.9428],[81.6672,29.9403],[81.6725,29.9407],[81.6896,29.9491],[81.6997,29.9415],[81.6993,29.9315],[81.7115,29.9269],[81.7125,29.9145],[81.7178,29.9094],[81.7287,29.9123],[81.7352,29.9079],[81.7444,29.9073],[81.7568,29.9085],[81.7636,29.9124],[81.7712,29.9095],[81.7818,29.9111],[81.7838,29.9087],[81.7905,29.9096],[81.8014,29.9006],[81.8004,29.8965],[81.7955,29.8955],[81.7982,29.8904],[81.799,29.8788],[81.7971,29.8604],[81.7934,29.8538],[81.7959,29.8484],[81.7826,29.8393],[81.7848,29.8374],[81.7852,29.8305],[81.7846,29.8222],[81.781,29.8144],[81.7822,29.8071],[81.7755,29.7981],[81.7663,29.8018],[81.7591,29.797],[81.7548,29.7987],[81.7414,29.7922],[81.738,29.7769],[81.732,29.7692],[81.7346,29.7592],[81.7286,29.7479],[81.7288,29.7341],[81.7158,29.7223],[81.71,29.6989],[81.6989,29.6783],[81.704,29.6555],[81.7021,29.6475],[81.7054,29.6454],[81.7012,29.6419],[81.7044,29.6419],[81.7043,29.6377],[81.7113,29.6323],[81.7115,29.6271],[81.7176,29.6208],[81.7217,29.6211],[81.7221,29.6167],[81.7298,29.615],[81.7387,29.6066],[81.7756,29.6058],[81.7797,29.5997],[81.7919,29.5962],[81.7915,29.5901],[81.8004,29.5766],[81.7994,29.5521],[81.7922,29.5405],[81.7943,29.5298],[81.7875,29.5284],[81.7791,29.5173],[81.7824,29.5091],[81.771,29.5093],[81.7643,29.5053],[81.7899,29.5],[81.792,29.4935],[81.806,29.4744],[81.81,29.4563],[81.805,29.4473],[81.8069,29.4382],[81.8008,29.4291],[81.7996,29.4066],[81.7923,29.396],[81.7912,29.389],[81.7706,29.3922],[81.7683,29.3857],[81.7629,29.3866],[81.7515,29.3665],[81.752,29.3541],[81.7541,29.3518],[81.7492,29.3466],[81.7473,29.3389],[81.7415,29.3339],[81.7317,29.3352],[81.705,29.3306],[81.6957,29.3254],[81.6927,29.3205],[81.6847,29.3195],[81.6801,29.3214],[81.6718,29.3169],[81.6502,29.3211],[81.6437,29.3344],[81.6455,29.3555],[81.6413,29.3553],[81.6401,29.3615],[81.6365,29.3644],[81.6293,29.3661],[81.6274,29.3688],[81.6155,29.3707],[81.6102,29.3672],[81.5781,29.3628],[81.575,29.3607],[81.5728,29.3504],[81.5688,29.3478],[81.5628,29.3514],[81.5602,29.3579],[81.5522,29.3495],[81.55,29.3393],[81.5307,29.3261],[81.5257,29.3151],[81.5199,29.3149],[81.517,29.312],[81.5097,29.3146],[81.5018,29.2973],[81.4925,29.2906],[81.4856,29.2796],[81.4698,29.2718],[81.4794,29.264],[81.493,29.2616],[81.4965,29.2571],[81.495,29.2522],[81.497,29.2448],[81.5014,29.2388],[81.4966,29.2363],[81.4883,29.2254],[81.4875,29.2108],[81.4839,29.2005],[81.4865,29.1927],[81.4925,29.185],[81.4891,29.1729],[81.497,29.1688],[81.4971,29.1599],[81.5008,29.1517],[81.5264,29.1527],[81.5351,29.1465],[81.5371,29.1368],[81.5542,29.1285],[81.5673,29.1261],[81.5553,29.1211],[81.5385,29.1067],[81.5253,29.1042],[81.5199,29.0965],[81.5117,29.0907],[81.5024,29.0911],[81.4711,29.0781],[81.4686,29.067],[81.4611,29.0646],[81.4459,29.0537],[81.4412,29.0399],[81.4345,29.0375],[81.4273,29.0229],[81.4196,29.0213],[81.4167,29.0137],[81.4208,29.0042],[81.4191,29.0006],[81.4119,28.9969],[81.4167,28.9946],[81.4269,28.9802],[81.4243,28.969],[81.43,28.9645],[81.4327,28.9584],[81.4389,28.9566],[81.4439,28.9601],[81.4457,28.9585],[81.4462,28.9405],[81.4531,28.9389],[81.4577,28.931],[81.4682,28.9289],[81.485,28.9027],[81.4934,28.8941],[81.5022,28.8894],[81.5106,28.8899],[81.5171,28.8741],[81.5239,28.8699],[81.5336,28.8562],[81.5397,28.8423],[81.5396,28.8363],[81.5451,28.831],[81.5536,28.8158],[81.5588,28.7973],[81.5816,28.78],[81.5838,28.765],[81.582,28.7573],[81.55,28.7491],[81.5218,28.7494],[81.5368,28.761],[81.5296,28.7745],[81.5199,28.7768],[81.5172,28.7803],[81.5202,28.7957],[81.5249,28.7991],[81.524,28.8035],[81.5119,28.8092],[81.5,28.8212],[81.4923,28.8409],[81.4835,28.8427],[81.476,28.849],[81.465,28.8527],[81.4692,28.8618],[81.464,28.875],[81.4642,28.8805],[81.4687,28.8873],[81.4667,28.8936],[81.4424,28.9003],[81.4335,28.9106],[81.4263,28.9093],[81.4159,28.9141],[81.405,28.9089],[81.3961,28.9084],[81.3891,28.8998],[81.3766,28.8929],[81.3585,28.8897],[81.3441,28.8926],[81.3391,28.8993],[81.3383,28.9069],[81.3343,28.9088],[81.3259,28.908],[81.3178,28.9203],[81.3116,28.92],[81.3038,28.9257],[81.2852,28.9215],[81.2775,28.9162],[81.2736,28.9066],[81.2668,28.9024],[81.2617,28.9039],[81.2535,28.9136],[81.2474,28.9151],[81.2437,28.9146],[81.2379,28.9058],[81.2059,28.908],[81.1965,28.916],[81.1861,28.9148],[81.1705,28.9214],[81.1578,28.9331],[81.1485,28.9382],[81.1444,28.945],[81.1343,28.9487],[81.1284,28.9574],[81.1186,28.9645],[81.1072,28.966],[81.1014,28.9637],[81.0907,28.9678],[81.0661,28.9703],[81.051,28.9783],[81.043,28.9696],[81.0302,28.9632],[81.0218,28.9524],[81.0122,28.9568],[81.005,28.9571],[80.9834,28.9402],[80.983,28.9383],[80.9889,28.934],[81,28.9287],[81.0092,28.9275],[81.0229,28.9198],[81.0321,28.908],[81.0409,28.8901],[81.0471,28.8862],[81.0532,28.8768],[81.0613,28.8734],[81.0731,28.8773],[81.0756,28.8751],[81.0746,28.8648],[81.0909,28.8628],[81.1041,28.8447],[81.1097,28.8485],[81.1279,28.8517],[81.1306,28.8649],[81.1387,28.8722],[81.1451,28.873],[81.1509,28.8526],[81.1594,28.8445],[81.155,28.83],[81.1581,28.8285],[81.1671,28.8348],[81.1758,28.8349],[81.1835,28.825],[81.2053,28.8167],[81.2088,28.8203],[81.2084,28.8252],[81.1969,28.833],[81.2011,28.8465],[81.2007,28.8611],[81.204,28.8636],[81.2083,28.862],[81.2102,28.8575],[81.2072,28.8543],[81.2079,28.8503],[81.2135,28.844],[81.226,28.8388],[81.2343,28.8312],[81.2355,28.8294],[81.2312,28.8254],[81.2316,28.8167],[81.2438,28.8108],[81.2409,28.803],[81.2295,28.7988],[81.2276,28.7951],[81.2347,28.7857],[81.2495,28.7796],[81.2525,28.77],[81.249,28.7608],[81.2525,28.7549],[81.2613,28.7501],[81.2628,28.7458],[81.2578,28.7299],[81.2742,28.727],[81.2749,28.7172],[81.2682,28.7041],[81.2829,28.695],[81.2892,28.6634],[81.2887,28.6466],[81.2837,28.6392],[81.2728,28.6301],[81.2705,28.6177],[81.2623,28.6131],[81.2507,28.5943],[81.226,28.5708],[81.1997,28.553],[81.1698,28.5241],[81.1619,28.5013],[81.1545,28.5018],[81.1472,28.4962],[81.1489,28.4957],[81.1404,28.4914],[81.1317,28.4821],[81.1165,28.4725],[81.1107,28.4613],[81.0963,28.4597],[81.0923,28.4568],[81.0876,28.4383],[81.0703,28.4257],[81.0613,28.4098],[81.0611,28.4074],[81.0688,28.3995],[81.0691,28.3944],[81.0477,28.4099],[81.0366,28.4133],[81.0341,28.3987],[81.024,28.4089],[81.0185,28.4157],[81.0355,28.4279],[81.0313,28.4385],[81.021,28.4316],[81.0147,28.4382],[81.0192,28.4516],[81.0015,28.4539],[80.9909,28.4416],[80.9796,28.4424],[80.9809,28.4343],[80.967,28.4377],[80.9698,28.4428],[80.9666,28.4447],[80.9816,28.4552],[80.9688,28.4569],[80.9657,28.4494],[80.9536,28.4474],[80.9535,28.4554],[80.9465,28.4547],[80.934,28.4585],[80.947,28.4661],[80.9443,28.4684],[80.9341,28.463],[80.9324,28.4576],[80.9193,28.4597],[80.9213,28.4637],[80.9162,28.4677],[80.9174,28.4576],[80.9074,28.4657],[80.9035,28.4834],[80.9032,28.4858],[80.9087,28.4896],[80.9103,28.4975],[80.9015,28.5004],[80.8978,28.5056],[80.8776,28.5097],[80.8633,28.5041],[80.8673,28.4895],[80.857,28.497],[80.8462,28.4953],[80.8453,28.4997],[80.8317,28.5117],[80.8172,28.5206],[80.8015,28.5211],[80.7907,28.5243],[80.7863,28.5292],[80.7912,28.5433],[80.7712,28.5496],[80.7697,28.5656],[80.7401,28.5742],[80.7405,28.5658],[80.7264,28.5747],[80.7163,28.5678],[80.7056,28.5787],[80.692,28.587],[80.6973,28.6034],[80.6791,28.6043],[80.6813,28.6204],[80.6727,28.6279],[80.6693,28.6418],[80.6529,28.6339],[80.6432,28.6432],[80.635,28.6373],[80.6133,28.6392],[80.6079,28.6523],[80.5914,28.6477],[80.5993,28.6559],[80.5819,28.6612],[80.5921,28.6797],[80.5704,28.6879],[80.5518,28.6915],[80.5415,28.6906],[80.5078,28.6709],[80.5052,28.6652],[80.5233,28.5768],[80.5273,28.5732],[80.5317,28.5748],[80.5324,28.5722],[80.5246,28.5529],[80.5216,28.5542],[80.5193,28.5518],[80.5085,28.5677],[80.5015,28.5696],[80.4828,28.5853],[80.4699,28.5833],[80.4727,28.5845],[80.4735,28.5897],[80.462,28.6137],[80.466,28.6149],[80.4614,28.6173],[80.4634,28.6186],[80.4622,28.6216],[80.4533,28.6286],[80.4443,28.6284],[80.4394,28.6353],[80.4201,28.639],[80.378,28.6283],[80.373,28.6291],[80.3693,28.6352],[80.3624,28.6355],[80.3589,28.6406],[80.3621,28.6453],[80.3276,28.6663],[80.3229,28.6812],[80.3236,28.6914],[80.319,28.6998],[80.3006,28.7064],[80.2953,28.7113],[80.278,28.7105],[80.2579,28.7293],[80.2647,28.7342],[80.2668,28.7435],[80.2629,28.75],[80.2528,28.7576],[80.2432,28.7561],[80.2358,28.7593],[80.2177,28.7553],[80.1726,28.7823],[80.1401,28.8138],[80.1198,28.8288],[80.0767,28.8243],[80.0664,28.8373],[80.0601,28.9164],[80.0977,28.9753],[80.1019,28.9864],[80.1196,28.9816],[80.1285,29.006],[80.1373,29.0073],[80.138,29.0096],[80.1262,29.013],[80.133,29.0304],[80.1281,29.0317],[80.1382,29.0589],[80.1302,29.061],[80.1463,29.1034],[80.1656,29.1169],[80.1695,29.1257],[80.1798,29.1285],[80.1851,29.1371],[80.2051,29.1293],[80.2114,29.1218],[80.235,29.1184],[80.25,29.1285],[80.2569,29.1387],[80.2737,29.1424],[80.2735,29.1467],[80.26,29.1658],[80.2623,29.175],[80.2596,29.1873],[80.2425,29.2024],[80.25,29.221],[80.2571,29.2201],[80.2625,29.2067],[80.2774,29.2067],[80.2889,29.1952],[80.2948,29.1971],[80.299,29.2051],[80.2957,29.2112],[80.2978,29.2211],[80.2924,29.2319],[80.302,29.2419],[80.301,29.2622],[80.3057,29.2728],[80.306,29.2853],[80.3196,29.3016],[80.3186,29.3148],[80.3101,29.3228],[80.2979,29.3242],[80.2926,29.3307],[80.2922,29.3367],[80.2818,29.3462],[80.281,29.3594],[80.2728,29.3645],[80.273,29.3737],[80.2806,29.3785],[80.2746,29.3862],[80.2763,29.393],[80.2496,29.4063],[80.2433,29.4116],[80.2475,29.4157],[80.2457,29.424],[80.2492,29.4347],[80.2446,29.4438],[80.2469,29.4465],[80.2573,29.448],[80.2598,29.4518],[80.2686,29.4485],[80.2715,29.4507],[80.276,29.4495],[80.2761,29.4522],[80.2709,29.455],[80.2771,29.4584],[80.2822,29.4576],[80.2822,29.4509],[80.2896,29.45],[80.2961,29.4538],[80.2993,29.4508],[80.3042,29.4531],[80.2897,29.472],[80.2883,29.4769],[80.2947,29.4789],[80.2982,29.484],[80.2977,29.4881],[80.3008,29.4906],[80.3062,29.486],[80.3148,29.4845],[80.3159,29.4994],[80.3304,29.5053],[80.334,29.5129],[80.3432,29.5101],[80.3513,29.5189],[80.3502,29.5241],[80.3572,29.5278],[80.3597,29.5325],[80.3503,29.5405],[80.3435,29.5403],[80.3474,29.5486],[80.3444,29.5529],[80.3657,29.5566],[80.3653,29.5641],[80.3805,29.5613],[80.3808,29.5715],[80.39,29.572],[80.3931,29.5816],[80.4095,29.5949],[80.4108,29.6033],[80.4074,29.6128],[80.4124,29.625],[80.4203,29.6266],[80.4227,29.6298],[80.422,29.6389],[80.4157,29.6443],[80.4182,29.6505],[80.4162,29.654],[80.4116,29.6538],[80.4078,29.6599],[80.3998,29.6588],[80.4007,29.6624],[80.3922,29.6645],[80.3918,29.6711],[80.3862,29.6744],[80.385,29.6795],[80.387,29.6851],[80.3821,29.6886],[80.3816,29.701],[80.3788,29.7025],[80.3737,29.7153],[80.3771,29.7203],[80.3697,29.7219],[80.3678,29.7248],[80.3681,29.7306],[80.3714,29.7344],[80.3658,29.7401],[80.3675,29.7478],[80.3704,29.751],[80.3735,29.7492],[80.3875,29.7504],[80.3879,29.7593],[80.3984,29.7585],[80.3979,29.7644],[80.4013,29.7733],[80.406,29.7777],[80.4056,29.7822],[80.4089,29.7843],[80.4086,29.7945],[80.4145,29.7918],[80.4177,29.7957],[80.4292,29.7975],[80.4361,29.8059],[80.4459,29.7991],[80.4564,29.8025],[80.4657,29.8023],[80.4813,29.7957],[80.4951,29.7955],[80.4944,29.802],[80.502,29.8087],[80.4991,29.8116],[80.509,29.8231],[80.5235,29.827],[80.5255,29.8321],[80.5299,29.8335],[80.5333,29.8385],[80.5376,29.8387],[80.5406,29.8472],[80.5455,29.8463],[80.5547,29.8508],[80.5535,29.857],[80.5565,29.8621],[80.5633,29.8664],[80.5586,29.8706],[80.5677,29.8792],[80.5744,29.8953],[80.5714,29.909],[80.576,29.9235],[80.5831,29.9363],[80.5971,29.9531],[80.6053,29.9588],[80.6316,29.9652],[80.6397,29.9629],[80.6503,29.9559],[80.6585,29.9552],[80.6797,29.9589],[80.6923,29.9747],[80.7141,29.9902],[80.7211,30.0002],[80.7398,29.9995],[80.75,30.0072],[80.7593,30.0239],[80.7574,30.0396],[80.7627,30.0491],[80.7812,30.0567],[80.7916,30.0731],[80.8012,30.0809],[80.8075,30.0897],[80.8157,30.093],[80.8172,30.0964],[80.8235,30.0998],[80.828,30.1001],[80.8313,30.0972],[80.8425,30.0994],[80.8476,30.1044],[80.8436,30.1104],[80.8467,30.1161],[80.8643,30.1209],[80.8797,30.1292],[80.8803,30.133],[80.8727,30.1533],[80.8729,30.1613],[80.8416,30.1932],[80.8342,30.2053],[80.8292,30.208],[80.821,30.224],[80.8138,30.2261],[80.7967,30.2391],[80.7903,30.2467],[80.7832,30.2617],[80.7688,30.2777],[80.7635,30.2789],[80.7621,30.2954],[80.7576,30.3062],[80.7381,30.3084],[80.7348,30.3171],[80.7194,30.3253],[80.7169,30.3291],[80.7025,30.3344],[80.687,30.3328],[80.6687,30.343],[80.6612,30.3536],[80.6559,30.3789],[80.6405,30.3887],[80.6345,30.4043],[80.6288,30.4092],[80.6304,30.417],[80.6249,30.4215],[80.624,30.4315],[80.6134,30.4442],[80.6036,30.4476],[80.5946,30.4477],[80.5697,30.4412],[80.5543,30.4266],[80.551,30.43],[80.5482,30.4372],[80.5496,30.4433],[80.5617,30.4501],[80.567,30.4556],[80.5673,30.4594],[80.5775,30.4599],[80.5856,30.4643],[80.5983,30.4635],[80.6009,30.4671],[80.6061,30.467]]]}}]}